Kata Tidak Baku;Kata Baku
gk;tidak
ga;tidak
gak;tidak
nggak;tidak
enggak;tidak
kagak;tidak
kgk;tidak
tdk;tidak
tak;tidak
bkn;bukan
bukn;bukan
dr;dari
dri;dari
sm;sama
sma;sama
ama;sama
sy;saya
gw;saya
gue;saya
gua;saya
ane;saya
akuh;saya
aq;saya
ak;saya
sya;saya
km;kamu
kmu;kamu
loe;kamu
lu;kamu
elu;kamu
ente;kamu
u;kamu
qmu;kamu
dy;dia
diaa;dia
doi;dia
beliauu;beliau
mrk;mereka
mreka;mereka
kalian2;kalian
org;orang
orng;orang
org2;orang-orang
bgt;banget
bgtt;banget
bangettt;banget
bnr;benar
bner;benar
bnrn;benar
btul;betul
yg;yang
ygk;yang
ygmn;bagaimana
gmn;bagaimana
gmnnih;bagaimana
gmna;bagaimana
bgmn;bagaimana
knp;kenapa
kenp;kenapa
knpa;kenapa
krn;karena
karna;karena
krna;karena
sdh;sudah
udh;sudah
uda;sudah
udhh;sudah
blm;belum
lom;belum
belom;belum
blom;belum
trs;terus
trs2an;terus-terusan
truz;terus
aja;saja
aj;saja
ajh;saja
doang;saja
tok;saja
cuma;hanya
cm;hanya
cmn;hanya
hny;hanya
tp;tetapi
tpi;tetapi
tapii;tetapi
btw;ngomong-ngomong
jd;jadi
jdnya;jadinya
jdi;jadi
jdh;jadi
krg;kurang
kurng;kurang
sdkt;sedikit
dkit;sedikit
skit;sedikit
bsk;besok
bsok;besok
kemrn;kemarin
kmrn;kemarin
skrg;sekarang
skrng;sekarang
sekrg;sekarang
ntar;nanti
entar;nanti
nti;nanti
ntr;nanti
mlm;malam
pgi;pagi
siank;siang
soree;sore
dlu;dulu
dlu;dulu
dl;dulu
trsny;terusnya
plg;pulang
brgkt;berangkat
smpe;sampai
ampe;sampai
sampe;sampai
nyampe;sampai
dpt;dapat
dapet;dapat
dpet;dapat
ptg;penting
pntg;penting
msh;masih
masi;masih
mshh;masih
udhah;sudah
bsa;bisa
bisaa;bisa
isa;bisa
gbs;tidak bisa
gabisa;tidak bisa
gkbs;tidak bisa
mauu;mau
mo;mau
mw;mau
pgn;ingin
pngn;ingin
kepgn;ingin
syg;sayang
sayank;sayang
cintaa;cinta
ksh;kasih
mksh;terima kasih
makasih;terima kasih
makasi;terima kasih
thx;terima kasih
tq;terima kasih
ty;terima kasih
sory;maaf
sorry;maaf
maf;maaf
maap;maaf
mff;maaf
pls;tolong
plis;tolong
tololll;tolol
anj;anjing
anjg;anjing
anjir;anjing
anjay;anjing
anjim;anjing
bgst;bangsat
bgsd;bangsat
bangke;bangkai
kampretz;kampret
sialanx;sialan
wtf;apa ini
lol;tertawa
wkwk;tertawa
wkwkwk;tertawa
wkwwk;tertawa
hehe;tertawa
xixi;tertawa
awokwok;tertawa
kwkw;tertawa
hahaha;tertawa
btw;ngomong-ngomong
otw;sedang dalam perjalanan
cmiiw;koreksi jika saya salah
imo;menurut saya
imho;menurut saya
fyi;untuk informasi
asap;sesegera mungkin
rip;beristirahat dalam damai
idk;saya tidak tahu
idc;saya tidak peduli
ikr;saya juga berpikir demikian
tbh;sejujurnya
afaik;setahu saya
omg;ya Tuhan
lmao;tertawa terbahak-bahak
brb;segera kembali
afk;tidak berada di depan perangkat
dm;pesan langsung
pm;pesan pribadi
ss;tangkapan layar
pc;percakapan pribadi
vc;panggilan video
gc;grup percakapan
pmn;permainan
mabar;main bersama
mbois;keren
mantul;mantap betul
mantapjiwa;mantap
kuy;ayo
yuks;ayo
cus;ayo
gas;ayo
gass;ayo
gaskan;mulai
hayuk;ayo
skuy;ayo
letsgo;ayo
ayok;ayo
yuklah;ayo
mager;malas bergerak
gabut;tidak ada kegiatan
gabutz;tidak ada kegiatan
gabisaa;tidak bisa
gabener;tidak benar
julid;iri hati
julit;suka mencela
nyinyir;suka mencela
halu;berkhayal
halusinasi;berkhayal
bucin;budak cinta
sobatmisqueen;orang kurang mampu
miskinclub;orang kurang mampu
sultan;orang kaya
crazyrich;orang kaya
cogan;cowok tampan
cecan;cewek cantik
cewek;perempuan
cowok;laki-laki
cwk;cewek
cwk;cowok
doiii;dia
bestie;sahabat
besti;sahabat
besty;sahabat
sob;sahabat
sobat;teman
bro;saudara
broh;saudara
sis;saudari
gan;juragan
agan;juragan
jurig;hantu
mimin;admin
min;admin
momod;moderator
mod;moderator
netijen;warganet
netizen;warganet
warganettt;warganet
nitip;menitipkan
nitipsendal;mengikuti diskusi
kepo;ingin tahu
kepoan;terlalu ingin tahu
stalking;mengamati
ngepoin;mencari tahu
ngerumpi;bergosip
gosipin;membicarakan
spill;bagikan informasi
spilldong;bagikan informasi
spilll;bagikan informasi
flexing;pamer
pansos;panjat sosial
sokap;sok akrab
soktau;sok tahu
sotoy;sok tahu
songong;sombong
jumawa;sombong
lebay;berlebihan
alay;norak
norakkk;norak
receh;lucu sederhana
lawak;lucu
ngakak;tertawa
ketawa;tertawa
cekikikan;tertawa
pecah;sangat lucu
pecahbanget;sangat lucu
gemoy;menggemaskan
gemes;gemas
gemayy;menggemaskan
uwu;menggemaskan
rawrr;menggemaskan
imutz;imut
imuttt;imut
lucuu;lucu
lucuk;lucu
cantikk;cantik
gantengg;ganteng
kereenn;keren
kereeenn;keren
mantapp;mantap
mantaaap;mantap
sippp;baik
okeh;baik
okey;baik
okee;baik
okedeh;baik
oksip;baik
siplah;baik
sipdeh;baik
cihuy;senang
asyik;menyenangkan
asik;menyenangkan
asique;menyenangkan
seruuy;menyenangkan
yahh;ya
iyah;ya
iyaa;ya
iyes;ya
yoi;ya
yoi;ya
yup;ya
yaps;ya
betulll;betul
betull;betul
siapp;siap
siappp;siap
siapbos;siap
siapgan;siap
amanah;aman
amanin;amankan
amanbro;aman
beresin;selesaikan
beres;selesai
kelar;selesai
kelarr;selesai
selow;santai
slow;santai
santuy;santai
sans;santai
nyantai;bersantai
rebahan;berbaring
rebahanterus;berbaring
nongki;berkumpul
nongkrong;berkumpul
ngopi;minum kopi
ngemil;makan camilan
mukbang;siaran makan
healing;menenangkan diri
staycation;berlibur singkat
travelling;bepergian
trip;perjalanan
cabs;pergi
cabut;pergi
otwyy;sedang dalam perjalanan
cuslah;ayo pergi
ngacir;lari
kaburrr;kabur
meluncur;berangkat
gaskeun;mulai
jom;ayo
monggo;silakan
monggoh;silakan
silahkeun;silakan
punten;permisi
maturtengkyu;terima kasih
thxbro;terima kasih
makacih;terima kasih
tenkyu;terima kasih
tengkyu;terima kasih
terimakacih;terima kasih
syap;siap
sap;siap
yuuk;ayo
yuuks;ayo
ayoook;ayo
cuskeun;ayo pergi
gaspol;mulai sepenuhnya
gokil;luar biasa
gilak;luar biasa
gilsss;luar biasa
edan;luar biasa
edun;luar biasa
epic;luar biasa
legend;legendaris
legit;asli
valid;benar
real;nyata
ril;minimalisasi: nyata
relate;berhubungan
relatable;mudah dipahami
deep;mendalam
mindblowing;menakjubkan
mindset;pola pikir
cringe;memalukan
awkward;canggung
random;acak
worthit;sepadan
worthitbanget;sangat sepadan
unfaedah;tidak bermanfaat
fyp;halaman rekomendasi
fypdong;masuk halaman rekomendasi
fypp;halaman rekomendasi
viral;terkenal luas
viralbanget;sangat viral
trending;sedang populer
trendingtopik;topik populer
up;naikkan
upin;naikkan
updong;naikkan
bump;naikkan
repost;unggah ulang
reupload;unggah ulang
retweet;bagikan ulang
retwit;bagikan ulang
rt;bagikan ulang
qrt;kutip unggahan
thread;utas
trit;utas
captionn;keterangan
capt;keterangan
feed;beranda
instastory;cerita Instagram
story;cerita
sw;status WhatsApp
snap;foto singkat
snapgram;cerita Instagram
live;siaran langsung
livenya;siaran langsung
streaming;siaran
stream;siaran
podcast;siniar
podkes;siniar
konten;isi
content;isi
creator;pembuat konten
influencer;pemengaruh
selebgram;selebritas Instagram
youtuber;pembuat video YouTube
streamer;penyiar daring
subscriber;pelanggan
subs;pelanggan
follback;ikuti balik
folbek;ikuti balik
fb;ikuti balik
followers;pengikut
follower;pengikut
fol;pengikut
unfol;berhenti mengikuti
unfollow;berhenti mengikuti
like;suka
likes;suka
liked;disukai
dislike;tidak suka
komen;komentar
komennya;komentar
comen;komentar
comment;komentar
share;bagikan
sharing;berbagi
save;simpan
saved;disimpan
bookmark;penanda
notif;notifikasi
notifnya;notifikasi
notifin;beri tahu
mute;bisukan
unmute;aktifkan suara
block;blokir
blok;blokir
unblock;buka blokir
report;laporkan
reported;dilaporkan
spam;pesan sampah
spammm;pesan sampah
scam;penipuan
scammer;penipu
hoax;berita bohong
hoaks;berita bohong
fake;palsu
fakeacc;akun palsu
akunbodong;akun palsu
alter;akun alternatif
secondacc;akun kedua
backupacc;akun cadangan
adminn;admin
mince;admin
minceu;admin
miminya;admin
adminnya;admin
login;masuk
logout;keluar
signout;keluar
signin;masuk
register;daftar
signup;mendaftar
link;tautan
linknya;tautan
url;alamat tautan
bio;biografi singkat
linkbio;tautan profil
cekbio;periksa profil
cekidot;lihat
cekrek;memotret
selfie;swafoto
wefie;foto bersama
photobox;bilik foto
fotbar;foto bersama
pap;kirim foto
papdong;kirim foto
papnow;kirim foto sekarang
paptt;kirim foto
cam;kamera
camon;nyalakan kamera
camoff;kamera mati
camup;kamera aktif
micon;mikrofon aktif
micoff;mikrofon mati
unmuteya;aktifkan suara
zoom;rapat daring
gmeet;Google Meet
meet;rapat
meeting;rapat
miting;rapat
webinar;seminar daring
seminaronline;seminar daring
kelasonline;kelas daring
daring;dalam jaringan
luring;luar jaringan
offline;luar jaringan
online;dalam jaringan
onlen;dalam jaringan
oncam;kamera aktif
jamet;Jawa metal
jamett;Jawa metal
jametkuproy;Jawa metal kuproy
kuproy;kuli proyek
mendangmending;membandingkan
hedon;hidup berlebihan
bokek;tidak punya uang
kere;miskin
kismin;miskin
kantongkering;tidak punya uang
boncos;rugi
zonk;gagal
apes;sial
sialll;sial
tekor;rugi
cuan;untung
cuanki;bukan cuan (makanan)
untunggg;untung
profit;keuntungan
loss;kerugian
minus;kekurangan
nombok;menambah biaya
modalin;memberi modal
patungan;berbagi biaya
traktir;membayari
nraktir;membayari
bayarin;membayari
bayarinn;membayari
tf;transfer
trf;transfer
transferan;transfer
rek;rekening
rekeningnya;rekening
ewallet;dompet digital
gopay;dompet digital
ovo;dompet digital
dana;dompet digital
shopeepay;dompet digital
qris;kode pembayaran
cod;bayar di tempat
checkout;selesaikan pembelian
co;selesaikan pembelian
keranjangkuning;tautan produk
diskon;potongan harga
diskonnya;potongan harga
promo;promosi
cashback;uang kembali
voucher;kupon
gratisongkir;gratis ongkos kirim
ongkir;ongkos kirim
resi;nomor pengiriman
kurir;pengantar
paket;barang kiriman
paketan;barang kiriman
unboxing;membuka kemasan
review;ulasan
riviu;ulasan
testimoni;kesaksian
rating;penilaian
bintang5;penilaian terbaik
wishlist;daftar keinginan
wishlistku;daftar keinginan
preorder;pesan terlebih dahulu
po;pesan terlebih dahulu
ready;tersedia
readystock;stok tersedia
restock;isi ulang stok
soldout;habis terjual
habisbanget;habis
limited;terbatas
limitededition;edisi terbatas
ori;asli
original;asli
kw;tiruan
kwsuper;tiruan berkualitas tinggi
gradeori;mendekati asli
murce;murah sekali
murmer;murah meriah
murahbanget;sangat murah
mahalbanget;sangat mahal
worth;layak
worthbanget;sangat layak
overprice;terlalu mahal
murahmeriah;murah meriah
borong;membeli banyak
borongan;pembelian banyak
lapak;tempat berjualan
lapaknya;tempat berjualan
seller;penjual
reseller;penjual kembali
dropshipper;penjual tanpa stok
buyer;pembeli
cust;pelanggan
customer;pelanggan
pelanggansetia;pelanggan tetap
thanksorder;terima kasih atas pesanan
orderan;pesanan
ordernya;pesanan
cancel;batalkan
cancelled;dibatalkan
refund;pengembalian dana
retur;pengembalian barang
komplen;keluhan
complaint;keluhan
cs;layanan pelanggan
helpdesk;pusat bantuan
help;tolong
tolongin;tolong
pliss;tolong
plisbanget;tolong
urgent;mendesak
urgenth;mendesak
asliii;sungguh
jujurly;jujur
jujuraja;sejujurnya
seriusan;serius
seriuss;serius
fix;pasti
fixx;pasti
fixbanget;sangat pasti
fixsih;pasti
yakinnih;yakin
yakeen;yakin
sumpah;bersungguh-sungguh
demiapa;benarkah
demigod;sungguh
demi;sungguh
astaga;terkejut
yaampun;ya ampun
ampunnn;ampun
buset;terkejut
busett;terkejut
beuh;terkejut
bejir;terkejut
bjir;terkejut
beuhh;terkejut
weh;wah
woilah;wah
wih;wah
wihh;wah
wahhh;wah
anjass;luar biasa
anjrot;terkejut
astagfirullah;astagfirullah
masyaallah;masyaallah
subhanallah;subhanallah
alhamdulillah;alhamdulillah
insyaallah;insyaallah
aamiin;amin
amiin;amin
aminnn;amin
yaallah;ya Allah
allahumma;ya Allah
doain;doakan
mohondoa;memohon doa
barakallah;semoga diberkahi
jazakallah;semoga Allah membalas kebaikan
tabarakallah;Maha Berkah Allah
ukhti;saudari
akhi;saudara
ikhwan;saudara
akhwat;saudari
ana;saya
antum;anda
enteh;anda
entek;anda
afwan;maaf
syukron;terima kasih
na'am;ya
naam;ya
afkbro;tidak berada di depan perangkat
btwbro;ngomong-ngomong
brodie;saudara
broski;saudara
sisca;saudari
bestfriend;sahabat
homie;teman
bestfriendku;sahabat
bestiebanget;sahabat
squad;kelompok
geng;kelompok
circle;lingkaran pertemanan
innercircle;lingkaran terdekat
partner;rekan
partnerincrime;teman dekat
teammate;rekan satu tim
timku;tim saya
nongss;berkumpul
ngab;abang
bang;abang
bangett;banget
mba;mbak
mbakkk;mbak
masbro;mas
maszeh;mas
pakbos;bapak
bukbos;ibu
buk;ibu
pakdhe;paman
budhe;bibi
om;paman
tante;bibi
sepuh;orang yang dihormati
sesepuh;orang yang dituakan
suhu;ahli
master;ahli
mastah;ahli
proplayer;pemain profesional
newbie;pemula
nub;pemula
noob;pemula
pro;mahir
proo;mahir
gg;hebat
ggwp;permainan yang bagus
ez;mudah
ezzz;mudah
afk;tidak berada di depan perangkat
lag;keterlambatan
nge-lag;mengalami keterlambatan
dc;terputus
disconnect;terputus
pinggede;latensi tinggi
bug;kesalahan sistem
glitch;gangguan sistem
cheat;curang
hacker;peretas
ngehack;meretas
ban;larangan akses
banned;dilarang
unban;membuka larangan
reportin;laporkan
pushrank;menaikkan peringkat
rank;peringkat
ranked;peringkat
mvp;pemain terbaik
carry;membawa kemenangan
feedterus;terus kalah
ngetroll;mengganggu permainan
toxic;berperilaku buruk
toxicbanget;sangat buruk
bacot;banyak bicara
bacott;banyak bicara
caper;cari perhatian
caperr;cari perhatian
modus;memiliki maksud tertentu
modusin;mendekati dengan maksud tertentu
gombal;rayuan
gombalin;merayu
pdkt;pendekatan
pdktan;pendekatan
php;pemberi harapan palsu
friendzone;hubungan pertemanan
moveon;melupakan masa lalu
moveonn;melupakan masa lalu
balikan;kembali menjalin hubungan
putus;berpisah
putusin;mengakhiri hubungan
selingkuh;tidak setia
pelakor;perebut laki-laki orang
pebinor;perebut bini orang
baper;terbawa perasaan
baperan;mudah terbawa perasaan
salting;salah tingkah
salfok;salah fokus
salfokkk;salah fokus
geer;terlalu percaya diri
geje;tidak jelas
gaje;tidak jelas
gajebo;tidak jelas
jayus;tidak lucu
jayuzz;tidak lucu
krik;sunyi
krikk;sunyi
krikkrik;sunyi
auto;langsung
automasi;otomatis
autojago;langsung mahir
autokaya;langsung kaya
autocuan;langsung untung
autoheal;langsung pulih
autowin;langsung menang
autolike;suka otomatis
autofollow;ikuti otomatis
autoapprove;langsung disetujui
autoreject;langsung ditolak
autololos;langsung lolos
miminbaik;admin baik
mageran;malas bergerak
gabuters;tidak ada kegiatan
halubanget;sangat berkhayal
haludeck;berkhayal
julidbanget;sangat iri hati
juliders;orang yang suka mencela
bucinmax;sangat bucin
bucinakut;budak cinta
sadboy;pria sedih
sadgirl;wanita sedih
sadboi;pria sedih
sad;sedih
happyyy;bahagia
happy;bahagia
hepi;bahagia
seneng;senang
senengg;senang
senenk;senang
sedihhh;sedih
kecewaa;kecewa
kesell;kesal
keselbanget;sangat kesal
marahhh;marah
emosi;marah
emosian;mudah marah
ngamuk;marah
ngeselin;menjengkelkan
nyebelin;menjengkelkan
nyesek;sesak
sesekk;sesak
patahati;patah hati
galau;bingung
galaubrutal;sangat galau
galers;orang galau
overthinking;berpikir berlebihan
ovt;berpikir berlebihan
ovthink;berpikir berlebihan
burnout;kelelahan mental
burnedout;kelelahan mental
mentalbreakdown;gangguan emosi
hectic;sibuk
sibukkk;sibuk
busy;sibuk
workaholic;gila kerja
ngerjain;mengerjakan
ngerja;mengerjakan
ngerapiin;merapikan
berantakan;tidak rapi
acakadut;berantakan
ambyar;hancur
amburadul;berantakan
hancurlebur;hancur
ancur;hancur
ambyarrr;hancur
keos;kacau
chaos;kacau
chaotic;kacau
rusuh;kacau
ricuh;kacau
damaiii;damai
tentrem;tenang
ayem;tenang
kalem;tenang
kalemm;tenang
cool;tenang
coolbanget;sangat tenang
adem;sejuk
ademayem;tenang
adembanget;sangat sejuk
hausvalidasi;ingin pengakuan
validasii;pengakuan
insecure;tidak percaya diri
insekyur;tidak percaya diri
insecure;tidak percaya diri
percaya-dirilebih;percaya diri
pd;percaya diri
minder;kurang percaya diri
minderr;kurang percaya diri
pemalu;malu
maluu;malu
malubanget;sangat malu
salahtingkah;salah tingkah
grogi;gugup
grogian;mudah gugup
degdegan;berdebar
deg2an;berdebar
degdegser;berdebar
degdegan;berdebar
nervous;gugup
panik;cemas
panikk;cemas
cemass;cemas
cemungut;semangat
semangatt;semangat
semangattt;semangat
spirit;semangat
keepstrong;tetap kuat
staystrong;tetap kuat
youcandoit;kamu bisa
goodluck;semoga berhasil
glhf;semoga beruntung dan bersenang-senang
congrats;selamat
congratss;selamat
selamatt;selamat
hbd;selamat ulang tahun
hbdd;selamat ulang tahun
happybirthday;selamat ulang tahun
metultah;selamat ulang tahun
metanniv;selamat hari jadi
anniv;hari jadi
anniversary;hari jadi
ultah;ulang tahun
ulangtaon;ulang tahun
ultahh;ulang tahun
metpagi;selamat pagi
metsiang;selamat siang
metsore;selamat sore
metmalam;selamat malam
selamatsiang;selamat siang
slmt;selamat
slmtt;selamat
slamet;selamat
mettidur;selamat tidur
bobok;tidur
bobokcantik;tidur
boboksiang;tidur siang
bobo;tidur
tidurrr;tidur
ngantuk;mengantuk
ngantuq;mengantuk
ngantukk;mengantuk
begadang;tidak tidur
begadanggg;tidak tidur
begadangers;orang yang begadang
melek;terjaga
merem;menutup mata
meremmelek;setengah sadar
melekterus;tetap terjaga
ngopiulu;minum kopi dahulu
kopdar;bertemu langsung
kopiitem;kopi hitam
kopsus;kopi susu
kopken;kopi
ngafe;pergi ke kafe
cafee;kafe
nongkidulu;berkumpul dahulu
nongskuy;ayo berkumpul
hangout;berkumpul
jalanjalan;berjalan-jalan
jalanjalan;berjalan-jalan
travell;bepergian
piknik;berwisata
liburann;liburan
vacay;liburan
vacation;liburan
holiday;liburan
staysafe;tetap aman
jagakesehatan;menjaga kesehatan
gws;lekas sembuh
getwellsoon;lekas sembuh
lekassembuh;lekas sembuh
sakittt;sakit
tepar;terbaring lemah
drop;menurun
dropbanget;sangat menurun
tumbang;jatuh sakit
kolaps;pingsan
pingsann;pingsan
sembuhh;sembuh
warbyasah;luar biasa
warbiasak;luar biasa
mantab;mantap
mantabb;mantap
mantuljiwa;mantap
jos;bagus
josgandos;sangat bagus
maknyus;sangat enak
maknyuss;sangat enak
cihui;senang
cakep;bagus
cakepp;bagus
kece;keren
kecee;keren
kecebaday;sangat keren
keceabis;sangat keren
epicbanget;sangat luar biasa
kerenabis;sangat keren
topmarkotop;sangat bagus
ajib;bagus
ajibb;bagus
cadas;hebat
mantapjiwaa;mantap
josss;bagus
sangar;hebat
sangarrr;hebat
ggparah;sangat hebat
dewa;sangat ahli
dewadewa;sangat ahli
saktii;sakti
sultanbanget;sangat kaya
tajir;kaya
tajirr;kaya
tajirmelintir;sangat kaya
borju;borjuis
crazyrichindonesia;orang kaya
sultanakbar;orang kaya
hartakhtata;harta, tahta, cinta
orangberduit;orang kaya
berkecukupan;cukup
mepet;hampir habis
seret;sulit
kantongtipis;sedikit uang
dompetmenangis;tidak punya uang
kerehore;miskin
ngeluh;mengeluh
ngeluhterus;sering mengeluh
ngedumel;mengomel
ngomel;memarahi
ngedumell;mengomel
curhat;mencurahkan isi hati
curcol;curhat colongan
curhatt;mencurahkan isi hati
ceritadong;ceritakan
cercol;bercerita
sharingtime;berbagi cerita
spilltea;bagikan informasi
tehpanas;gosip
gosiphangat;gosip terbaru
drama;perselisihan
drakor;drama Korea
kdrama;drama Korea
kpop;musik pop Korea
kpopers;penggemar K-Pop
army;penggemar BTS
blink;penggemar BLACKPINK
once;penggemar TWICE
nctzen;penggemar NCT
fandom;komunitas penggemar
bias;idola favorit
biaswrecker;penggoyah idola favorit
stan;mengidolakan
fangirling;menggemari
fanboy;penggemar pria
fanbase;komunitas penggemar
otwnikah;menuju pernikahan
nikahmuda;menikah muda
halal;sah
halalin;menikahi
jodoh;pasangan
jodohku;pasangan saya
gebetan;orang yang disukai
gebet;mendekati
doiii;dia
sidoi;dia
mantan;bekas pasangan
mantulmantan;mantan
mantanku;bekas pasangan
clbk;cinta lama bersemi kembali
pdktin;mendekati
naksir;menyukai
naksirr;menyukai
nembak;menyatakan cinta
ditolak;tidak diterima
ditikung;direbut
jadian;berpacaran
taken;memiliki pasangan
single;sendiri
singel;sendiri
jombs;jomblo
jomlo;jomblo
jombloakut;jomblo
jones;jomblo ngenes
jojoba;jomblo-jomblo bahagia
malming;malam minggu
malmingan;menghabiskan malam minggu
maljum;malam Jumat
satnight;malam minggu
pejuanghalal;orang yang mencari pasangan halal
pejuangsubuh;orang yang rajin salat subuh
santetonline;penipuan daring
pinjol;pinjaman online
judol;judi online
slot;permainan judi
gacor;berhasil
maxwin;kemenangan maksimal
withdraw;penarikan dana
wd;penarikan dana
depo;deposit
deposit;setoran
cuanbesar;keuntungan besar
boncosparah;kerugian besar
rungkad;jatuh
rungkadentek;jatuh total
sakau;ketagihan
fly;melayang
ngefly;melayang
ngeblank;kosong pikiran
blank;kosong
hang;macet
error;kesalahan
eror;kesalahan
erorr;kesalahan
lemot;lambat
lemott;lambat
loadinglama;memuat lama
buffering;penyanggaan
buffer;penyanggaan
restart;mulai ulang
reboot;mulai ulang
shutdown;matikan
shutdownn;matikan
install;pasang
instal;pasang
uninstall;hapus pemasangan
update;pembaruan
updet;pembaruan
upgrade;peningkatan
downgrade;penurunan
patch;tambalan
maintenance;pemeliharaan
mnt;sebentar
sebentarr;sebentar
ntd;nanti dulu
otwgas;sedang menuju
gaskeunbro;ayo mulai
cuskeunkeun;ayo pergi
hayukgas;ayo
skuyy;ayo
yuukgas;ayo
bytheway;ngomong-ngomong
otoh;di sisi lain
cmon;ayo
letsgoo;ayo
letsgow;ayo
letsdoit;mari lakukan
done;selesai
donebang;selesai
beresss;selesai
amanbos;aman
okegas;baik
sipmantap;baik
noted;dipahami
notedmin;dipahami
notedd;dipahami
understood;dipahami
copythat;dipahami
roger;dipahami
rogerthat;dipahami
siapsiap;bersiap
prepare;persiapkan
prepared;dipersiapkan
persiapan;persiapan
briefing;pengarahan
brief;pengarahan
debrief;evaluasi
evaluasii;evaluasi
meetingonline;rapat daring
meetup;pertemuan
gathering;pertemuan
workshop;lokakarya
bootcamp;pelatihan intensif
mentoring;pendampingan
coach;pelatih
coaching;pelatihan
leader;pemimpin
leadership;kepemimpinan
leaderku;pemimpin saya
mentor;pembimbing
mentee;peserta bimbingan
networking;membangun relasi
relasi;hubungan
koneksi;hubungan
circlebaru;lingkaran pertemanan baru
kolab;kolaborasi
collab;kolaborasi
kolaborasii;kolaborasi
partnership;kemitraan
partneran;bermitra
join;bergabung
joined;bergabung
joinus;bergabung dengan kami
leave;keluar
leftgroup;keluar grup
kick;keluarkan
kicked;dikeluarkan
banhammer;pemblokiran
muteall;bisukan semua
welcome;selamat datang
welkam;selamat datang
wellcome;selamat datang
wb;selamat datang kembali
welcomeback;selamat datang kembali
havefun;bersenang-senang
enjoy;nikmati
enjoyyy;nikmati
haveaniceday;semoga harimu menyenangkan
goodmorning;selamat pagi
goodnight;selamat malam
goodafternoon;selamat siang
goodevening;selamat sore
bye;selamat tinggal
byee;selamat tinggal
dadah;selamat tinggal
dadahh;selamat tinggal
seeuya;sampai jumpa
cu;sampai jumpa
cya;sampai jumpa
seeyou;sampai jumpa
ttyl;nanti kita bicara lagi
gn;selamat malam
gm;selamat pagi
ily;aku mencintaimu
ilysm;aku sangat mencintaimu
ilytoo;aku juga mencintaimu
xoxo;peluk dan cium
hug;peluk
virtualhug;peluk virtual
pelukjauh;peluk dari jauh
kiss;cium
ciumjauh;cium dari jauh
mwah;cium
luv;cinta
luvyou;mencintaimu
loveyou;mencintaimu
loveyoutoo;aku juga mencintaimu
missyou;merindukanmu
kangen;rindu
kangenn;rindu
kanget;rindu
rinduberat;sangat rindu
homesick;rindu rumah
homesickbanget;sangat rindu rumah
wishmeluck;doakan saya
prayforme;doakan saya
prayfor;doakan
aminin;aminkan
aamiiin;amin
masyaallahtabarakallah;masyaallah tabarakallah
jazakumullah;semoga Allah membalas kebaikan kalian
fiamanillah;dalam perlindungan Allah
husnuzon;berprasangka baik
suuzon;berprasangka buruk
istiqomah;konsisten dalam kebaikan
barakallahufiik;semoga Allah memberkahimu
masuksurga;masuk surga
tabayyun;klarifikasi
ukhuwah;persaudaraan
dakwah;menyampaikan ajaran
kajian;pengajian
ngaji;membaca Al-Qur'an
tadarus;membaca Al-Qur'an
tilawah;membaca Al-Qur'an
murajaah;mengulang hafalan
hafidz;penghafal Al-Qur'an
hafidzah;penghafal Al-Qur'an perempuan
ustad;ustaz
ustadz;ustaz
ustajah;ustazah
ustadzah;ustazah
kyai;kiai
gus;panggilan putra kiai
ning;panggilan putri kiai
abah;ayah
umi;ibu
abi;ayah
bunda;ibu
ayahanda;ayah
ibunda;ibu
mamih;ibu
papih;ayah
moms;ibu
dads;ayah
ortu;orang tua
bokap;ayah
nyokap;ibu
bokapnyokap;orang tua
emak;ibu
babeh;ayah
abeh;ayah
adek;adik
adikku;adik
kakakkk;kakak
kak;kakak
kakanda;kakak
abangku;abang
abangda;abang
aa;kakak laki-laki
teteh;kakak perempuan
ceu;kakak perempuan
mang;paman
kang;kakak laki-laki
cak;kakak laki-laki
nduk;anak perempuan
le;anak laki-laki
nak;anak
anakku;anak
bocah;anak
bocil;anak kecil
bocill;anak kecil
cung;angkat tangan
acungjempol;memberi apresiasi
tepuktangan;apresiasi
salut;hormat
respect;menghormati
respek;menghormati
respekk;menghormati
salute;menghormati
kudos;apresiasi
applause;tepuk tangan
tepukmeriah;tepuk tangan
standingovation;penghormatan
banggaaa;bangga
proud;bangga
proudofyou;bangga padamu
banggabanget;sangat bangga
terharu;haru
haruuu;haru
mewek;menangis
mewekbanget;menangis
nangis;menangis
nangiss;menangis
cry;menangis
crying;menangis
crybaby;cengeng
cengeng;mudah menangis
banjirmata;banyak menangis
airmata;air mata
terenyuh;haru
terpukau;kagum
speechless;tidak bisa berkata-kata
mindblown;sangat kagum
takjub;kagum
takjubbanget;sangat kagum
amazing;menakjubkan
awesome;luar biasa
fantastic;fantastis
incredible;luar biasa
wonderful;menakjubkan
beautiful;indah
handsome;tampan
pretty;cantik
cute;imut
cutie;imut
adorable;menggemaskan
sweet;manis
sweetbanget;sangat manis
kind;baik
humble;rendah hati
lowprofile;rendah hati
ramahh;ramah
friendly;ramah
friendlybanget;sangat ramah
care;peduli
carefull;hati-hati
carebanget;sangat peduli
pedulibanget;sangat peduli
baikbanget;sangat baik
baikhati;baik hati
kindhearted;baik hati
helpful;suka menolong
supportive;mendukung
support;dukungan
supportsystem;sistem pendukung
supportku;pendukung saya
teamwork;kerja sama
solid;kompak
solidbanget;sangat kompak
kompakk;kompak
kompakselalu;selalu kompak
bareng;bersama
barengan;bersama-sama
samasama;bersama-sama
rame;ramai
ramebanget;sangat ramai
heboh;ramai
hebohhh;ramai
pecahrame;sangat ramai
membludak;sangat banyak
membludakk;sangat banyak
fullteam;tim lengkap
fullhouse;penuh
fullbooked;penuh
soldouttotal;habis terjual
allin;sepenuhnya
gaspolll;sepenuhnya
maksimal;maksimal
maximal;maksimal
allout;sepenuh tenaga
push;dorong
pushterus;terus mendorong
semaksimalmungkin;sebaik mungkin
allthebest;semoga yang terbaik
bestwishes;doa terbaik
wishyouallthebest;semoga yang terbaik untukmu
goodjob;kerja bagus
greatjob;kerja bagus
nicejob;kerja bagus
wellplayed;bermain dengan baik
well done;dikerjakan dengan baik
kerenkali;sangat keren
mantapsekali;sangat mantap
luarbiasasekali;sangat luar biasa
jospol;sangat bagus
topcer;sangat bagus
topmarkotob;sangat bagus
mantapbetul;sangat mantap
mantuls;mantap
sipjiwa;baik
makjleb;sangat menyentuh
nusuk;menyentuh
nusukbanget;sangat menyentuh
deepbanget;sangat mendalam
relatebanget;sangat berhubungan
kenabanget;sangat sesuai
kena;sesuai
pasbanget;sangat sesuai
spoton;tepat
onpoint;tepat
akurat;tepat
presisi;tepat
sreg;cocok
cocokbanget;sangat cocok
klop;cocok
matching;cocok
chemistry;kecocokan
klik;cocok
nyambung;sesuai
sehati;satu hati
sefrekuensi;sepemikiran
vibes;suasana
goodvibes;suasana positif
badvibes;suasana negatif
positivevibes;suasana positif
vibesnyaenak;suasana nyaman
auranya;aura
aurabagus;aura positif
energinya;energi
positiveenergy;energi positif
negativeenergy;energi negatif
healingtipis;sedikit menenangkan diri
healingdulu;menenangkan diri dahulu
selfreward;menghargai diri
selflove;mencintai diri sendiri
selfcare;merawat diri
me time;waktu untuk diri sendiri
qualitytime;waktu berkualitas
worklifebalance;keseimbangan hidup dan kerja
produktif;produktif
produktiff;produktif
productive;produktif
reborn;terlahir kembali
glowup;perubahan menjadi lebih baik
glowing;bersinar
glowingbanget;sangat bersinar
upgrade diri;meningkatkan diri
improve;meningkatkan
improvement;peningkatan
levelup;naik tingkat
naikkelas;meningkat
nextlevel;tingkat berikutnya
goal;tujuan
goals;tujuan
goalsbanget;sangat ideal
targetku;target saya
milestone;tonggak pencapaian
achievement;pencapaian
achieve;mencapai
accomplish;menyelesaikan
success;sukses
successful;berhasil
suksess;sukses
berhasilbanget;sangat berhasil
failure;kegagalan
gagalmoveon;belum melupakan masa lalu
tryagain;coba lagi
nevergiveup;jangan menyerah
keepgoing;terus melangkah
semangatterus;tetap semangat
pantangmenyerah;tidak mudah menyerah
gwsbro;lekas sembuh
gwsbestie;lekas sembuh
otwkerja;sedang menuju tempat kerja
otwkampus;sedang menuju kampus
otwkantor;sedang menuju kantor
otwrumah;sedang menuju rumah
otwsekolah;sedang menuju sekolah
otwmasjid;sedang menuju masjid
otwgereja;sedang menuju gereja
otwmeeting;sedang menuju rapat
otwzoom;sedang menuju pertemuan daring
otwkuliah;sedang menuju kuliah
otwkelas;sedang menuju kelas
otwseminar;sedang menuju seminar
otwevent;sedang menuju acara
otwnongki;sedang menuju tempat berkumpul
otwngopi;sedang menuju tempat minum kopi
otwhealing;sedang menuju tempat berlibur
otwliburan;sedang menuju liburan
otwgaskeun;sedang dalam perjalanan
mampirbro;singgah
mampirdulu;singgah dahulu
melipir;menepi
minggir;menepi
ngider;berkeliling
muter2;berkeliling
keluyuran;berjalan-jalan
blusukan;berkunjung
ngabuburit;menunggu waktu berbuka
bukber;buka bersama
sahur;makan sebelum subuh
sahurr;sahur
tarawih;salat tarawih
taraweh;salat tarawih
bukpuasa;buka puasa
puasaaa;puasa
ramadhan;Ramadan
ramadan;Ramadan
lebaran;Idulfitri
ied;Idulfitri
minalaidin;mohon maaf lahir batin
halalbihalal;silaturahmi Idulfitri
mudik;pulang kampung
balikmudik;kembali dari kampung
openhouse;acara terbuka
silaturahmi;bersilaturahmi
halalbi;halalbihalal
takbiran;mengumandangkan takbir
qurban;kurban
kurban;kurban
iduladha;Iduladha
iduladha;Iduladha
haji;ibadah haji
umroh;umrah
umrah;umrah
berkahhh;berkah
rezeki;rezeki
rezekii;rezeki
rezekianaksoleh;rezeki
cuansyariah;keuntungan
magerpol;sangat malas bergerak
magerakut;malas bergerak
magermax;sangat malas
rebahanmulu;terus berbaring
rebahandulu;berbaring dahulu
kaumrebahan;orang yang suka rebahan
kaummager;orang yang malas bergerak
kaumgabut;orang yang tidak ada kegiatan
gabutabis;sangat tidak ada kegiatan
gabutparah;sangat tidak ada kegiatan
nongkiyuk;ayo berkumpul
nongkrongyuk;ayo berkumpul
ngab;abang
ngabs;abang
ngabers;abang
sobatmiskin;orang kurang mampu
sobatkaya;orang kaya
sobatambyar;orang yang sedang sedih
sobathealing;orang yang sedang berlibur
sobatkampus;teman kampus
sobatonline;teman daring
sobatviral;orang yang viral
sobatreceh;orang yang lucu
sobatdrama;orang yang suka drama
sobatbucin;orang yang sedang jatuh cinta
bestieku;sahabat saya
bestieonline;sahabat daring
bestiecantik;sahabat cantik
bestieganteng;sahabat tampan
bestieselalu;sahabat selamanya
temansetia;teman yang setia
temansejati;teman sejati
sahabatsejati;sahabat sejati
squadgoals;kelompok ideal
circlesehat;lingkaran pertemanan yang baik
circletoxic;lingkaran pertemanan buruk
innerpeace;kedamaian batin
hepihepi;bahagia
senengpol;sangat senang
happyending;akhir yang bahagia
badmood;suasana hati buruk
moodbooster;peningkat suasana hati
moodbanget;sesuai suasana hati
goodmood;suasana hati baik
moody;mudah berubah suasana hati
badday;hari yang buruk
goodday;hari yang baik
mondayblues;sedih di hari Senin
weekend;akhir pekan
weekendvibes;suasana akhir pekan
weekday;hari kerja
liburnasional;hari libur nasional
cutibersama;hari cuti bersama
cutiii;cuti
izin;permohonan izin
izindulu;meminta izin terlebih dahulu
permisi;minta izin
numpanglewat;permisi
puntenn;permisi
monggomasuk;silakan masuk
silahkanduduk;silakan duduk
silahkanmasuk;silakan masuk
monggoatuh;silakan
monggosantai;silakan bersantai
maklumya;harap dimaklumi
harapmaklum;harap dimaklumi
mohonmaaf;meminta maaf
maaflahirbatin;mohon maaf lahir dan batin
ampunbang;ampun
ampunsepuh;ampun
sungkeman;menghormati orang tua
sowan;berkunjung
nyamperin;mengunjungi
mainkerumah;berkunjung ke rumah
bertamu;mengunjungi
nginep;menginap
nginepp;menginap
ngineplama;menginap lama
kosan;tempat indekos
anakrantau;perantau
perantauan;tempat merantau
rantaupeople;perantau
rantauvibes;suasana merantau
homesicklagi;sedang rindu rumah
anakkost;anak indekos
anakkos;anak indekos
ngekos;tinggal di indekos
kostan;tempat indekos
kost;tempat indekos
kontrakan;rumah sewa
rumahpetak;rumah kecil
rumahidaman;rumah impian
rumahku;rumah saya
kamarku;kamar saya
kamarkost;kamar indekos
kamarberantakan;kamar tidak rapi
springcleaning;bersih-bersih menyeluruh
bersihbersih;membersihkan
beresberes;merapikan
rapiinn;merapikan
nyapu;menyapu
ngepel;mengepel
nyucii;mencuci
nyetrika;menyetrika
masakdulu;memasak dahulu
masaksendiri;memasak sendiri
anakrumahan;orang yang suka di rumah
homiebody;orang rumahan
homieperson;orang yang nyaman di rumah
healingkerumah;beristirahat di rumah
masakanrumah;makanan rumahan
makanbareng;makan bersama
makansiang;makan siang
makansore;makan sore
makantengahmalam;makan tengah malam
midnightsnack;camilan tengah malam
cemilcemil;makan camilan
jajanjajan;membeli makanan ringan
kulineran;wisata kuliner
jastip;jasa titip
jastipan;jasa titip
titipdong;tolong titipkan
nitipoleholeh;meminta oleh-oleh
oleholeh;buah tangan
oleholehnya;buah tangan
traveldiary;catatan perjalanan
backpacker;wisatawan hemat
tripbareng;perjalanan bersama
roadtrip;perjalanan darat
camping;berkemah
glamping;berkemah mewah
sunmori;berkendara pagi hari
nightride;berkendara malam
touring;perjalanan kendaraan
motoran;berkendara motor
gowes;bersepeda
sepedahan;bersepeda
jogging;lari santai
workout;berolahraga
gym;pusat kebugaran
ngegym;berolahraga di pusat kebugaran
pushup;latihan tekan
situp;latihan perut
cardio;latihan jantung
bulking;menambah massa tubuh
cutting;mengurangi lemak tubuh
diet;pola makan
dietketat;pola makan ketat
cheatday;hari bebas diet
healthyfood;makanan sehat
junkfood;makanan tidak sehat
fastfood;makanan cepat saji
makanenak;makanan lezat
maknyoss;sangat enak
enakbanget;sangat enak
lezatos;lezat
yummy;lezat
yummyy;lezat
foodie;pecinta makanan
anakjajan;orang yang suka jajan
nongkicafe;berkumpul di kafe
kopidulu;minum kopi dahulu
tehtarik;teh tarik
bobalover;pecinta boba
eskopisusu;es kopi susu
eskopi;es kopi
ngopiskuy;ayo minum kopi
cafedate;bertemu di kafe
studydate;belajar bersama
studytime;waktu belajar
belajardulu;belajar dahulu
belajaryuk;ayo belajar
nugas;mengerjakan tugas
nugass;mengerjakan tugas
deadline;batas waktu
deadliner;orang yang dikejar tenggat
deadlinemelekat;banyak tenggat waktu
skripsian;mengerjakan skripsi
tesis;tesis
disertasi;disertasi
sidangskripsi;sidang skripsi
sidangtesis;sidang tesis
sidangakhir;sidang akhir
wisudaaa;wisuda
cumlaude;cum laude
ipk;indeks prestasi kumulatif
semesterakhir;semester terakhir
maba;mahasiswa baru
camaba;calon mahasiswa baru
ospek;orientasi studi
kating;kakak tingkat
dosenkiller;dosen yang tegas
kaprodi;ketua program studi
rektorat;kantor rektor
kampusmerdeka;program Kampus Merdeka
mbkm;Merdeka Belajar Kampus Merdeka
magang;praktik kerja
internship;magang
anakmagang;peserta magang
freshgraduate;lulusan baru
jobseeker;pencari kerja
loker;lowongan kerja
walkininterview;wawancara langsung
hrd;sumber daya manusia
rekruter;perekrut
headhunter;pencari talenta
kerjakeras;bekerja keras
kerjacerdas;bekerja cerdas
kantoran;pegawai kantor
wfh;bekerja dari rumah
wfo;bekerja dari kantor
hybrid;gabungan daring dan luring
overtime;lembur
lemburr;lembur
capekkerja;lelah bekerja
burnoutkerja;kelelahan bekerja
resign;mengundurkan diri
phk;pemutusan hubungan kerja
gajian;menerima gaji
payday;hari gajian
thr;tunjangan hari raya
bonusakhirtahun;bonus akhir tahun
naikgaji;kenaikan gaji
promosi;kenaikan jabatan
naikjabatan;promosi
bosku;atasan saya
bossman;atasan
pakbosku;atasan
anakbuah;bawahan
timsolid;tim yang kompak
kantorpusat;kantor utama
cabang;kantor cabang
startup;perusahaan rintisan
founder;pendiri
cofounder;pendiri bersama
ceo;kepala eksekutif
cto;kepala teknologi
cfo;kepala keuangan
coo;kepala operasional
cmo;kepala pemasaran
developer;pengembang
programmer;pemrogram
coder;pemrogram
ngoding;memrogram
debugging;menelusuri kesalahan
deploy;menerapkan
serverdown;server tidak aktif
backend;bagian belakang sistem
frontend;bagian depan sistem
fullstack;pengembang menyeluruh
database;basis data
bigdata;data besar
machinelearning;pembelajaran mesin
deeplearning;pembelajaran mendalam
ai;kecerdasan buatan
chatbot;bot percakapan
prompt;perintah masukan
prompting;memberikan perintah
cloud;komputasi awan
opensource;sumber terbuka
github;repositori kode
gitlab;repositori kode
colab;Google Colaboratory
python;bahasa pemrograman Python
javascript;bahasa pemrograman JavaScript
sql;bahasa kueri terstruktur
api;antarmuka pemrograman aplikasi
sdk;kit pengembangan perangkat lunak
iot;internet untuk segala
blockchain;rantai blok
crypto;mata uang kripto
bitcoin;Bitcoin
ethereum;Ethereum
nft;token yang tidak dapat dipertukarkan
trading;perdagangan
daytrading;perdagangan harian
invest;berinvestasi
investasi;penanaman modal
saham;saham
obligasi;obligasi
reksadana;reksa dana
emasdigital;emas digital
cuanterus;terus mendapatkan keuntungan
financialfreedom;kebebasan finansial
passiveincome;pendapatan pasif
sidehustle;pekerjaan sampingan
bisnisonline;bisnis daring
jualanonline;berjualan daring
dropship;penjualan tanpa stok
affiliate;afiliasi
affiliateku;afiliasi saya
contentcreator;pembuat konten
ugc;konten buatan pengguna
endorse;dukungan promosi
endorsement;promosi berbayar
brandambassador;duta merek
branding;pencitraan merek
personalbranding;pencitraan pribadi
digitalmarketing;pemasaran digital
seo;optimasi mesin pencari
sem;pemasaran mesin pencari
ads;iklan
copywriting;penulisan pemasaran
landingpage;halaman tujuan
funnel;corong pemasaran
closing;penutupan penjualan
closingdeal;menyelesaikan kesepakatan
deal;kesepakatan
dealbanget;sepakat
fixdeal;kesepakatan pasti
gasjualan;mulai berjualan
jualanlaku;penjualan berhasil
pecahrekor;memecahkan rekor
pecahtelur;mendapat hasil pertama
firstsalary;gaji pertama
firstincome;pendapatan pertama
firstclient;klien pertama
achievementunlocked;pencapaian terbuka
milestonebaru;tonggak baru
targettercapai;target tercapai
wishlistterwujud;keinginan tercapai
dreamcometrue;mimpi menjadi nyata
manifesting;memvisualisasikan harapan
manifest;harapan
lawofattraction;hukum tarik-menarik
positiveaffirmation;afirmasi positif
affirmation;afirmasi
journaling;menulis jurnal
journal;catatan harian
bucketlist;daftar keinginan
visionboard;papan visi
lifegoals;tujuan hidup
dreambig;bermimpi besar
smallsteps;langkah kecil
oneday;suatu hari nanti
soon;segera
comingsoon;segera hadir
staytuned;tetap ikuti
tobecountinued;akan dilanjutkan
tbc;akan dilanjutkan
throwback;kilas balik
flashback;kilas balik
nostalgia;kenangan masa lalu
jamanold;zaman dahulu
jamannow;zaman sekarang
oldschool;gaya lama
newnormal;normal baru
newchapter;babak baru
freshstart;awal baru
moveforward;melangkah maju
turningpoint;titik balik
lifelesson;pelajaran hidup
lessonlearned;pelajaran yang dipetik
growthmindset;pola pikir berkembang
mindsetbaru;pola pikir baru
openmind;berpikiran terbuka
broadminded;berwawasan luas
thinkpositive;berpikir positif
stayhumble;tetap rendah hati
stayhungry;tetap bersemangat
stayfocused;tetap fokus
keeplearning;terus belajar
neverstoplearning;jangan berhenti belajar
belajarseumurhidup;belajar sepanjang hayat
upgradeyourself;tingkatkan dirimu
betteryou;dirimu yang lebih baik
versionterbaik;versi terbaik
berproses;sedang berkembang
progress;kemajuan
progressnotperfection;kemajuan lebih penting daripada kesempurnaan
selangkahlebihmaju;lebih maju
naiklevel;naik tingkat
levelupterus;terus naik tingkat
keepitup;pertahankan
yougotthis;kamu pasti bisa
semangatpagi;tetap semangat
pantangmundur;tidak mundur
pejuangskripsi;orang yang mengerjakan skripsi
pejuangcuan;orang yang mencari keuntungan
pejuangbeasiswa;orang yang mencari beasiswa
pejuangkampus;orang yang berjuang di kampus
pejuangloker;orang yang mencari pekerjaan
pejuangsubuh;orang yang rajin bangun subuh
pejuanghalal;orang yang mencari pasangan halal
pejuangmimpi;orang yang mengejar mimpi
pejuangkeluarga;orang yang berjuang untuk keluarga
pejuanghidup;orang yang berjuang dalam hidup
pejuangmasa depan;orang yang berjuang untuk masa depan
semuapastiindahpadawaktunya;semua akan indah pada waktunya
tetapsemangat;tetap semangat
jangankendor;jangan menyerah
terusberjuang;terus berjuang
selalubersyukur;selalu bersyukur
janganlupabahagia;ingat untuk bahagia
nikmatijalannya;nikmati prosesnya
tetapwaras;tetap sehat mental
waras;sehat mental
sadarbro;sadarlah
wakeupuk;bangunlah
openyoureyes;bukalah matamu
mindyourbusiness;urus urusanmu sendiri
nohate;tanpa kebencian
peace;damai
peaceout;selamat tinggal
spreadlove;sebarkan cinta
bebek;buruk (slang tertentu)
recehabis;sangat lucu
gokilsih;sangat luar biasa
legendary;legendaris
epicmoment;momen luar biasa
goldenmoment;momen berharga
momentoftruth;momen kebenaran
momenlangka;momen yang jarang terjadi
onceinalifetime;sekali seumur hidup
corememory;kenangan penting
memoryunlocked;kenangan terbuka
fotodump;unggahan banyak foto
dumpday;hari unggahan acak
ootd;gaya berpakaian hari ini
ootn;gaya berpakaian malam ini
grwm;bersiaplah bersamaku
asmr;respons sensorik meridian otonom
pov;sudut pandang
iykyk;jika kamu tahu, kamu tahu
tmi;terlalu banyak informasi
nsfw;tidak aman untuk dilihat di tempat kerja
sfw;aman untuk dilihat di tempat kerja
irl;di kehidupan nyata
imo;menurut saya
smh;menggelengkan kepala karena kecewa
fomo;takut ketinggalan
jomo;senang melewatkan sesuatu
doomscrolling;terus-menerus melihat berita buruk
brainrot;obsesi berlebihan
delulu;delusional
sigma;mandiri dan percaya diri
alpha;pemimpin
beta;pengikut
gigachad;orang yang sangat percaya diri
npc;karakter non-pemain
mainchar;tokoh utama
maincharacter;tokoh utama
sidequest;aktivitas sampingan
buff;peningkatan kemampuan
debuff;penurunan kemampuan
clutch;penyelamatan penting
ragequit;keluar karena marah
speedrun;menyelesaikan dengan cepat
oneshot;sekali serang
oneshoot;sekali serang
oneshootkill;sekali serang selesai
headhshot;tembakan kepala
headshot;tembakan kepala
revive;menghidupkan kembali
respawn;muncul kembali
loot;jarahan
looting;mengambil jarahan
skin;tampilan
battlepass;izin pertempuran
rankup;naik peringkat
derank;turun peringkat
hardcarry;membawa kemenangan
ezwin;menang mudah
ezgame;permainan mudah
protips;kiat ahli
tipsntrick;tips dan trik
nolep;tidak memiliki kehidupan sosial
nolife;tidak memiliki kehidupan sosial
wibu;penggemar budaya Jepang
wibuu;penggemar budaya Jepang
otaku;penggemar berat
anime;animasi Jepang
manga;komik Jepang
manhwa;komik Korea
manhua;komik Tiongkok
cosplay;berkostum karakter
cosplayer;pemeran karakter
waifu;karakter perempuan favorit
husbando;karakter laki-laki favorit
isekai;dunia lain
senpai;kakak tingkat
kouhai;adik tingkat
kawaii;imut
sugoi;hebat
baka;bodoh
yamete;berhenti
arigatou;terima kasih
ohayou;selamat pagi
oyasumi;selamat tidur
konnichiwa;selamat siang
konbanwa;selamat malam
sayonara;selamat tinggal
itadakimasu;selamat makan
daijoubu;tidak apa-apa
ganbatte;semangat
shinzou;jantung
nakama;teman
sensei;guru
oppa;kakak laki-laki
unni;kakak perempuan
hyung;kakak laki-laki
noona;kakak perempuan
saranghae;aku mencintaimu
gomawo;terima kasih
annyeong;halo
annyeonghaseyo;halo
daebak;luar biasa
jinjja;benarkah
aigoo;ya ampun
ottoke;bagaimana
fighting;semangat
chingu;teman
sunbae;senior
maknae;anggota termuda
visual;anggota paling menarik
comeback;kembali tampil
debut;penampilan perdana
lightstick;tongkat lampu
fanmeeting;pertemuan penggemar
fansign;acara tanda tangan
selca;swafoto
stanlist;daftar idola
biaslist;daftar idola favorit
ult;idola utama
ultbias;idola favorit utama
ship;menjodohkan
shipping;menjodohkan
otp;pasangan favorit
canon;resmi
fanfic;cerita penggemar
au;cerita alternatif
alternateuniverse;dunia alternatif
threadau;utas cerita alternatif
plottwist;alur tak terduga
spoiler;bocoran cerita
spoilerin;membocorkan
endingnya;akhir cerita
cliffhanger;akhir menggantung
bingewatch;menonton terus-menerus
marathonmovie;menonton maraton
movie;film
filmnya;film
bioskop;gedung pertunjukan film
nontonbareng;menonton bersama
nobar;menonton bersama
streamingmovie;menonton daring
series;serial
sitkom;komedi situasi
sitcom;komedi situasi
realityshow;acara realitas
talentshow;pertunjukan bakat
host;pembawa acara
mc;pembawa acara
gueststar;bintang tamu
perform;tampil
performance;penampilan
showtime;waktu pertunjukan
opening;pembukaan
closingceremony;penutupan
afterparty;acara setelahnya
euforia;kegembiraan
hype;antusiasme
hypebanget;sangat antusias
hypetrain;gelombang antusiasme
booming;sangat populer
rameparah;sangat ramai
pecahbangettt;sangat meriah
viralabis;sangat viral
meledak;sangat populer
pecahinternet;sangat viral
internetbreaking;memecahkan internet
netfamous;terkenal di internet
seleb;selebritas
publicfigure;tokoh publik
figurpublik;tokoh publik
artis;seniman
aktor;pemeran laki-laki
aktris;pemeran perempuan
idol;idola
idola;idola
legend;legenda
livinglegend;legenda hidup
iconic;ikonik
ikonikbanget;sangat ikonik
masterpiece;mahakarya
mahakaryaa;mahakarya
goated;terbaik sepanjang masa
goat;terbaik sepanjang masa
alltimefavorite;favorit sepanjang masa
fav;favorit
favsong;lagu favorit
favperson;orang favorit
favfood;makanan favorit
favplace;tempat favorit
favmoment;momen favorit
wishlistitem;barang yang diinginkan
musthave;harus dimiliki
musttry;harus dicoba
bucketlistku;daftar keinginan
goalshidup;tujuan hidup
lifepartner;pasangan hidup
soulmate;belahan jiwa
soulmateku;belahan jiwa saya
twinflame;pasangan jiwa
redflag;tanda bahaya
greenflag;tanda baik
beigeflag;tanda netral
toxicrelationship;hubungan yang buruk
healthyrelationship;hubungan yang sehat
lovebombing;memberi perhatian berlebihan
ghosting;menghilang tanpa kabar
breadcrumbing;memberi harapan sedikit demi sedikit
gaslighting;manipulasi psikologis
softlaunch;memperkenalkan secara halus
hardlaunch;memperkenalkan secara terbuka
situationship;hubungan tanpa kepastian
friendshipgoals;persahabatan ideal
couplegoals;pasangan ideal
relationshipgoals;hubungan ideal
longdistance;jarak jauh
ldr;hubungan jarak jauh
ldrkuat;hubungan jarak jauh yang kuat
longdistancerelationship;hubungan jarak jauh
staywithme;tetap bersamaku
dontleave;jangan pergi
trustissue;masalah kepercayaan
trustissues;masalah kepercayaan
healingera;masa pemulihan
villainera;masa menjadi antagonis
glowupera;masa berkembang
softgirl;perempuan lembut
softboy;laki-laki lembut
coquette;gaya feminin
oldmoney;gaya klasik mewah
cleanlook;penampilan bersih
minimalist;minimalis
maximalist;maksimalis
earthtone;warna bumi
monochrome;monokrom
aesthetic;estetis
aestheticbanget;sangat estetis
estetik;estetis
estetikparah;sangat estetis
minimalisbanget;minimalis
vintage;bergaya lama
retro;bergaya klasik
classic;klasik
timeless;tak lekang oleh waktu
fashionable;modis
fashionista;pecinta mode
fashionweek;pekan mode
catwalk;peragaan busana
runway;lintasan peragaan
outfitcheck;pemeriksaan pakaian
fitcheck;pemeriksaan penampilan
mixandmatch;padupadan
styleinspo;inspirasi gaya
inspo;inspirasi
lookbook;katalog gaya
capsulewardrobe;lemari pakaian minimalis
thrift;barang bekas berkualitas
thrifting;berbelanja barang bekas
thriftshop;toko barang bekas
preloved;barang bekas layak pakai
prelove;barang bekas layak pakai
secondhand;barang bekas
brandnew;barang baru
newarrival;produk baru
newcollection;koleksi baru
limitedstock;stok terbatas
restocksoon;segera tersedia kembali
checkoutnow;beli sekarang
buy1get1;beli satu gratis satu
flashsale;penjualan kilat
bigsale;diskon besar
harbolnas;hari belanja nasional
promoakhirbulan;promosi akhir bulan
diskongede;diskon besar
murahmeriahbanget;sangat murah
hematbanget;sangat hemat
iritmode;mode hemat
saver;penghemat
spender;pengeluar uang
borosbanget;sangat boros
financialplanning;perencanaan keuangan
budgeting;penganggaran
budgettracker;pelacak anggaran
cashflow;arus kas
financialliteracy;literasi keuangan
financialgoals;tujuan keuangan
nabung;menabung
nabungg;menabung
nabungdulu;menabung dahulu
nabungyuk;ayo menabung
tabunganmasa depan;tabungan masa depan
celengan;tempat menabung
investyuk;ayo berinvestasi
dividen;pembagian keuntungan
capitalgain;keuntungan modal
cutloss;mengurangi kerugian
takeprofit;mengambil keuntungan
hold;tahan
hodl;tahan aset
bullish;optimistis
bearish;pesimistis
pump;kenaikan cepat
dump;penurunan cepat
pumpanddump;manipulasi harga
allincrypto;berinvestasi penuh di kripto
cuanmax;keuntungan maksimal
fomoinvest;takut tertinggal investasi
smartmoney;investor besar
retailinvestor;investor individu
bandar;pengendali pasar
gorengan;saham spekulatif
analisasaham;analisis saham
technicalanalysis;analisis teknikal
fundamentalanalysis;analisis fundamental
supportarea;area dukungan
resistance;area hambatan
breakout;menembus batas
breakdown;penurunan tajam
sideways;bergerak datar
uptrend;tren naik
downtrend;tren turun
cuanterusss;selalu untung
marketcap;kapitalisasi pasar
watchlist;daftar pantauan
entrypoint;titik masuk
exitpoint;titik keluar
scalping;perdagangan cepat
swingtrade;perdagangan jangka pendek
longterm;jangka panjang
shortterm;jangka pendek
diversifikasi;penyebaran investasi
riskmanagement;manajemen risiko
cuanjalanan;perjalanan menuju keuntungan
sultanmuda;orang kaya muda
anakmuda sukses;pemuda sukses
generasiemas;generasi unggul
genz;Generasi Z
genalpha;Generasi Alpha
millennial;generasi milenial
boomer;generasi boomer
okboomer;baiklah generasi boomer
anaksenja;pecinta suasana senja
anakpantai;pecinta pantai
anakgunung;pecinta gunung
anakkopi;pecinta kopi
anakmotor;pecinta motor
anaksenjaa;pecinta suasana senja
anakindigo;orang dengan intuisi kuat
indigo;orang dengan intuisi kuat
spiritualjourney;perjalanan spiritual
manifestasi;perwujudan harapan
moonphase;fase bulan
zodiac;zodiak
horoscope;horoskop
shio;shio
ramalan;prediksi
tarot;tarot
tarotreading;pembacaan tarot
healingenergy;energi penyembuhan
positiveaura;aura positif
negativeaura;aura negatif
chakras;cakra
meditasi;meditasi
meditation;meditasi
mindfulness;kesadaran penuh
selfhealing;pemulihan diri
journalingtime;waktu menulis jurnal
gratitude;rasa syukur
gratitudejournal;jurnal syukur
blessed;diberkahi
soblessed;sangat diberkahi
feelingblessed;merasa diberkahi
thankful;bersyukur
grateful;bersyukur
gratefulheart;hati yang bersyukur
bersyukurterus;selalu bersyukur
rewind2025;kilas balik 2025
yearinreview;kilas balik tahunan
monthlyrecap;ringkasan bulanan
weeklyrecap;ringkasan mingguan
dailyvlog;video harian
vlogging;membuat video blog
vlogger;pembuat video blog
minivlog;video blog singkat
dayinmylife;sehari dalam hidupku
getreadywithme;bersiaplah bersamaku
unfiltered;tanpa penyaringan
nofilter;tanpa filter
filterinstagram;filter Instagram
beautyfilter;filter kecantikan
faceapp;aplikasi wajah
editan;hasil suntingan
editdulu;sunting dahulu
preset;pengaturan awal
presetlr;pengaturan Lightroom
lightroom;Adobe Lightroom
photoshop;Adobe Photoshop
canva;Canva
capcut;CapCut
vneditor;VN Editor
premierepro;Adobe Premiere Pro
aftereffects;Adobe After Effects
videography;videografi
photography;fotografi
photographer;fotografer
videographer;videografer
cinematic;sinematik
cinematicshot;pengambilan gambar sinematik
broll;gambar pendukung
timelapse;selang waktu
hyperlapse;selang waktu cepat
slowmo;gerak lambat
slowmotion;gerak lambat
transition;transisi
transitiongoals;transisi yang bagus
voiceover;pengisi suara
dub;sulih suara
subtitle;teks terjemahan
cc;teks tertutup
thumbnail;gambar mini
clickbait;umpan klik
hook;pembuka menarik
storytelling;bercerita
engagement;keterlibatan
engagementrate;tingkat keterlibatan
reach;jangkauan
impression;tayangan
analytics;analitik
insight;wawasan
organicreach;jangkauan organik
boostpost;tingkatkan unggahan
adsmanager;pengelola iklan
campaign;kampanye
conversion;konversi
leadgeneration;pengumpulan prospek
calltoaction;ajakan bertindak
cta;ajakan bertindak
lead;calon pelanggan
prospect;prospek
conversionrate;tingkat konversi
roi;pengembalian investasi
roas;pengembalian belanja iklan
kpi;indikator kinerja utama
okr;sasaran dan hasil utama
dashboard;dasbor
reporting;pelaporan
reportcard;laporan hasil
datadriven;berbasis data
insightful;penuh wawasan
benchmark;tolok ukur
brainstorm;curah pendapat
brainstorming;curah pendapat
mindmapping;pemetaan pikiran
roadmap;peta jalan
timeline;linimasa
timelineproject;linimasa proyek
milestoneproject;tonggak proyek
sprint;percepatan kerja
scrum;kerangka kerja scrum
agile;lincah
kanban;kanban
workflow;alur kerja
workload;beban kerja
multitasking;mengerjakan banyak hal
deepwork;kerja mendalam
focusmode;mode fokus
pomodoro;teknik pomodoro
timemanagement;manajemen waktu
prioritas;prioritas
to-do-list;daftar tugas
todolist;daftar tugas
checklist;daftar periksa
reminder;pengingat
notetaking;mencatat
notes;catatan
stickynotes;catatan tempel
workspace;ruang kerja
coworking;ruang kerja bersama
desksetup;pengaturan meja kerja
setupgaming;pengaturan perangkat gim
workstation;stasiun kerja
productivity;produktivitas
productivevibes;suasana produktif
grind;bekerja keras
hustle;berjuang keras
hustleculture;budaya bekerja berlebihan
sideproject;proyek sampingan
passionproject;proyek yang disukai
solopreneur;wirausaha mandiri
entrepreneur;wirausaha
entrepreneurship;kewirausahaan
businessowner;pemilik usaha
smallbusiness;usaha kecil
umkm;usaha mikro kecil dan menengah
franchise;waralaba
franchisor;pemberi waralaba
franchisee;penerima waralaba
marketplace;pasar daring
sellercenter;pusat penjual
merchant;pedagang
merchantpartner;mitra pedagang
pointofsale;titik penjualan
possystem;sistem penjualan
inventory;persediaan
stockopname;pencatatan stok
warehouse;gudang
supplychain;rantai pasok
logistics;logistik
fulfillment;pemenuhan pesanan
dropshipping;pengiriman tanpa stok
wholesale;grosir
retail;eceran
resellercommunity;komunitas penjual ulang
partnerbisnis;mitra bisnis
jointventure;usaha patungan
b2b;bisnis ke bisnis
b2c;bisnis ke konsumen
c2c;konsumen ke konsumen
startupfounder;pendiri perusahaan rintisan
pitching;presentasi bisnis
pitchdeck;presentasi bisnis
venturecapital;modal ventura
angelinvestor;investor malaikat
seedfunding;pendanaan awal
seriesa;pendanaan seri A
bootstrap;pendanaan mandiri
valuation;penilaian perusahaan
unicorn;perusahaan bernilai tinggi
decacorn;perusahaan bernilai sangat tinggi
exitstrategy;strategi keluar
acquisition;akuisisi
merger;penggabungan
ipo;penawaran saham perdana
go public;menjadi perusahaan terbuka
stakeholder;pemangku kepentingan
shareholder;pemegang saham
boardmeeting;rapat dewan
townhall;pertemuan seluruh anggota
allhands;rapat seluruh tim
onboarding;orientasi awal
offboarding;proses keluar
headhunting;pencarian talenta
talentpool;kumpulan talenta
talentacquisition;akuisisi talenta
employerbranding;citra perusahaan
companyculture;budaya perusahaan
workculture;budaya kerja
officevibes;suasana kantor
teamplayer;pemain tim
problemsolver;pemecah masalah
criticalthinking;berpikir kritis
decisionmaking;pengambilan keputusan
publicspeaking;berbicara di depan umum
communicationskills;kemampuan komunikasi
softskills;keterampilan lunak
hardskills;keterampilan teknis
skillissue;kurang keterampilan
skillup;meningkatkan keterampilan
upskilling;peningkatan keterampilan
reskilling;pelatihan ulang
lifelonglearning;belajar sepanjang hayat
microlearning;pembelajaran singkat
elearning;pembelajaran elektronik
mooc;kursus daring terbuka
webcourse;kursus daring
onlineclass;kelas daring
masterclass;kelas ahli
bootcampcoding;pelatihan pemrograman
certification;sertifikasi
certificate;sertifikat
sertif;sertifikat
sertifikasiinternasional;sertifikasi internasional
linkedin;LinkedIn
portofolio;portofolio
resume;ringkasan riwayat
cv;daftar riwayat hidup
coverletter;surat lamaran
interviewprep;persiapan wawancara
mockinterview;simulasi wawancara
salaryexpectation;ekspektasi gaji
offeringletter;surat penawaran kerja
contractsigning;penandatanganan kontrak
probation;masa percobaan
permanentemployee;pegawai tetap
freelancer;pekerja lepas
freelance;pekerjaan lepas
gigworker;pekerja lepas
remotejob;pekerjaan jarak jauh
digitalnomad;pekerja berpindah tempat
coworkingspace;ruang kerja bersama
workfromanywhere;bekerja dari mana saja
laptoplifestyle;gaya hidup bekerja dengan laptop
macbookuser;pengguna MacBook
windowsuser;pengguna Windows
androiduser;pengguna Android
iphoneuser;pengguna iPhone
techenthusiast;penggemar teknologi
gadgetlover;pecinta gawai
unboxtherapy;membuka dan mengulas produk
techreview;ulasan teknologi
benchmarktest;uji kinerja
fps;bingkai per detik
refresh rate;laju penyegaran
resolution;resolusi
4k;resolusi ultra tinggi
8k;resolusi sangat tinggi
ultrawide;layar ultra lebar
mechanicalkeyboard;papan ketik mekanis
wireless;nirkabel
bluetooth;Bluetooth
earbuds;penyuara telinga
headset;perangkat kepala
headphone;fon kepala
smartwatch;jam tangan pintar
wearable;perangkat yang dikenakan
smarthome;rumah pintar
smartspeaker;pengeras suara pintar
assistantai;asisten kecerdasan buatan
genai;kecerdasan buatan generatif
llm;model bahasa besar
rag;pembuatan dengan pengambilan data
finetuning;penyesuaian model
tokenization;tokenisasi
embedding;penyematan
sentimentanalysis;analisis sentimen
nlp;pemrosesan bahasa alami
computervision;visi komputer
recommendationsystem;sistem rekomendasi
predictivemodeling;pemodelan prediktif
datascience;ilmu data
dataanalyst;analis data
datascientist;ilmuwan data
dataengineer;insinyur data
businessintelligence;intelijen bisnis
dashboarding;pembuatan dasbor
datavisualization;visualisasi data
powerbi;Power BI
tableau;Tableau
lookerstudio;Looker Studio
excel;Microsoft Excel
spreadsheet;lembar kerja
csv;nilai dipisahkan koma
xlsx;berkas Excel
dataset;kumpulan data
datamining;penambangan data
datacleaning;pembersihan data
preprocessing;pra-pemrosesan
featureengineering;rekayasa fitur
trainset;data latih
testset;data uji
validationset;data validasi
crossvalidation;validasi silang
gridsearch;pencarian grid
hyperparameter;hiperparameter
tuning;penyesuaian
accuracy;akurasi
precision;presisi
recall;cakupan
f1score;skor F1
confusionmatrix;matriks kebingungan
rocauc;area di bawah kurva ROC
classificationreport;laporan klasifikasi
imbalance;ketidakseimbangan
smote;teknik penyeimbangan data
undersampling;pengurangan sampel
oversampling;penambahan sampel
tokenizer;pemecah token
stemming;stemming
lemmatization;lematisasi
stopword;kata henti
casefolding;pelipatan huruf
cleantext;pembersihan teks
normalization;normalisasi
tfidf;TF-IDF
word2vec;Word2Vec
fasttext;FastText
doc2vec;Doc2Vec
bert;BERT
indobert;IndoBERT
indobertweet;IndoBERTweet
roberta;RoBERTa
xlmroberta;XLM-RoBERTa
svm;mesin vektor pendukung
naivebayes;Naive Bayes
randomforest;hutan acak
decisiontree;pohon keputusan
logisticregression;regresi logistik
knn;tetangga terdekat
lightgbm;LightGBM
xgboost;XGBoost
catboost;CatBoost
cnn;jaringan saraf konvolusional
rnn;jaringan saraf berulang
lstm;memori jangka pendek panjang
bilstm;LSTM dua arah
gru;unit berulang berpagar
transformer;transformer
attention;perhatian
selfattention;perhatian mandiri
multimodal;multimodal
zeroshot;tanpa pelatihan khusus
fewshot;sedikit contoh
promptengineering;rekayasa prompt
hallucination;halusinasi model
benchmarking;pembandingan
leaderboard;papan peringkat
opensourceai;kecerdasan buatan sumber terbuka
closedsource;sumber tertutup
huggingface;Hugging Face
pytorch;PyTorch
tensorflow;TensorFlow
keras;Keras
scikitlearn;Scikit-learn
pandas;Pandas
numpy;NumPy
matplotlib;Matplotlib
seaborn;Seaborn
jupyter;Jupyter
notebook;buku catatan
kernel;kernel
runtime;waktu jalan
gpu;unit pemrosesan grafis
cpu;unit pemrosesan pusat
tpu;unit pemrosesan tensor
ram;memori akses acak
ssd;solid state drive
hdd;hard disk drive
bandwidth;lebar pita
latency;latensi
throughput;laju aliran
uptime;waktu aktif
downtime;waktu tidak aktif
ping;ping
packetloss;kehilangan paket
firewall;tembok api
vpn;jaringan privat virtual
proxy;proksi
dns;sistem nama domain
domain;domain
hosting;hosting
sharedhosting;hosting bersama
vps;server privat virtual
dedicatedserver;server khusus
cloudhosting;hosting awan
cpanel;cPanel
wordpress;WordPress
woocommerce;WooCommerce
shopify;Shopify
cms;sistem manajemen konten
plugin;pengaya
theme;tema
template;templat
landingpagebuilder;pembuat halaman tujuan
elementor;Elementor
webdesign;desain web
ux;pengalaman pengguna
ui;antarmuka pengguna
uidesign;desain antarmuka pengguna
uxresearch;riset pengalaman pengguna
wireframe;kerangka desain
mockup;tiruan desain
prototype;purwarupa
figma;Figma
adobexd;Adobe XD
sketchapp;Sketch
userjourney;perjalanan pengguna
accessibility;aksesibilitas
responsivedesign;desain responsif
darkmode;mode gelap
lightmode;mode terang
fullscreen;layar penuh
popup;jendela munculan
modal;kotak dialog
sidebar;bilah samping
navbar;bilah navigasi
breadcrumb;jejak navigasi
footer;bagian bawah halaman
header;bagian atas halaman
heroimage;gambar utama
carousel;tayangan bergilir
slider;penggeser
accordion;panel lipat
tooltip;petunjuk singkat
microinteraction;interaksi kecil
gamification;gamifikasi
leaderboards;papan peringkat
achievementbadge;lencana pencapaian
rewardpoint;poin penghargaan
loyaltyprogram;program loyalitas
membership;keanggotaan
premiumuser;pengguna premium
freeuser;pengguna gratis
subscription;langganan
subscribe;berlangganan
unsubscribe;berhenti berlangganan
trial;masa percobaan
freetrial;uji coba gratis
upgradeplan;tingkatkan paket
downgradeplan;turunkan paket
paywall;batas berbayar
checkoutpage;halaman pembayaran
paymentgateway;gerbang pembayaran
midtrans;Midtrans
xendit;Xendit
stripe;Stripe
paypal;PayPal
applepay;Apple Pay
googlepay;Google Pay
virtualaccount;rekening virtual
banktransfer;transfer bank
autodebet;debit otomatis
invoice;faktur
receipt;tanda terima
billing;penagihan
tax;pajak
ppn;pajak pertambahan nilai
pph;pajak penghasilan
npwp;nomor pokok wajib pajak
audit;audit
auditing;pengauditan
compliance;kepatuhan
legal;hukum
legalitas;keabsahan hukum
perizinan;izin usaha
oss;sistem perizinan berusaha
nib;nomor induk berusaha
hakcipta;hak cipta
paten;paten
merekdagang;merek dagang
copyright;hak cipta
trademark;merek dagang
privacypolicy;kebijakan privasi
termsofservice;syarat layanan
cookiepolicy;kebijakan kuki
disclaimer;penyangkalan
faq;pertanyaan yang sering diajukan
qna;tanya jawab
ama;tanya jawab terbuka
askmeanything;tanya saya apa saja
polling;jajak pendapat
survey;survei
feedback;umpan balik
testimonial;testimoni
reviewer;pengulas
ratingbintang;penilaian bintang
starseller;penjual unggulan
toprated;peringkat teratas
verified;terverifikasi
verifiedaccount;akun terverifikasi
bluecheck;tanda centang biru
centangbiru;verifikasi akun
officialaccount;akun resmi
fanaccount;akun penggemar
stanaccount;akun penggemar
personalaccount;akun pribadi
businessaccount;akun bisnis
privateaccount;akun privat
publicaccount;akun publik
closefriends;teman dekat
cf;teman dekat
mutualan;saling mengikuti
mutual;saling mengikuti
mutualku;orang yang saling mengikuti
followersnaik;pengikut bertambah
followersdrop;pengikut berkurang
shadowban;pembatasan jangkauan
algoritma;algoritme
algoritmanya;algoritme
discoverability;kemudahan ditemukan
viralmarketing;pemasaran viral
wordofmouth;promosi dari mulut ke mulut
communitybuilding;pembangunan komunitas
communitymanager;pengelola komunitas
moderatorchat;moderator percakapan
livemoderator;moderator siaran langsung
hostlive;pembawa acara siaran langsung
giftlive;hadiah siaran langsung
saweria;Saweria
trakteer;Trakteer
sociabuzz;Sociabuzz
tipcreator;memberi tip kepada kreator
donasi;sumbangan
crowdfunding;pendanaan bersama
kitabisa;Kitabisa
fundraising;penggalangan dana
charity;amal
charityevent;acara amal
volunteer;relawan
volunteering;kerelawanan
socialimpact;dampak sosial
nonprofit;nirlaba
yayasan;organisasi nirlaba
communityservice;pengabdian masyarakat
pengmas;pengabdian masyarakat
csr;tanggung jawab sosial perusahaan
sdgs;tujuan pembangunan berkelanjutan
sustainability;keberlanjutan
greenenergy;energi hijau
ecofriendly;ramah lingkungan
zerowaste;tanpa limbah
recycle;daur ulang
upcycle;guna ulang
climatechange;perubahan iklim
globalwarming;pemanasan global
carbonfootprint;jejak karbon
earthhour;jam bumi
saveearth;selamatkan bumi
savetheplanet;selamatkan planet
go green;hidup ramah lingkungan
greenliving;gaya hidup hijau
plantbased;berbasis tumbuhan
vegan;vegan
vegetarian;vegetarian
organicfood;makanan organik
farmtotable;dari kebun ke meja
sustainablefashion;mode berkelanjutan
ecotourism;wisata ramah lingkungan
travelsustainable;perjalanan berkelanjutan
cleanenergy;energi bersih
solarpanel;panel surya
electricvehicle;kendaraan listrik
ev;kendaraan listrik
chargingstation;stasiun pengisian daya
smartcity;kota pintar
digitaltransformation;transformasi digital
industry40;industri 4.0
society50;masyarakat 5.0
futureofwork;masa depan pekerjaan
futuretech;teknologi masa depan
innovation;inovasi
innovator;inovator
innovative;inovatif
creativity;kreativitas
creativeeconomy;ekonomi kreatif
creativepreneur;wirausaha kreatif
contenteconomy;ekonomi konten
creatorfund;dana kreator
monetisasi;monetisasi
monetize;menghasilkan pendapatan
adsense;AdSense
youtubepartner;mitra YouTube
tiktokcreator;kreator TikTok
instagramcreator;kreator Instagram
streamlabs;Streamlabs
obs;Open Broadcaster Software
livestreaming;siaran langsung
multistream;siaran ke banyak platform
podcaster;pembuat siniar
newsletter;buletin
emailmarketing;pemasaran surel
mailinglist;daftar surel
automation;otomatisasi
workflowautomation;otomatisasi alur kerja
zapier;Zapier
makecom;Make
n8n;n8n
chatgpt;ChatGPT
gemini;Gemini
claude;Claude
copilot;Copilot
perplexity;Perplexity
midjourney;Midjourney
stablediffusion;Stable Diffusion
sora;Sora
imagegeneration;pembuatan gambar
texttospeech;teks ke suara
speechtotext;suara ke teks
voiceclone;kloning suara
deepfake;pemalsuan digital
cybersecurity;keamanan siber
phishing;penipuan daring
malware;perangkat lunak berbahaya
ransomware;perangkat lunak penyandera
spyware;perangkat lunak mata-mata
passwordmanager;pengelola kata sandi
twofactorauthentication;autentikasi dua faktor
2fa;autentikasi dua faktor
otpcode;kode sekali pakai
databreach;kebocoran data
cyberattack;serangan siber
ethicalhacking;peretasan etis
bugbounty;program pencarian celah
pentesting;uji penetrasi
digitalfootprint;jejak digital
onlineprivacy;privasi daring
internetsecurity;keamanan internet
safebrowsing;penjelajahan aman
factcheck;pemeriksaan fakta
misinformation;misinformasi
disinformation;disinformasi
clickfarm;peternakan klik
botaccount;akun bot
sockpuppet;akun samaran
echochamber;ruang gema
filterbubble;gelembung filter
digitaldetox;detoks digital
screen time;waktu layar
screentime;waktu layar
doomposting;unggahan bernada pesimis
shitposting;unggahan asal-asalan
meme;meme
memes;meme
reactionmeme;meme reaksi
dankmeme;meme absurd
template meme;templat meme
insidejoke;candaan internal
runningjoke;candaan berulang
copypasta;teks yang sering disalin
copas;salin-tempel
copasin;menyalin
threadviral;utas viral
quoteoftheday;kutipan hari ini
motivationquote;kutipan motivasi
dailyreminder;pengingat harian
selfreminder;pengingat untuk diri sendiri
remindertoday;pengingat hari ini
mondaymotivation;motivasi hari Senin
fridayblessing;berkah hari Jumat
weekendmood;suasana akhir pekan
sundayvibes;suasana hari Minggu
latepost;unggahan terlambat
reuploadlagi;unggah ulang
archivepost;arsip unggahan
pinnedpost;unggahan yang disematkan
highlightstory;sorotan cerita
digitallegacy;warisan digital
internetculture;budaya internet
onlinecommunity;komunitas daring
globalcitizen;warga dunia
borderless;tanpa batas
connectedworld;dunia yang terhubung
futureisnow;masa depan adalah sekarang
nextgeneration;generasi berikutnya
beyondlimits;melampaui batas
keepinnovating;terus berinovasi
thejourneycontinues;perjalanan terus berlanjut
makasii;terima kasih
makasihh;terima kasih
makasiih;terima kasih
makasiii;terima kasih
makacii;terima kasih
mksih;terima kasih
mksii;terima kasih
mksihh;terima kasih
mkshh;terima kasih
mkasih;terima kasih
trims;terima kasih
trimakasih;terima kasih
terimakasii;terima kasih
terimakasi;terima kasih
terimakasihh;terima kasih
trmksh;terima kasih
thnks;terima kasih
thankss;terima kasih
thankss;terima kasih
thankyouu;terima kasih
gakk;tidak
gakkk;tidak
gakkkk;tidak
gax;tidak
gx;tidak
gkz;tidak
gakh;tidak
gaaa;tidak
nggakk;tidak
enggakk;tidak
s4y4;saya
s@y@;saya
54y4;saya
say4;saya
s4yaa;saya
4ku;aku
akuu;aku
4q;aku
aqqu;aku
akuhh;aku
k4mu;kamu
kamuu;kamu
kamoh;kamu
qmuu;kamu
qmuu;kamu
kmuu;kamu
kamyu;kamu
kamoe;kamu
loeh;kamu
luuu;kamu
bangeeet;banget
bangettt;banget
bangetz;banget
bangetss;banget
bangettuh;banget
bngt;banget
bngtt;banget
bnget;banget
banged;banget
bangetttt;banget
mantaaap;mantap
mantappp;mantap
mantapppp;mantap
mantulll;mantap
mantulz;mantap
mantaapp;mantap
mntp;mantap
mntap;mantap
m4nt4p;mantap
mantabbss;mantap
kereeennn;keren
kerennn;keren
krn;keren
kereeen;keren
k3r3n;keren
kereenz;keren
kerenabis;keren
kerennpol;keren
kereeeen;keren
kereeens;keren
lucuuu;lucu
luccu;lucu
lucuuuuu;lucu
luccuuu;lucu
lucuakut;lucu
gemess;gemas
gemessh;gemas
gemesin;gemas
gemay;gemas
gemayy;gemas
sediih;sedih
sediiihh;sedih
sedihhh;sedih
sedii;sedih
s3d1h;sedih
sedhy;sedih
sadness;sedih
sadboiii;sedih
sadgurl;sedih
sadlife;sedih
capek;capai
capekk;capai
capekkk;capai
capeeek;capai
capcy;capai
cpk;capai
cpkbanget;sangat capai
capepol;sangat capai
capedeh;capai
capekbro;capai
politikus;politikus
cebong;pendukung politik tertentu
kampret;pendukung politik tertentu
kadrun;istilah politik
buzzer;pendengung politik
buzzerrp;pendengung berbayar
oposisi;oposisi
koalisi;koalisi
capres;calon presiden
cawapres;calon wakil presiden
pilpres;pemilihan presiden
pilkada;pemilihan kepala daerah
pemilu;pemilihan umum
nyoblos;memberikan suara
golput;tidak menggunakan hak pilih
quickcount;hitung cepat
realcount;hitung nyata
exitpoll;jajak pendapat keluar
debatcapres;debat calon presiden
politikidentitas;politik identitas
maba2026;mahasiswa baru
anaksemesterakhir;mahasiswa semester akhir
semestertua;mahasiswa senior
angkatan24;mahasiswa angkatan 2024
angkatan25;mahasiswa angkatan 2025
angkatan26;mahasiswa angkatan 2026
anakhimpunan;anggota himpunan
bem;badan eksekutif mahasiswa
dpm;dewan perwakilan mahasiswa
ormawa;organisasi mahasiswa
kpmm;kelompok mahasiswa
ukm;unit kegiatan mahasiswa
kkn;kuliah kerja nyata
pkl;praktik kerja lapangan
ta;tugas akhir
sempro;seminar proposal
semhas;seminar hasil
kompre;ujian komprehensif
yudisium;yudisium
wisudawan;peserta wisuda
goalll;gol
gollll;gol
hattrick;tiga gol
assist;umpan gol
clean sheet;tanpa kebobolan
ucl;Liga Champions
epl;Liga Inggris
laliga;Liga Spanyol
seriea;Liga Italia
bundesliga;Liga Jerman
liga1;Liga 1 Indonesia
timnas;tim nasional
timnasday;hari pertandingan tim nasional
garuda;tim nasional Indonesia
garudamendunia;tim nasional Indonesia
coach;pelatih
manofthematch;pemain terbaik
motm;pemain terbaik
transferwindow;bursa transfer
derby;pertandingan rival
btc;Bitcoin
eth;Ethereum
sol;Solana
xrp;XRP
doge;Dogecoin
memecoin;koin meme
shitcoin;koin spekulatif
moon;kenaikan harga besar
tothemoon;naik sangat tinggi
rekt;mengalami kerugian besar
bagholder;pemegang aset rugi
paperhand;mudah menjual aset
diamondhand;tetap memegang aset
whale;pemilik aset besar
airdrop;pembagian aset gratis
staking;penguncian aset
yieldfarming;pertanian imbal hasil
dex;bursa terdesentralisasi
cex;bursa terpusat
bullrun;masa kenaikan pasar
bearmarket;masa penurunan pasar
altseason;musim kenaikan altcoin
koreksipasar;penurunan pasar
fud;ketakutan dan keraguan
fomo;takut ketinggalan
ngakakkk;tertawa
wkwkwkwk;tertawa
awokwokwok;tertawa
hahahahaa;tertawa
xixixixi;tertawa
m4k451h;terima kasih
m4k4s1h;terima kasih
m4k4s!h;terima kasih
m4k4s!hh;terima kasih
m4k4s1hh;terima kasih
m4k4cih;terima kasih
m4k4c!h;terima kasih
makas1h;terima kasih
mak451h;terima kasih
m4k4sihhh;terima kasih
t3r1m4k451h;terima kasih
t3r!m4k451h;terima kasih
t3r1m4k4s1h;terima kasih
t3rim4k4sih;terima kasih
t3r1m4k4s1hh;terima kasih
tr1m4k451h;terima kasih
trmksh;terima kasih
trmkshh;terima kasih
trm4k451h;terima kasih
t3ngkyuuu;terima kasih
g4k;tidak
g4kk;tidak
g4kkk;tidak
g4x;tidak
g4kh;tidak
g@k;tidak
g@kk;tidak
g4aaa;tidak
g4a;tidak
g4aakk;tidak
3ngg4k;tidak
3ngg4kk;tidak
3ngg4;tidak
3ngg4h;tidak
ngg4k;tidak
ngg4kk;tidak
ngg4aaa;tidak
n9gak;tidak
g4z;tidak
g4dz;tidak
54y4;saya
54y44;saya
s4y444;saya
5aya;saya
s4yaa;saya
5@y4;saya
$aya;saya
5ay4;saya
s4yy4;saya
s4yy44;saya
4kuhh;aku
4kuu;aku
4qu;aku
4qyu;aku
aqyu;aku
aquh;aku
4kkoe;aku
akoe;aku
4kue;aku
akuuu;aku
k4muh;kamu
k4muu;kamu
k4muuu;kamu
k4moe;kamu
kamuwh;kamu
k4myu;kamu
kamyuu;kamu
qmuu;kamu
qmuh;kamu
qmuuu;kamu
b4ng3t;banget
b4ng3tt;banget
b4n93t;banget
bang3t;banget
bangeeettt;banget
bangeeeeeet;banget
bng3t;banget
bngttt;banget
bangezt;banget
b4ngetzz;banget
m4nt4p;mantap
m4nt4pp;mantap
m4nt4ppp;mantap
m4ntaapp;mantap
m4ntul;mantap
m4ntulll;mantap
m4nt4bz;mantap
m4nt4bs;mantap
m4nt4ppz;mantap
m4n74p;mantap
k3r3n;keren
k3r3nn;keren
k3r3nnn;keren
k3reeen;keren
k3r3nz;keren
kr3n;keren
kr3nn;keren
kereeenzz;keren
k3r3nabis;keren
k3r3npol;keren
lucuuuuu;lucu
lucuuuuuu;lucu
lucukkk;lucu
lucuuzz;lucu
lucuyyy;lucu
luccuuuu;lucu
luccuy;lucu
lucu pol;lucu
lucu bgt;lucu
lucu parah;lucu
g3m35;gemas
g3m355;gemas
g3m3s;gemas
g3m4s;gemas
g3m4yy;gemas
g3moy;gemas
g3moyyy;gemas
g3m35h;gemas
g3m355h;gemas
g3m355hh;gemas
53d1h;sedih
53d1hh;sedih
53d1hhh;sedih
53diiih;sedih
53dboi;sedih
53dgurl;sedih
53dlife;sedih
sedihhhhhh;sedih
sediiiihhh;sedih
sediihhhh;sedih
c4p3k;capai
c4p3kk;capai
c4p3kkk;capai
capeeekkk;capai
capekkkk;capai
c4p3z;capai
cp3k;capai
cp3kk;capai
capekpol;capai
capekbangett;sangat capai
ng4k4k;tertawa
ng4k4kk;tertawa
ng4k4kkk;tertawa
ngakakkkk;tertawa
ngakakpol;tertawa
ngakakabis;tertawa
ng4k4kz;tertawa
ng4k4ks;tertawa
ngakakparah;tertawa
ngakakterus;tertawa
wkwkwkwkwk;tertawa
wkakakaka;tertawa
wkwwkwkw;tertawa
wkwk land;tertawa
wkwkwkz;tertawa
awokwokwokwok;tertawa
awokawok;tertawa
huehuehue;tertawa
hehehehe;tertawa
xixixixix;tertawa
anjjj;anjing
anjjjj;anjing
anjriit;anjing
anjrott;anjing
anjayy;anjing
anjayyy;anjing
anjas;anjing
anjasss;anjing
anjirrr;anjing
anjimmm;anjing
bjirr;terkejut
bjirrr;terkejut
bejirrr;terkejut
busettt;terkejut
busetdah;terkejut
astagaaa;terkejut
astagfirli;astagfirullah
yaampunnn;terkejut
wehhh;wah
wihhh;wah
timnasgaruda;tim nasional Indonesia
garudaasia;tim nasional Indonesia
garudaemas;tim nasional Indonesia
indopride;kebanggaan Indonesia
merahputih;Indonesia
anaksenayan;politikus
wakilrakyat;anggota legislatif
kursisenayan;jabatan legislatif
kampusmerdekaaa;program Kampus Merdeka
anakbem;anggota BEM
anakukm;anggota UKM
anakorganisasi;anggota organisasi
skripsiku;skripsi
pejuangta;pejuang tugas akhir
pejuangsempro;peserta seminar proposal
pejuangwisuda;peserta wisuda
anakkripto;investor kripto
holderbtc;pemegang Bitcoin
holdereth;pemegang Ethereum
cryptobro;penggemar kripto
1nst4gr4m;Instagram
1g;Instagram
igstory;cerita Instagram
iglive;siaran langsung Instagram
inst4;Instagram
inst4gramm;Instagram
insto;Instagram
inst4story;cerita Instagram
instareels;video pendek Instagram
reelss;video pendek
yt;YouTube
yutub;YouTube
yuutub;YouTube
utub;YouTube
youtubee;YouTube
ytshorts;video pendek YouTube
shortss;video pendek
subrek;berlangganan
subrekguys;berlangganan
subcribe;berlangganan
tiktokk;TikTok
tt;TikTok
ttshop;TikTok Shop
fypbanget;masuk halaman rekomendasi
fypppp;halaman rekomendasi
fyppppp;halaman rekomendasi
fypterus;halaman rekomendasi
fypdongg;halaman rekomendasi
masukfyp;masuk halaman rekomendasi
viralditiktok;viral di TikTok
tele;Telegram
telegrup;grup Telegram
telechannel;saluran Telegram
wa;WhatsApp
waa;WhatsApp
wapriv;pesan pribadi WhatsApp
wagroup;grup WhatsApp
wagc;grup WhatsApp
joinwagc;bergabung grup WhatsApp
wablast;pesan massal WhatsApp
dcserver;server Discord
dc;Discord
discordd;Discord
joinvc;bergabung panggilan suara
vcdiscord;panggilan suara Discord
teleponan;bertelepon
mabarrr;main bersama
mabar kuy;main bersama
gasmabar;ayo main bersama
mabarml;main Mobile Legends
mabarff;main Free Fire
mabarpubg;main PUBG
mabarvalo;main Valorant
mabarlol;main League of Legends
mlbb;Mobile Legends
mobilelegends;Mobile Legends
mobel lejen;Mobile Legends
mole;Mobile Legends
emel;Mobile Legends
ml;Mobile Legends
ff;Free Fire
freefiree;Free Fire
ep ep;Free Fire
pubgm;PUBG Mobile
pubgg;PUBG
valorantt;Valorant
valo;Valorant
vct;Valorant Champions Tour
genshin;Genshin Impact
genshinimpact;Genshin Impact
hok;Honor of Kings
hokk;Honor of Kings
roblox;Roblox
minekraft;Minecraft
minecraftt;Minecraft
stumble;Stumble Guys
stumbleguys;Stumble Guys
steam;Steam
epicgames;Epic Games
riotgames;Riot Games
gacha;sistem undian
gachaaa;sistem undian
pull;melakukan undian
pullrate;tingkat keberhasilan undian
rateup;peningkatan peluang
pity;jaminan undian
softpity;jaminan awal
hardpity;jaminan penuh
reroll;mengulang akun
mainacc;akun utama
altacc;akun alternatif
smurf;akun tambahan
booster;peningkat peringkat
joki;pemain pengganti berbayar
jokirank;jasa peningkatan peringkat
pushrankk;menaikkan peringkat
pushmythic;menuju peringkat Mythic
mythicalglory;peringkat Mythical Glory
immortal;peringkat Immortal
radiant;peringkat Radiant
noobz;pemula
nubie;pemula
newbiee;pemula
proplayerz;pemain profesional
ggg;hebat
ggwpbro;permainan yang bagus
ezpz;mudah
ezzzz;mudah
carryabangku;membawa kemenangan
hardcarryyy;membawa kemenangan
feeder;sering kalah
feedd;sering kalah
feeding;sering kalah
afkk;tidak berada di depan perangkat
afk dulu;tidak berada di depan perangkat
dcgame;terputus dari permainan
lagbanget;keterlambatan tinggi
ngelag;mengalami keterlambatan
lagparah;keterlambatan tinggi
pingmerah;latensi tinggi
toxicplayer;pemain berperilaku buruk
toxicbang;berperilaku buruk
flamer;orang yang suka menghina
trashtalk;ucapan menghina
reportdia;laporkan dia
banaja;blokir saja
cheater;pemain curang
wallhack;kecurangan permainan
aimbot;alat bidik otomatis
hackmap;peta curang
scriptuser;pengguna skrip curang
ngecheat;berbuat curang
rankturun;turun peringkat
naikrank;naik peringkat
topglobal;peringkat dunia
topindo;peringkat Indonesia
sultanml;pemain kaya Mobile Legends
skinlegend;skin legenda
epicskin;skin epik
collectorskinn;skin kolektor
javv;bahasa Jawa
jowo;bahasa Jawa
wongjowo;orang Jawa
piye;bagaimana
piyekabare;bagaimana kabarnya
opo;apa
opoiki;apa ini
opojal;apa
ora;tidak
oraa;tidak
ra;tidak
rapopo;tidak apa-apa
gapopo;tidak apa-apa
ndak;tidak
ndakpopo;tidak apa-apa
nggeh;iya
nggih;iya
injih;iya
monggo;silakan
maturnuwun;terima kasih
punteneuy;permisi
puntennuhun;permisi
kumaha;bagaimana
kumahakabarna;bagaimana kabarnya
naha;mengapa
teuing;tidak tahu
abdi;saya
aing;saya
maneh;kamu
urang;saya
hatur nuhun;terima kasih
sampurasun;salam Sunda
rampes;baik
puntenkang;permisi
mangga;silakan
bah;sapaan
horas;salam Batak
mauliate;terima kasih
aha;apa
ito;sapaan teman
eda;jangan
bahenol;menarik
cakapbah;bagus
ndang;cepat
lekaslah;cepat
cepetanwoi;cepat
woii;hai
woyyy;hai
brodiee;saudara
brobro;saudara
sisbro;saudari
sobatgaming;teman bermain
sobatmabar;teman bermain
bestieml;sahabat Mobile Legends
anakwarnet;pengunjung warung internet
warnetan;bermain di warung internet
rentalps;tempat sewa PlayStation
psan;bermain PlayStation
ps5;PlayStation 5
xbox;Xbox
senenggg;senang
senengggg;senang
senengbgtt;sangat senang
senenk;senang
seneeeng;senang
senengpoll;sangat senang
happyyy;senang
hepiii;senang
happyyy;senang
h4ppy;senang
kesell;kesal
keselll;kesal
keselbgtt;sangat kesal
keseeell;kesal
keselpol;sangat kesal
kesalabis;sangat kesal
ngeselin;menjengkelkan
nyebelin;menjengkelkan
keselbangett;sangat kesal
keselparah;sangat kesal
marahhh;marah
marahhhh;marah
m4r4h;marah
m4r4hhh;marah
ngamukkk;mengamuk
ngambek;merajuk
ngambekkk;merajuk
badmoodd;suasana hati buruk
emosiii;emosi
emosian;mudah marah
capehati;lelah secara emosional
kecewaa;kecewa
kecewaaa;kecewa
kecewabgt;sangat kecewa
kecewaparah;sangat kecewa
disappointed;kecewa
kecewaberat;sangat kecewa
nyesekkk;sesak hati
nyeseeek;sesak hati
sakitati;sakit hati
bahagiaaa;bahagia
bahagiaaaa;bahagia
bahagiapol;sangat bahagia
happybanget;sangat bahagia
senangsekali;sangat bahagia
terharuuu;terharu
haruuu;terharu
mewekk;menangis
mewekkk;menangis
nangisdong;menangis
nangisbanget;sangat sedih
cryinggg;menangis
crybaby;mudah menangis
cryinginside;sedih
airmataku;air mata
terenyuh;terharu
terharubgt;sangat terharu
speechlesss;tidak dapat berkata-kata
speechlessbanget;sangat takjub
gabisa berkata;tidak dapat berkata-kata
astajim;astagfirullah
astagaaa;astagfirullah
astaghfirullah;astagfirullah
astagfirrullah;astagfirullah
masyaallahh;masyaallah
mashallah;masyaallah
subhanallahh;subhanallah
alhamdulilah;alhamdulillah
alhamdulillaah;alhamdulillah
insyaallah;insyaallah
amiin;amin
aamiin;amin
aamiinn;amin
aminnn;amin
yaallahhh;ya Allah
yaallahh;ya Allah
yaampunn;ya ampun
ampunbanggg;ampun
ampunsepuhhh;ampun
masuksurga;masuk surga
urangawak;orang Minang
awak;saya
ambo;saya
denai;saya
uda;kakak laki-laki
uni;kakak perempuan
indak;tidak
indakapoapo;tidak apa-apa
baa;bagaimana
apo;apa
apoiyo;apa iya
lahkama;ke mana
kamano;ke mana
janlupo;jangan lupa
makasiuda;terima kasih
tabik;salam
salamurangawak;salam Minang
dima;di mana
kaaiko;ke sini
urangminang;orang Minang
kiye;begini
ko;kamu
ta;kita
mace;ibu
pace;ayah
sa;saya
koorang;kalian
kitong;kita
dongorang;mereka
sudahkahko;apakah kamu sudah
papuahebat;Papua hebat
anaktimur;orang Indonesia bagian timur
timurkeras;orang timur yang tangguh
papualand;Papua
tanahpapua;Papua
bugispride;kebanggaan Bugis
makkunrai;perempuan
uroane;laki-laki
iyye;iya
tabe;permisi
ki;kamu
melo;datang
jokka;pergi
sipakatau;saling menghormati
sulselpride;kebanggaan Sulawesi Selatan
balipride;kebanggaan Bali
rahajeng;selamat
suksma;terima kasih
matursuksma;terima kasih
omswastiastu;salam pembuka
punapi;apa
tiang;saya
ragane;kamu
ngiring;ikut
sampuns;sudah
napi;apa
bli;kakak laki-laki
mbok;ibu
gede;besar
ajik;ayah
kpoper;penggemar K-Pop
kpopers;penggemar K-Pop
army;penggemar BTS
blink;penggemar Blackpink
once;penggemar TWICE
moa;penggemar TXT
carat;penggemar Seventeen
engene;penggemar ENHYPEN
stay;penggemar Stray Kids
nctzen;penggemar NCT
exo-l;penggemar EXO
shawol;penggemar SHINee
elf;penggemar Super Junior
fandomwar;perselisihan antar penggemar
fanwar;perselisihan penggemar
biaswrecked;idola yang menggeser favorit
biasline;daftar idola favorit
ultgroup;grup favorit utama
cb;comeback
streamingparty;acara menonton bersama
streammassal;menonton bersama
voteidol;memberi suara untuk idola
votingmassal;pemungutan suara bersama
lightstickku;tongkat lampu saya
photocard;kartu foto
poca;kartu foto
pob;bonus pra-pesan
albumsealed;album tersegel
albumunsealed;album terbuka
fansite;situs penggemar
cosplayerindo;pemeran karakter Indonesia
jejepangan;menyukai budaya Jepang
otwjejepangan;menuju acara Jepang
wibunolep;wibu yang tidak bersosialisasi
otakuindo;penggemar anime Indonesia
animelover;pecinta anime
mangalover;pecinta manga
animenight;malam menonton anime
animemarathon;menonton anime terus-menerus
coswalk;parade cosplay
eventjejepangan;acara budaya Jepang
comifuro;acara budaya populer
comiccon;konvensi komik
jejepangfest;festival Jepang
vtuber;penghibur virtual
oshiku;idola virtual favorit
hololive;Hololive
nijisanji;Nijisanji
clipper;pembuat potongan video
reactor;pembuat video reaksi
livereaction;reaksi langsung
streamer;penyiar langsung
streamsniper;pengganggu siaran langsung
donothingsilly;jangan lakukan hal bodoh
chatspam;spam percakapan
emotspam;spam emotikon
pogchamp;ekspresi antusias
pepega;istilah lucu internet
kekw;tertawa
monkas;ekspresi gugup
skibidi;istilah meme internet
skibiditoilet;meme internet
rizz;daya tarik
unspokenrizz;daya tarik alami
rizzler;orang yang memiliki daya tarik
negativeaura;kesan negatif
positiveauraa;kesan positif
aurafarming;membangun citra diri
aura+1000;sangat berwibawa
aura9999;sangat berwibawa
sigmaedit;video tokoh percaya diri
sigmaboy;laki-laki mandiri
sigmamale;laki-laki mandiri
alphamale;pemimpin laki-laki
betamale;laki-laki pengikut
gigachadd;orang yang sangat percaya diri
chad;orang yang percaya diri
based;berpendirian kuat
cringe;memalukan
cringeee;memalukan
delulu;berkhayal berlebihan
deluluisthesolulu;khayalan adalah solusi
copium;hiburan diri
hopium;harapan
brainrot;obsesi berlebihan
genzbrainrot;bahasa gaul Gen Z
ohio;meme internet
onlyinohio;hal aneh
sus;mencurigakan
sussybaka;orang mencurigakan
amongus;meme permainan
imposter;penyamar
impostor;penyamar
venting;mencurahkan perasaan
vent;mencurahkan isi hati
touchgrass;keluar dan bersosialisasi
gooutside;keluar rumah
chronicallyonline;terlalu sering daring
terminallyonline;terlalu lama berada di internet
npcenergy;seperti karakter non-pemain
maincharenergy;energi tokoh utama
maincharvibes;suasana tokoh utama
villainarc;fase menjadi antagonis
redemptionarc;fase perbaikan diri
characterdevelopment;perkembangan karakter
plotarmor;perlindungan tokoh utama
canon event;peristiwa penting
corecore;konten reflektif
corecoreedit;video reflektif
literallyme;sangat menggambarkan diri
slay;hebat
slayyy;hebat
slayed;berhasil tampil hebat
ate;sangat berhasil
ateandleftnocrumbs;sangat berhasil
queenbehavior;perilaku luar biasa
kingbehavior;perilaku luar biasa
mother;ikon perempuan
mothering;sangat mengesankan
iconicqueen;ikonik
yasqueen;hebat
periodt;titik
purrr;bagus
serve;menampilkan dengan baik
servinglooks;berpenampilan menarik
cunty;sangat modis
itsgiving;memberikan kesan
itsgivingrich;terlihat mewah
itsgivingmaincharacter;berkesan seperti tokoh utama
ateitup;melakukan dengan sangat baik
situationship;hubungan tanpa kepastian
talkingstage;masa pendekatan
softlaunchpacar;memperkenalkan pasangan secara halus
hardlaunchpacar;memperkenalkan pasangan secara terbuka
crushh;orang yang disukai
crushku;orang yang saya sukai
gebetann;orang yang didekati
gebetanbaru;orang yang sedang didekati
pdkt;pendekatan
pdktterus;terus melakukan pendekatan
friendzone;zona pertemanan
brozone;dianggap saudara
lovebombingg;memberi perhatian berlebihan
ghostingg;menghilang tanpa kabar
slowfade;mengurangi komunikasi secara perlahan
breadcrumbingg;memberi harapan sedikit demi sedikit
benching;menjadikan cadangan hubungan
orbiting;tetap mengamati mantan
stalking;mengawasi
nstalk;mengamati media sosial
mutualfeelings;perasaan yang sama
one sided love;cinta bertepuk sebelah tangan
onesided;sepihak
greenforest;pasangan yang baik
greenflagbanget;tanda sangat baik
redflagparah;tanda sangat buruk
beigeflagg;tanda netral
yellowflag;tanda peringatan
blackflag;tanda sangat buruk
toxicbangett;sangat buruk
bjirrr;ungkapan terkejut
bjirr;ungkapan terkejut
bjrit;ungkapan terkejut
jirrr;ungkapan terkejut
jirr;ungkapan terkejut
jir;ungkapan terkejut
anjirrrr;ungkapan terkejut
anjayyyy;ungkapan kagum
anjasss;ungkapan kagum
anjrottt;ungkapan terkejut
bejirrrr;ungkapan terkejut
beuhh;ungkapan kagum
behhh;ungkapan kagum
wehjj;ungkapan kaget
wadidaw;ungkapan kagum
waduhhh;ungkapan kaget
busetttt;ungkapan kaget
gileee;gila
gilakk;gila
gilsss;hebat
mager akut;sangat malas bergerak
rebahanterus;terus berbaring
gabutpol;sangat tidak ada kegiatan
gabuters;orang yang tidak ada kegiatan
gabutmax;sangat tidak ada kegiatan
healingdulu;beristirahat sejenak
healingtipis;berlibur singkat
healingtipistipis;berlibur singkat
healingbanget;sedang berlibur
healingmulu;terus berlibur
nongki;berkumpul
nongkuy;ayo berkumpul
nongkiskuy;ayo berkumpul
nongkrongtipis;berkumpul sebentar
nongkrongdulu;berkumpul dahulu
gaskeun;ayo lakukan
gaspolll;ayo lakukan
gasterus;terus lakukan
gasaja;langsung lakukan
gasbang;ayo
skuyy;ayo
skuyyyy;ayo
cusss;ayo pergi
cusskeun;ayo berangkat
otwbang;sedang dalam perjalanan
otwwww;sedang dalam perjalanan
otwnih;sedang dalam perjalanan
onmywayy;sedang menuju
meluncurr;sedang berangkat
merapattt;mendekat
mantappjiwa;sangat mantap
josgandos;sangat bagus
ciamik;bagus
ciamikkk;bagus
topcer;sangat bagus
topmarkotop;sangat bagus
josss;bagus
josssgandos;sangat bagus
maknyusss;sangat enak
mantuljiwa;sangat mantap
sepuhh;orang yang sangat berpengalaman
sepuhgaming;orang berpengalaman dalam gim
masterrr;ahli
mastah;ahli
mastahhh;ahli
suhuu;guru
suhuuh;guru
sultanbanget;sangat kaya
sultanabis;sangat kaya
crazyrich;sangat kaya
orangdalem;orang yang memiliki koneksi
ordal;orang dalam
ordall;orang dalam
jalurordal;jalur orang dalam
nepobaby;orang yang diuntungkan koneksi keluarga
anakemas;orang yang diistimewakan
goldenchild;anak yang diistimewakan
privilegecheck;pemeriksaan hak istimewa
selfmade;berhasil dengan usaha sendiri
fromzerotohero;berhasil dari nol
workhardplayhard;bekerja keras dan menikmati hidup
riseandgrind;bangun dan bekerja keras
keepgrinding;terus bekerja keras
letsgoo;ayo
letsgoooo;ayo
wegotthis;kita pasti bisa
lockedin;sangat fokus
dialedin;sangat fokus
staylockedin;tetap fokus
cook;melakukan dengan baik
letshimcook;biarkan dia melakukannya
cooked;gagal
imcooked;saya dalam masalah
wearecooked;kita dalam masalah
overcooked;berlebihan
cooking;sedang melakukan sesuatu dengan baik
nocap;jujur
frfr;benar-benar
ong;demi Tuhan
istg;saya bersumpah
imooo;menurut saya
imho;menurut saya dengan rendah hati
idk;saya tidak tahu
idkkkk;saya tidak tahu
idc;saya tidak peduli
idgaf;saya tidak peduli
tbh;sejujurnya
tbhfr;sejujurnya
btw;omong-omong
btww;omong-omong
asap;sesegera mungkin
fyi;sebagai informasi
afaik;sepanjang yang saya ketahui
irl;di kehidupan nyata
lmao;tertawa terbahak-bahak
lmfao;tertawa sangat keras
rofl;tertawa berguling-guling
omg;ya Tuhan
omggg;ya Tuhan
wtf;ungkapan keterkejutan
wtffff;ungkapan keterkejutan
brb;segera kembali
gtg;harus pergi
ttyl;bicara lagi nanti
ily;aku mencintaimu
ilysm;aku sangat mencintaimu
ilymore;aku lebih mencintaimu
xoxo;peluk dan cium
gm;selamat pagi
gn;selamat malam
gn8;selamat malam
hbd;selamat ulang tahun
hbdd;selamat ulang tahun
hbdyaa;selamat ulang tahun
hny;sayang
babe;sayang
babee;sayang
beb;sayang
bebeb;sayang
bebs;sayang
bebebku;sayangku
ayang;sayang
ayangg;sayang
ayank;sayang
sayank;sayang
sayanggku;sayangku
mylove;cintaku
myluv;cintaku
boo;sayang
cutiepie;orang yang menggemaskan
bestieee;sahabat
bestay;sahabat
bestayy;sahabat
bestfriendforever;sahabat selamanya
bff;sahabat selamanya
brooo;saudara
brotha;saudara
brotherr;saudara
sis;saudari
siss;saudari
sissta;saudari
bestbro;sahabat laki-laki
bestsis;sahabat perempuan
homie;teman dekat
homiess;teman dekat
fam;keluarga/teman dekat
fams;keluarga/teman dekat
squad;kelompok
squaddd;kelompok
gengs;kelompok
gengku;kelompok saya
circless;lingkaran pertemanan
innercircle;lingkaran dalam
mypeople;orang-orang saya
supportsystem;sistem pendukung
supportive;mendukung
supportbanget;sangat mendukung
wholesome;menyenangkan dan positif
wholesomee;menyenangkan dan positif
hearthwarming;menghangatkan hati
heartbroken;patah hati
heartbreak;patah hati
brokenhome;keluarga tidak utuh
brokenhearted;patah hati
moveon;melupakan masa lalu
moveonnn;melupakan masa lalu
gagalmoveon;belum bisa melupakan
balikan;kembali berpacaran
putuscinta;berpisah
putusss;berpisah
putusnyambung;hubungan tidak stabil
clbk;cinta lama bersemi kembali
mantanku;mantan saya
mantulover;mantan yang dicintai
exx;mantan
exboy;mantan pacar laki-laki
exgirl;mantan pacar perempuan
taken;sudah memiliki pasangan
singlee;lajang
jomblohappy;bahagia tanpa pasangan
jones;jomblo ngenes
jomblongenes;lajang yang sedih
singlefighter;lajang
singleblessedness;bahagia melajang
takendong;sudah punya pasangan
marryme;nikahi aku
nikahmuda;menikah muda
nikahyuk;ayo menikah
tunangan;bertunangan
lamaran;melamar
weddinggoals;pernikahan impian
prewed;foto pranikah
akad;akad nikah
resepsi;pesta pernikahan
halalrelationship;hubungan yang sesuai syariat
taaruf;perkenalan untuk menikah
taaruff;perkenalan untuk menikah
ikhwan;laki-laki muslim
akhwat;perempuan muslim
ukhti;saudari
akhi;saudara
ana;saya
antum;kamu
afwan;maaf
syukron;terima kasih
jazakallah;semoga Allah membalas kebaikan
jazakumullah;semoga Allah membalas kebaikan
barakallah;semoga Allah memberkahi
fiamanillah;dalam lindungan Allah
allahummaamiin;ya Allah, kabulkanlah
semogaberkah;semoga diberkahi
doakanaku;mohon doanya
mohondoa;memohon doa
titipdoa;meminta doa
masyallahtabarakallah;masyaallah tabarakallah
tabarakallah;semoga diberkahi
insyaallahy;insyaallah
insyaalloh;insyaallah
inshaallah;insyaallah
bismillahirohmanirohim;bismillahirrahmanirrahim
semangatterus;tetap semangat
tetapkuat;tetap kuat
janganmenyerah;pantang menyerah
staystrong;tetap kuat
staypositive;tetap positif
keepgoing;terus maju
nevergiveup;jangan menyerah
dontquit;jangan berhenti
youcandoit;kamu bisa
ibelieveinyou;aku percaya padamu
hwaiting;semangat
semangattt;semangat
semangad;semangat
cemungudh;semangat
cemungut;semangat
cemungutyah;semangat
semongko;semangat
semongkoo;semangat
semangatpol;sangat semangat
semangatpokkoknya;tetap semangat
ngopi dulu;minum kopi dahulu
ngopiii;minum kopi
kopken;kopi Kenangan
starbaks;Starbucks
janjiwajiwa;Janji Jiwa
kopisusu;kopi susu
kopihitam;kopi hitam
ngopibareng;minum kopi bersama
kopdar;kopi darat/pertemuan
kopdarrr;pertemuan
meetup;pertemuan
meetupbareng;bertemu bersama
hangout;berkumpul
hangoutt;berkumpul
staycation;berlibur di dekat rumah
staycationn;berlibur di dekat rumah
vacayy;berlibur
vacationmode;mode liburan
travelingg;berwisata
travelbuddy;teman perjalanan
jalanjalan;berwisata
jalanjalann;berwisata
trip;perjalanan
trippp;perjalanan
roadtrippp;perjalanan darat
sunsetlover;pecinta matahari terbenam
sunrisehunter;pemburu matahari terbit
goldenhour;waktu emas
viewbagus;pemandangan indah
viewnyacakep;pemandangan indah
cakeppp;cantik
cantikkk;cantik
gantenggg;tampan
gantengpoll;sangat tampan
uwuuu;ungkapan gemas
uwuwuwu;ungkapan gemas
awww;ungkapan gemas
awwsosweet;sangat manis
sosweettt;sangat manis
gemoyyy;gemas
smngt;semangat
smngtt;semangat
smgttt;semangat
smngat;semangat
smngad;semangat
smangat;semangat
smangattt;semangat
smgat;semangat
smgtpol;sangat semangat
smngtbro;semangat
trmkshhh;terima kasih
trimskasih;terima kasih
trimakaci;terima kasih
trimakasy;terima kasih
tengkyu;terima kasih
tenkyu;terima kasih
thankuuu;terima kasih
makacihh;terima kasih
mkcih;terima kasih
mkshbang;terima kasih
pls;tolong
plis;tolong
pliss;tolong
plisss;tolong
plisbang;tolong
plz;tolong
plzzz;tolong
pleaseee;tolong
tolongdong;tolong
helpme;tolong saya
sory;maaf
soryy;maaf
sowwy;maaf
maapp;maaf
maappp;maaf
maafin;memaafkan
maf;maaf
mff;maaf
mffy;maaf
soriyaa;maaf
:v;tertawa
:vv;tertawa
:vvv;tertawa
xd;tertawa
xD;tertawa
XD;tertawa
xdd;tertawa
T_T;sedih
TT;sedih
:'(;sedih
;
:');terharu
uwu;ungkapan gemas
owo;ungkapan terkejut
owooo;ungkapan terkejut
>_<;malu
._.;kecewa
-_-;kesal
"-_-""";kesal
:);senang
streambang;siaran langsung
livestreamer;penyiar langsung
streamingml;siaran gim Mobile Legends
streamff;siaran Free Fire
streamvalo;siaran Valorant
sawerbang;memberi donasi
sawerannya;donasi
giftbang;hadiah virtual
gifter;pemberi hadiah
topgifter;pemberi hadiah terbesar
topdonator;penyumbang terbesar
modchat;moderator percakapan
modder;moderator
adminchat;administrator percakapan
spamchat;spam percakapan
spamterus;terus melakukan spam
capslockbang;huruf kapital semua
clipit;potong videonya
clipdong;tolong potong videonya
raid;mengirim penonton
raiding;mengirim penonton
viewer;penonton
viewernaik;penonton bertambah
peakviewer;jumlah penonton tertinggi
chatrame;percakapan ramai
chatsepi;percakapan sepi
openmic;mikrofon terbuka
mutebang;bisukan mikrofon
unmute;aktifkan mikrofon
push to talk;tekan untuk berbicara
shopee;Shopee
sopi;Shopee
shopi;Shopee
sopi;Shopee
shopefood;ShopeeFood
spaylater;Shopee PayLater
spinjam;Shopee Pinjam
tokped;Tokopedia
toped;Tokopedia
tokopediaa;Tokopedia
tokolijo;Tokopedia
ijo-ijo;Tokopedia
bliblii;Blibli
lazadaa;Lazada
bukalapak;Bukalapak
orens;Shopee
cekout;checkout
cekot;checkout
checkoutt;checkout
cosekarang;checkout sekarang
keranjangg;keranjang belanja
masukkeranjang;tambahkan ke keranjang
wishlistku;daftar keinginan
flashsalee;penjualan kilat
gratisongkir;gratis ongkos kirim
gratisongkirs;gratis ongkos kirim
cod;bayar di tempat
codan;bayar di tempat
codaja;bayar di tempat
bayarnanti;bayar nanti
paylater;bayar nanti
paylaterr;bayar nanti
diskon50;diskon lima puluh persen
diskongedee;diskon besar
vouchergratis;voucher gratis
voucherr;voucher
cashbackk;pengembalian dana
cashbackgede;pengembalian dana besar
murmer;murah meriah
murce;murah sekali
murahbangettt;sangat murah
murahpoll;sangat murah
racunshopee;rekomendasi belanja Shopee
racuntiktok;rekomendasi TikTok
keracunan;terpengaruh rekomendasi
keracunanshopee;terpengaruh rekomendasi Shopee
unboxingg;membuka paket
haul;hasil belanja
shoppinghaul;hasil belanja
belanjabulanan;belanja kebutuhan bulanan
jastipin;membuka jasa titip
jastipers;penyedia jasa titip
openjastip;membuka jasa titip
jastipjepang;jasa titip Jepang
jastipkorea;jasa titip Korea
jastipsingapore;jasa titip Singapura
jastipbangkok;jasa titip Bangkok
jastipmurah;jasa titip murah
jastipready;jasa titip tersedia
jastipopen;jasa titip dibuka
promo11.11;promosi 11 November
promo12.12;promosi 12 Desember
promo99;promosi 9 September
harbolnas11.11;Hari Belanja Nasional 11 November
harbolnas12.12;Hari Belanja Nasional 12 Desember
bigsalee;penjualan besar
midnightsale;penjualan tengah malam
cuci gudang;obral besar
borongsemua;membeli banyak
laperrmata;ingin membeli
fypshop;halaman rekomendasi belanja
viralshop;produk viral
viralitem;barang viral
mustbuy;harus dibeli
musthaves;barang yang harus dimiliki
worthittt;layak dibeli
gaworthit;tidak layak dibeli
bestbuy;pembelian terbaik
gooddeal;penawaran bagus
stealdeal;penawaran sangat menguntungkan
reviewjujur;ulasan jujur
honestreview;ulasan jujur
racunonline;rekomendasi belanja daring
po;pra-pesan
preorder;pra-pesan
openpo;membuka pra-pesan
closepo;menutup pra-pesan
ready stock;stok tersedia
readystock;stok tersedia
soldoutt;habis terjual
soldoutparah;habis terjual
restockdong;mohon tambah stok
restockkapan;kapan tersedia kembali
restockplease;mohon tambah stok
fastresponse;respon cepat
fastrespon;respon cepat
slowrespon;respon lambat
slowresp;respon lambat
adminfast;admin cepat merespons
adminramah;admin yang ramah
trusted;terpercaya
trustedseller;penjual terpercaya
amanahseller;penjual amanah
sellerjujur;penjual jujur
testi;testimoni
testimonii;testimoni
bintang5;penilaian lima bintang
rating5;penilaian lima bintang
pelanggansetia;pelanggan tetap
langgananbanget;sering membeli
presidennku;presiden
wapres;wakil presiden
menteri2;para menteri
pakmenteri;menteri
bukmenteri;menteri
gubernurku;gubernur
wagub;wakil gubernur
bupatii;bupati
wabup;wakil bupati
walkot;wali kota
wawalkot;wakil wali kota
dpr;Dewan Perwakilan Rakyat
dprd;Dewan Perwakilan Rakyat Daerah
dpd;Dewan Perwakilan Daerah
mpr;Majelis Permusyawaratan Rakyat
kementrian;kementerian
kemendikbud;Kementerian Pendidikan, Kebudayaan, Riset, dan Teknologi
kemensos;Kementerian Sosial
kemenag;Kementerian Agama
kemkes;Kementerian Kesehatan
kemkomdigi;Kementerian Komunikasi dan Digital
kemnaker;Kementerian Ketenagakerjaan
bumn;Badan Usaha Milik Negara
asn;aparatur sipil negara
pns;pegawai negeri sipil
pppk;pegawai pemerintah dengan perjanjian kerja
cpns;calon pegawai negeri sipil
cpns2026;seleksi calon pegawai negeri sipil
skd;seleksi kompetensi dasar
skb;seleksi kompetensi bidang
casn;calon aparatur sipil negara
ormas;organisasi masyarakat
lsm;lembaga swadaya masyarakat
kpk;Komisi Pemberantasan Korupsi
kejagung;Kejaksaan Agung
mahkamahagung;Mahkamah Agung
mk;Mahkamah Konstitusi
bawaslu;Badan Pengawas Pemilu
kpu;Komisi Pemilihan Umum
ombudsman;Ombudsman
kantorku;kantor saya
anakkantor;pegawai kantor
budakkorporat;pegawai perusahaan
budakcorporate;pegawai perusahaan
budakoffice;pegawai kantor
anakstartup;pegawai startup
kantoranbanget;bergaya pekerja kantoran
meetinglagi;rapat lagi
meetingterus;terus rapat
zoommeeting;rapat daring
gmeet;Google Meet
meetgoogle;Google Meet
teamsmeeting;Microsoft Teams
slack;Slack
slackchannel;saluran Slack
notulensi;catatan rapat
mom;risalah rapat
mommeeting;risalah rapat
briefing;pengarahan
debrief;evaluasi kegiatan
followup;tindak lanjut
followupp;tindak lanjut
syncup;penyelarasan
standupmeeting;rapat singkat
oneonone;pertemuan individu
performance review;evaluasi kinerja
annualreview;evaluasi tahunan
appraisal;penilaian kinerja
targetkerja;sasaran kerja
kerjakerasbos;bekerja keras
lemburlagi;lembur lagi
lemburterus;terus lembur
burnoutbanget;sangat kelelahan
quarterlifecrisis;krisis seperempat abad
midlifecrisis;krisis paruh baya
salaryman;pegawai tetap
anakhr;pegawai sumber daya manusia
anakfinance;pegawai keuangan
anakit;pegawai teknologi informasi
anakmarketing;pegawai pemasaran
anaksales;pegawai penjualan
anakoperasional;pegawai operasional
anaklegal;pegawai hukum
anakga;pegawai urusan umum
anakprocurement;pegawai pengadaan
kantorpusat;kantor pusat
kantorcabang;kantor cabang
openrecruitment;pembukaan rekrutmen
openhire;membuka lowongan
headhunterrr;pencari talenta
headhunt;mencari talenta
walkin;wawancara langsung
offeringg;penawaran kerja
resigndulu;mengundurkan diri
cabutdari kantor;mengundurkan diri
firstday;hari pertama bekerja
lastday;hari terakhir bekerja
handover;serah terima pekerjaan
exitinterview;wawancara keluar
careerpath;jalur karier
anakskripsi;mahasiswa yang mengerjakan skripsi
anakta;mahasiswa tugas akhir
mahasiswakupu;mahasiswa yang hanya kuliah-pulang
mahasiswaaktif;mahasiswa aktif
mahasiswaberprestasi;mahasiswa berprestasi
magerkuliah;malas kuliah
titipabsen;meminta orang lain mengisi absensi
absenonline;absensi daring
presensi;kehadiran
skipkelas;tidak masuk kelas
cabutkelas;keluar dari kelas
dospem;dosen pembimbing
dosbing;dosen pembimbing
kajur;ketua jurusan
sekprodi;sekretaris program studi
kaprodii;ketua program studi
dekanat;kantor dekan
rektorrr;rektor
cumlaudee;cum laude
summa cumlaude;summa cum laude
ipk4;indeks prestasi kumulatif 4,00
semesterpendek;semester antara
cutisemester;cuti akademik
dropout;putus studi
do;putus studi
krs;kartu rencana studi
khs;kartu hasil studi
sks;satuan kredit semester
yudisiumku;yudisium
alumnikampus;alumni kampus
gymbro;pecinta kebugaran
gymrat;orang yang rajin ke pusat kebugaran
legday;hari latihan kaki
chestday;hari latihan dada
backday;hari latihan punggung
armday;hari latihan lengan
pushday;hari latihan dorong
pullday;hari latihan tarik
proteinshake;minuman protein
wheyprotein;protein whey
preworkout;minuman sebelum olahraga
postworkout;pemulihan setelah olahraga
caloriedeficit;defisit kalori
caloriesurplus;surplus kalori
bodygoals;bentuk tubuh impian
fitnessjourney;perjalanan kebugaran
fitcheckkk;pengecekan penampilan
bodyrecomp;komposisi ulang tubuh
gainmuscle;menambah massa otot
loseweight;menurunkan berat badan
fatloss;pengurangan lemak
weightloss;penurunan berat badan
dietmulaibesok;mulai diet besok
dietgagal;gagal diet
cheatmeal;makanan di luar diet
mealprep;persiapan makanan
clean eating;pola makan sehat
intermittentfasting;puasa berselang
ifdiet;puasa berselang
stepchallenge;tantangan langkah
10ksteps;sepuluh ribu langkah
marathoner;pelari maraton
runnerlife;gaya hidup pelari
lari pagi;berlari di pagi hari
larisore;berlari di sore hari
healty;sehat
healtylife;gaya hidup sehat
healthylifestyle;gaya hidup sehat
wellness;kesejahteraan
selfcare;perawatan diri
skincareroutine;rutinitas perawatan kulit
skincarean;menggunakan perawatan kulit
glowup;berkembang menjadi lebih baik
glowupbanget;berkembang pesat
glowinggg;bercahaya
glowingskin;kulit bercahaya
acnefighter;pejuang jerawat
jerawatan;berjerawat
jerawatmembandel;jerawat yang sulit hilang
sunscreen;tabir surya
moisturizer;pelembap
cleanser;pembersih wajah
serumwajah;serum wajah
toner;penyegar wajah
retinol;retinol
niacinamide;niacinamide
salicylicacid;asam salisilat
cicacream;krim cica
sheetmask;masker lembar
facialwash;pembersih wajah
maskeran;menggunakan masker wajah
hairtreatment;perawatan rambut
hairgoals;rambut impian
badhairday;hari dengan rambut yang sulit diatur
barberlife;gaya hidup pencinta barbershop
barbershop;tempat potong rambut
potongrambutdulu;memotong rambut terlebih dahulu
spa day;hari perawatan tubuh
me time;waktu untuk diri sendiri
selfreward;hadiah untuk diri sendiri
mukbang;siaran makan
mukbangg;siaran makan
foodvlog;video blog makanan
foodreview;ulasan makanan
foodhunting;berburu makanan
kulinerhits;kuliner populer
kulineranlagi;wisata kuliner
jajankuy;ayo jajan
jajandulu;jajan dahulu
jajanterus;sering jajan
laperrr;lapar
laperrrr;lapar
laparbanget;sangat lapar
lapermata;ingin membeli/makan
kenyangpoll;sangat kenyang
kenyangbanget;sangat kenyang
makanenakk;makanan enak
enakpoll;sangat enak
enakbangett;sangat enak
yummyyy;lezat
pedesgila;sangat pedas
pedespoll;sangat pedas
micinlover;pecinta makanan gurih
anakseblak;pecinta seblak
seblakpride;pecinta seblak
baksolover;pecinta bakso
mieayamlover;pecinta mi ayam
miegacoan;Mi Gacoan
mixuee;Mixue
eskrimviral;es krim populer
kopitubruk;kopi tubruk
kopikekinian;kopi modern
nongkicafee;berkumpul di kafe
caféhopping;berkunjung ke beberapa kafe
brunch;sarapan dan makan siang
lunchdate;makan siang bersama
dinnerdate;makan malam bersama
midnightsnack;camilan tengah malam
allucaneat;makan sepuasnya
ayce;makan sepuasnya
burnmoney;menghabiskan uang
jajanteros;sering jajan
anakhealingkuliner;pecinta wisata kuliner
kulinernight;wisata kuliner malam
warteg;warung tegal
warmindo;warung makan Indomie
angkringan;warung angkringan
naspad;nasi padang
nasgor;nasi goreng
indomiee;Indomie
motovlog;video blog otomotif
anakmotorbanget;pecinta motor
anakmobil;pecinta mobil
modifmotor;modifikasi motor
modifmobil;modifikasi mobil
touringbareng;berkendara bersama
sunmorr;berkendara pagi
nightridee;berkendara malam
gaspolmotor;berkendara cepat
moge;motor gede
mogee;motor gede
cckecil;kapasitas mesin kecil
ccgede;kapasitas mesin besar
anakvespa;pecinta Vespa
vespalover;pecinta Vespa
anaksenja;pecinta senja
otwspbu;menuju SPBU
isi bensin;mengisi bahan bakar
bbmnaik;harga bahan bakar naik
pertamax;Pertamax
pertalite;Pertalite
solar;bahan bakar solar
servismotor;servis motor
gantioil;mengganti oli
banbocor;ban bocor
mogok;kendaraan tidak dapat berjalan
macetparah;kemacetan parah
kenatilang;mendapat tilang
simsim;surat izin mengemudi
stnk;surat tanda nomor kendaraan
ayahbunda;orang tua
ayahanda;ayah
bundaa;ibu
mamakece;ibu
papah;ayah
papii;ayah
mamii;ibu
anakpertama;anak sulung
anakbungsu;anak terakhir
middlechild;anak tengah
secondchild;anak kedua
parenting;pengasuhan
newmom;ibu baru
newdad;ayah baru
busuicheck;ibu menyusui
bumil;ibu hamil
busui;ibu menyusui
mpasi;makanan pendamping ASI
dede bayi;bayi
bayigemoy;bayi yang menggemaskan
anakkecilku;anak saya
momlife;kehidupan ibu
dadlife;kehidupan ayah
familytime;waktu bersama keluarga
qualitytime;waktu berkualitas
familygoals;keluarga ideal
rumahtangga;kehidupan rumah tangga
parentingtips;tips pengasuhan
gentleparenting;pengasuhan lembut
tantrum;ledakan emosi anak
financialcheckup;pemeriksaan keuangan
nabungemas;menabung emas
danadarurat;dana darurat
financialplanner;perencana keuangan
cuanterusss;selalu untung
bokek;tidak punya uang
bokekk;tidak punya uang
bokekparah;sangat tidak punya uang
tanggaltua;akhir bulan
akhirbulan;akhir bulan
gajimasuk;gaji diterima
gajiannih;hari gajian
dompetmenangis;kehabisan uang
dompettipis;sedikit uang
saldomenipis;saldo hampir habis
sultanmendadak;tiba-tiba kaya
miskinajalah;merasa miskin
hematpangkal;hemat itu penting
frugalliving;hidup hemat
financialindependence;kemandirian finansial
contentday;hari membuat konten
ngonten;membuat konten
ngontenterus;sering membuat konten
kontenkreator;pembuat konten
influencerr;influencer
selebgram;selebritas Instagram
tiktoker;kreator TikTok
youtuberr;YouTuber
podcastan;membuat siniar
podcasttime;waktu siniar
studiosetup;pengaturan studio
ringlight;lampu cincin
micwireless;mikrofon nirkabel
kamerasetup;pengaturan kamera
kontenviral;konten populer
viralbangett;sangat viral
meledakviews;tayangan meningkat pesat
jutaanviews;jutaan tayangan
kontenfyp;konten yang masuk rekomendasi
fypteruss;sering masuk rekomendasi
branddeal;kerja sama merek
paidpromote;promosi berbayar
paidpartnership;kemitraan berbayar
kolab;kolaborasi
collabb;kolaborasi
kolabdong;ajak kolaborasi
endorsean;promosi berbayar
ugccreator;pembuat konten pengguna
ugcvideo;video konten pengguna
socialmediaagency;agensi media sosial
viralhook;pembuka viral
hookbanget;pembuka menarik
captionmenarik;keterangan menarik
captionviral;keterangan viral
scriptkonten;naskah konten
kontenedukasi;konten pendidikan
kontenhiburan;konten hiburan
konteninspiratif;konten inspiratif
kontenrelate;konten yang relevan
relatebangettt;sangat relevan
relatepol;sangat relevan
deeprelate;sangat sesuai pengalaman
moodbangett;sesuai suasana hati
vibesbangett;memiliki suasana yang kuat
vibesnyadapet;suasananya terasa
aestheticvibes;suasana estetis
cozyvibes;suasana nyaman
chillvibes;suasana santai
weekendvibess;suasana akhir pekan
fridaymood;suasana hari Jumat
mondaymood;suasana hari Senin
sundayreset;persiapan untuk minggu baru
resetday;hari untuk mengatur ulang
productiveweek;minggu yang produktif
dailyroutine;rutinitas harian
morningroutine;rutinitas pagi
nightroutine;rutinitas malam
lifeupdate;pembaruan kehidupan
weeklydump;unggahan mingguan
photodumpday;hari unggahan foto acak
memoriesdump;unggahan kenangan
oldbutgold;lama tetapi berharga
throwbackkk;kilas balik
nostalgic;penuh nostalgia
goodoldtimes;masa lalu yang indah
chapterbaru;babak baru
newbeginning;awal yang baru
freshchapter;babak yang baru
roadtosuccess;jalan menuju kesuksesan
onestepatatime;selangkah demi selangkah
smh;menggelengkan kepala karena kecewa
afaikbro;sepanjang yang saya ketahui
ikr;aku juga berpikir begitu
ngl;jujur saja
imo;menurut saya
fomo banget;takut ketinggalan
yolo;hidup hanya sekali
tmi;terlalu banyak informasi
tl;
oopss;ups
oopsie;ups
lilbro;adik
bigbro;kakak laki-laki
bigsis;kakak perempuan
famz;keluarga/teman dekat
bestiepie;sahabat
homiegang;kelompok teman
ganggang;kelompok
bestiebear;sahabat
bestiecakep;sahabat
latecheckout;keluar hotel lebih lambat
earlycheckin;masuk hotel lebih awal
staycayy;berlibur di dekat rumah
healingtrip;perjalanan untuk relaksasi
healingmode;mode beristirahat
workcation;bekerja sambil berlibur
wanderlust;hasrat untuk bepergian
backpacker;pelancong hemat
solo traveling;bepergian sendiri
solotrip;perjalanan sendiri
tripbareng;perjalanan bersama
liburanmurah;liburan hemat
budgettrip;perjalanan hemat
traveldiaries;catatan perjalanan
travelgram;konten perjalanan
passportready;paspor siap digunakan
checkinbandara;lapor keberangkatan di bandara
boardingtime;waktu naik pesawat
delayflight;penerbangan tertunda
red-eye flight;penerbangan malam
magerbangun;malas bangun
tidurduluaja;tidur dahulu
begadangterus;sering begadang
insomniagang;mengalami sulit tidur
sleepdeprived;kurang tidur
powernap;tidur singkat
naptime;waktu tidur siang
rebahandulu;beristirahat dahulu
rebahanmode;mode beristirahat
santuyyy;santai
santai aja bro;tetap santai
pelanpelanaja;perlahan saja
takeiteasy;tenang saja
slowliving;hidup dengan tenang
mindfulness;kesadaran penuh
journaling;menulis jurnal
gratitudejournal;jurnal rasa syukur
manifesting;memvisualisasikan harapan
manifestasi;manifestasi
visionboard;papan visi
2026goals;target tahun 2026
lifegoals;tujuan hidup
bucketlist;daftar keinginan
dreambig;bermimpi besar
smallwins;pencapaian kecil
winnersmindset;pola pikir pemenang
growthmindset;pola pikir berkembang
abundance;kelimpahan
abundancemindset;pola pikir kelimpahan
positivethinking;berpikir positif
sidehustle;pekerjaan sampingan
passiveincome;pendapatan pasif
multipleincome;berbagai sumber pendapatan
financialfreedom;kebebasan finansial
richmindset;pola pikir kaya
millionairemindset;pola pikir jutawan
hustlemode;mode bekerja keras
grindneverstops;kerja keras tidak berhenti
ceointraining;calon pemimpin perusahaan
futureceo;calon CEO
startuplife;kehidupan startup
buildinpublic;membangun secara terbuka
solobuilder;pembangun mandiri
indiehacker;pengembang independen
nocode;tanpa pemrograman
lowcode;pemrograman minimal
hackathon;kompetisi inovasi
startupweekend;acara startup
demoday;hari presentasi
pitchnight;malam presentasi bisnis
investorready;siap bertemu investor
fundraisingmode;sedang mencari pendanaan
bootstrapped;dibiayai sendiri
scaleup;meningkatkan skala usaha
hypergrowth;pertumbuhan sangat cepat
leanstartup;startup ramping
mvp;produk minimum layak
pmf;kesesuaian produk dan pasar
growthhacking;strategi pertumbuhan
retentionrate;tingkat retensi
anakkos;penghuni rumah kos
anakkost;penghuni rumah kos
kostlife;kehidupan anak kos
anakrantau;perantau
rantaulife;kehidupan perantau
uangbulanan;uang saku bulanan
mieakhirbulan;mi instan saat akhir bulan
survivalmode;mode bertahan hidup
tanggaltua vibes;suasana akhir bulan
dompetkosong;tidak memiliki uang
wartegsurvival;bertahan hidup dengan warteg
hematmode;mode hemat
iritmax;sangat hemat
anakbeasiswa;penerima beasiswa
scholarshiphunter;pemburu beasiswa
pejuangbeasiswa;pejuang beasiswa
lolosbeasiswa;diterima beasiswa
interviewbeasiswa;wawancara beasiswa
essaybeasiswa;esai beasiswa
motivationletter;surat motivasi
loakademik;surat rekomendasi akademik
kampusimpian;kampus impian
kuliahdiluarnegeri;kuliah di luar negeri
exchangeprogram;program pertukaran pelajar
studentexchange;pertukaran pelajar
erasmus;program Erasmus
lpdp;LPDP
chevening;Beasiswa Chevening
fulbright;Beasiswa Fulbright
daad;Beasiswa DAAD
studygram;konten belajar
studywithme;belajar bersama
pomodorotime;waktu teknik pomodoro
belajardulu;belajar dahulu
belajaryuk;ayo belajar
produktifhariini;produktif hari ini
productiveaf;sangat produktif
deepfocus;fokus mendalam
focusmodeon;mode fokus aktif
studyplaylist;daftar putar belajar
lofi;musik santai
lofibeats;musik lo-fi
studyvibes;suasana belajar
perpuslife;kehidupan di perpustakaan
nugas;mengerjakan tugas
nugasbareng;mengerjakan tugas bersama
deadlinebesok;tenggat besok
sistemkebutsemalam;mengerjakan semalam
begadangnugas;begadang mengerjakan tugas
pejuangdeadline;pejuang tenggat waktu
selfimprovement;pengembangan diri
becomebetter;menjadi lebih baik
1percentbetter;lebih baik satu persen
atomic habits;kebiasaan kecil yang baik
disciplineequalsfreedom;disiplin membawa kebebasan
consistencyiskey;konsistensi adalah kunci
stayhungry;tetap haus akan ilmu
stayfoolish;tetap rendah hati
trusttheprocess;percayai proses
enjoythejourney;nikmati perjalanan
moodbooster;peningkat suasana hati
dopaminehit;lonjakan dopamin
dopaminedetox;detoks dopamin
digitalminimalism;minimalisme digital
declutter;merapikan
cleanmyroom;membersihkan kamar
resetmylife;memulai kembali hidup
newme;versi baru diri sendiri
glowupseason;masa berkembang
hotgirlwalk;jalan santai untuk kesehatan
thatgirl;gaya hidup ideal
softlife;hidup nyaman
coquette;gaya feminin
cleangirl;gaya sederhana dan rapi
oldmoney;gaya klasik mewah
quietluxury;kemewahan yang sederhana
mobwifeaesthetic;gaya istri mafia
darkacademia;estetika akademik gelap
lightacademia;estetika akademik terang
cottagecore;estetika pedesaan
minimalistlife;gaya hidup minimalis
capsulewardrobe;lemari pakaian minimalis
ootdcheck;pemeriksaan pakaian hari ini
fitcheck;pemeriksaan penampilan
dripcheck;pemeriksaan gaya berpakaian
drippy;bergaya keren
firefit;pakaian yang sangat bagus
fitgoals;gaya berpakaian impian
thrift;belanja barang bekas
thrifting;berbelanja barang bekas
thriftshop;toko barang bekas
preloved;barang bekas layak pakai
localbrand;merek lokal
supportlocal;dukung produk lokal
banggalokal;bangga produk lokal
madeinindonesia;buatan Indonesia
lokalpride;kebanggaan lokal
indonesiabanget;sangat Indonesia
merahputihselalu;selalu mencintai Indonesia
halfwayto10k;setengah jalan menuju 10.000 entri
woww;wow
aminn;amin
met;selamat
netaas;menetas
keberpa;keberapa
eeeehhhh;eh
kata2nyaaa;kata-katanya
hallo;halo
kaka;kakak
ka;kak
daah;dah
aaaaahhhh;ah
yaa;ya
smga;semoga
slalu;selalu
amiin;amin
kk;kakak
trus;terus
kk;kakak
sii;sih
nyenengin;menyenangkan
bgt;banget
gemess;gemas
akuuu;aku
jgn;jangan
yaa;ya
udah;sudah
gitu;begitu
aja;saja
gemesiin;menggemaskan
menyenangkn;menyenangkan
rb;ribu
akau;aku
saranin;menyarankan
nemuin;menemukan
yah;ya
met;selamat
mnis2nya;manis-manisnya
gtu;begitu
tu;itu
idolaa;idola
bangett;banget
kaakk;kak
baaiikkk;baik
telaatt;telat
kaak;kak
yg;yang
lg;lagi
skarang;sekarang
yg;yang
sempet;sempat
karna;karena
ngga;tidak
karna;karena
mantep;mantap
loohhh;loh
yeee;ya
baguuuuus;bagus
sampe;sampai
ngikutin;mengikuti
gayany;gayanya
ngikutin;mengikuti
lg;lagi
bnk;bang
awaas;awas
siip;sip
abizzzz;habis
kerrrrennnn;keren
sayaa;saya
pengen;pengin
kpan;kapan
bgt;banget
sma;sama
sdkit;sedikit
bngt;banget
lgu;lagu
bener2;benar-benar
kharismanya;karismanya
aq;aku
yg;yang
jdi;jadi
lgi;lagi
gk;tidak
kek;kayak
lgunya;lagunya
kpan;kapan
kereeeeennnn;keren
nyamain;menyamakan
slalu;selalu
lakik;laki
siippp;sip
bkn;bukan
nyangka;menyangka
bangettt;banget
kereeen;keren
wihhhhhh;wih
tp;tapi
inget;ingat
bingitsss;banget
dmn;dimana
bird;biru
kaloo;kalau
gimna;bagaimana
tuuh;tuh
nyebur;mencebur
yng;yang
dbuat;dibuat
kn;kan
org;orang
pingin;pengin
bgt;banget
tu;itu
bangcat;bangsat
yha;ya
waoohhh;wah
pngn;pengin
tmpt;tempat
dhe;deh
indahhh;indah
bgttt;banget
tuhh;tuh
berarto;berarti
ga;tidak
aminn;amin
aamiin;amin
amiiinn;amin
dgn;dengan
aminnnn2;amin-amin
amiin;amin
aamiin;amin
amiiiin;amin
amiin;amin
aminnn;amin
amiend;amien
yaaa;ya
ameen;amin
aminnnn;amin
amiiinnn;amin
kek;kayak
ngomong;mengomong
inget;ingat
mamer;memamerkan
keles;kali
jelase;jelas
liat;lihat
uwakk;uwak
ntar;entar
bs;bisa
gini;begini
jgn;jangan
sampe;sampai
aq;aku
salfok;salah fokus
njir;anjir
piiink;pink
astgfrullah;astagfirullah
ko;kok
cd;celana dalam
gbs;tidak bisa
bhs;bahasa
yaaaaaa;ya
gak;tidak
bangshad;bangsat
yaa;ya
stagahhhh;astaga
kpn;kapan
iooo;lo
dy;dia
d;ada
mslh;masalah
qt;kita
jdi;jadi
plampiasannn;pelampiasan
masalahh;masalah
tohh;toh
inghinn;ingin
dhi;di
mengherthii;mengerti
yanckh;yang
chelalyyu;selalu
therchakitty;tersakiti
mauuuuu;mau
kaliii;kali
bangat;banget
bkin;bikin
dongg;dong
yokkk;yuk
gini;begini
yu;yuk
sweger;segar
kereeen;keren
gantengg;ganteng
bingiit;banget
gak;tidak
kebukaaa;terbuka
tpi;tapi
keliatan;kelihatan
yakk;ya
kayakk;kayak
asliii;asli
kyk;kayak
cntiknya;cantiknya
bat;banget
ga;tidak
ngeliatnya;melihatnya
sll;selalu
bet;banget
njerr;anjir
bingiiittttzzzz;banget
bgt;banget
k;kak
klo;kalau
lg;lagi
dooong;dong
masi;masih
gni;begini
kek;kayak
gini;begini
aja;saja
udah;sudah
hdk;hendak
yg;yang
jugaa;juga
mksud;maksud
aj;saja
tetep;tetap
tp;tapi
mbakx;mbaknya
syantik;cantik
syantik;cantik
kite;kita
pa;apa
mksd;maksud
bejilbbnya;berjilbabnya
masio;masih
yahhh;ya
makasih;terima kasih
leh;boleh
ugaaa;juga
yah;ya
jerewi;jerawat
ilang;hilang
jilbabnyaah;jilbabnya
kek;kayak
yuuuk;yuk
warnaaa;warna
punyaaa;punya
cantiik;cantik
sukaaak;suka
kebayanyaa;kebayanya
mantes;memantas
merekaaaa;mereka
jugaaa;juga
gilaaaa;gila
tiga2nya;tiga-tiganya
lucuu;lucu
emessss;gemas
ucullllll;lucu
jdi;jadi
males;malas
bangeettt;banget
gemesshh;gemas
ngomong;mengomong
apaaa;apa
ampuunn;ampun
pengen;pengin
ciuuuummmm;cium
mbil;sambil
ngmng;mengomong
ngemeng;mengomong
epe;apa
seehh;sih
yank;sayang
ucul;lucu
yahh;ya
kek;kayak
gw;gue
lucuu;lucu
ngakak;mengakak
astagfirrullah;astagfirullah
bkn;bukan
tpi;tapi
suerrr;suer
gk;tidak
mnta;minta
lg;lagi
syg;sayang
ntik;cantik
pny;punya
dapet;dapat
kek;kayak
gini;begini
suru;suruh
lucuuuu;lucu
ketawakkkk;ketawa
kyanya;kayanya
bnget;banget
nakutin;menakutkan
malingg;maling
cocokk;cocok
niihh;nih
imutttttt;imut
satuuuuu;satu
sesekk;sesak
nafass;nafas
bgtt;banget
cintaaaaaaa;cinta
lucuk;lucu
lucuk;lucu
ma;sama
duluu;dulu
megang;memegang
ngakak;mengakak
kawinin;mengawini
liatin;memperlihatkan
ny;nya
d;di
bdan;badan
nyaaa;nya
gemesin;menggemaskan
daah;dah
fotoin;memfoto
ngaku;mengaku
kaaa;kak
ganteng2;ganteng-ganteng
pcarny;pacarnya
kri;kiri
knpa;kenapa
pda;pada
cmn;cuman
gara2;gara-gara
garuk2;garuk-garuk
tembokk;tembok
namax;namanya
kiriii;kiri
kyk;kayak
bungkusin;bungkuskan
atu;satu
dehhhh;deh
dongg;dong
kakk;kak
ngegantiin;menggantikan
alloh;allah
smpe;sampai
msh;masih
trsa;terasa
khadirannya;kehadirannya
fikiran;pikiran
hayalanku;khayalanku
bru;baru
nton;menonton
jdi;jadi
ngapain;mengapai
yaa;ya
surgaa;surga
kangenn;kangen
kgn;kangen
kakkkkk;kak
rinduuuuuuuuu;rindu
ninggalin;meninggalkan
smg;semoga
terangkhn;terangkan
bgtttt;banget
knp;kenapa
tuk;untuk
slama;selama
orng;orang
bngunlah;bangunlah
k;kak
bngun;bangun
ea;ya
qu;ku
hiri;hari
kalo;kalau
"teman""ny";teman-temannya
gtu;begitu
aza;saja
dr;dari
"teman""ny";teman-temannya
ny;nya
alm;almarhum
skrg;sekarang
knpa;kenapa
sie;sih
benet;benar
bangetttt;banget
tuu;tuh
skrang;sekarang
gda;tidak ada
trus;terus
gantiin;menggantikan
sma;sama
jdi;jadi
gak;tidak
kta;kata
kklau;kalau
d;di
acra;acara
gk;tidak
sma;sama
kasian;kasihan
bangett;banget
yaaa ;ya
bnerr;benar
emk;emak
temenn;teman
pngenn;pengin
terkenall;terkenal
ajhh;saja
gk;tidak
sungguh2;sungguh-sungguh
mnjadi;menjadi
shbt;sahabat
k;kak
bner;benar
bgt;banget
ktny;katanya
shbt;sahabat
skrg;sekarang
pda;pada
dimusiumin;dimuseumkan
ga;tidak
bntu;bantu
pda;pada
dlu;dulu
klo;kalau
gda;tidak ada
pda;pada
udh;sudah
pda;pada
kangem;kangen
amiiin;amin
smua;semua
slmt;selamat
jln;jalan
"mudh""an";mudah-mudahan
tenny;tenang
d;di
sdh;sudah
yg;yang
tnya;tanya
blm;belum
td;tadi
sblm;sebelum
yah;ya
bole;boleh
lahhh;lah
tp;tapi
blm;belum
dapet;dapat
maap;maaf
gk;tidak
cm;cuma
syg;sayang
kmrn;kemarin
wkt;waktu
d;di
ama;sama
ak;aku
lht;lihat
biasa2;biasa-biasa
mnrtkuu;menurutku
trs;terus
ikutin;mengikuti
jdwl;jadwal
yaaa;ya
jgn;jangan
wajiiib;wajib
aaaammmiiiinnnn;amin
dtnggu;ditunggu
yah;ya
jan;jangan
kunjungin;kunjungi
lagiiii;lagi
waktunyaaa;waktunya
diluangin;diluangkan
yaa;ya
makasih;terima kasih
jga;juga
mimin;admin
istimewaaa;istimewa
blom;belum
sempet;sempat
nangis;menangis
karna;karena
"ngaku""";mengaku-ngaku
diaa;dia
donkk;dong
gak;tidak
kejawab;terjawab
yaaaa;ya
seru2an;seru-seruan
mohom;mohon
kebalas;terbalas
yaaa;ya
ikutin;ikuti
nyempetin;menyempatkan
wktunya;waktunya
kaaaa;kak
nyempetin;menyempatkan
ngobrol;mengobrol
bangett;banget
namain;menamai
bls;balas
ijap;ijab
kobul;kabul
dgn;dengan
co;cowok
pst;pasti
inggat;ingat
brdua;berdua
masing2;masih
sdh;sudah
pny;punya
brdua;berdua
sanggat;sangat
siipp;sip
laa;lah
dlm;dalam
hdup;hidup
hdp;hidup
trus;terus
kedpan;kedepan
smoga;semoga
mndaptkan;mendapatkan
yng;yang
"nutup""in";menutup-nutupi
liatin;perlihatkan
iyah;iya
sja;saja
kakkk;kak
za;saja
mulut2;mulut-mulut
peengn;pengin
tuch;tuh
muantteepp;mantap
cpt;cepat
mrit;merit
y;ya
ngapasih;mengapa sih
ni;ini
segitunya;sebegitunya
fto;foto
pke;pakai
males;malas
sisain;menyisakan
slamt;selamat
nantiii;nanti
edaaan;edan
emg;memang
bener2;benar-benar
tunggu2;tunggu-tunggu
sehat2;sehat-sehat
ciyeeeeeee;cie
pantes;pantas
lairannya;kelahirannya
jmnya;jamnya
ajha;saja
ama;sama
nyaaaa;nya
nyari;mencari
amiien;amien
smoga;semoga
terbaikkk;terbaik
ayahh;ayah
ntar;entar
ae;saja
ndak;indak
ngerti;mengerti
mrekaaaa;mereka
yaampuuuunnnn;ya ampun
yha;ya
nyanyiin;menyanyikan
ahhh;ah
bnget;banget
pgen;pengin
hdk;hendak
tempt;tempat
ny;nya
kh;kah
hdk;hendak
bgini;begini
aq;aku
brani;berani
gak;tidak
km;kamu
aq;aku
jalan2;jalan-jalan
yaaa;ya
asyikkkkk;asyik
iriiiii;iri
ngajak;mengajak
yakk;ya
naaaaahh;nah
kka;kakak
jgn;jangan
yak;ya
ttep;tetap
sperti;seperti
jrang;jarang
msuk;masuk
gossip2.an;gosip-gosipan
makkk;mak
ngapain;mengapai
guee;gue
pengennn;pengin
ntar;entar
yeee;ya
klo;kalau
udh;sudah
gilzz;gila
nyaru;menyaru
aja;saja
kk;kakak
gilaaa;gila
jd;jadi
kebarat2an;kebarat-baratan
ohh;oh
mantabs;mantab
jgan;jangan
mlu;malu
payahh;payah
ntaf;mantap
beneran;benaran
"mudah""n";mudah-mudahan
trus;terus
gada;tidak ada
yg;yang
gada;tidak ada
yg;yang
milikin;memiliki
kamo;kamu
inih;ini
tuhh;tuh
suru;suruh
syantik;cantik
sukaaaa;suka
sukaaaaaa;suka
kirain;mengira
mehoonggggg;mahal
apikkkk;apik
yach;ya
kereenn;keren
ginii;begini
ayoook;ayo
yoiii;yoi
gituuu;begitu
iyaaa;iya
pgn;pengin
liptsk;lipstik
dr;dari
nyeplak;menjiplak
bgt;banget
kyk;kayak
cw;cewek
cw;cewek
kmarin;kemarin
mengncang;mengencang
tauu;tau
ksh;kasih
skrng;sekarang
mksh;terima kasih
gara2;gara-gara
ank;anak
skitar;sekitar
ktmu;ketemu
sma;sama
tmen;teman
skrg;sekarang
dlu;dulu
skrg;sekarang
ats;atas
donk;dong
heii;hai
yg;yang
diputusin;diputuskan
pcrnya;pacarnya
gara2;gara-gara
mnjual;menjual
ngadain;mengadakan
ga;tidak
nyangka;menyangka
kkak;kakak
rekomendasiin;merekomendasikan
sihhh;sih
cooocok;cocok
mrip;mirip
bgt;banget
sma;sama
mama.nyy;mamanya
wkt;waktu
lht;lihat
gak;tidak
bosenin;membosankan
kmu;kamu
bukn;bukan
sey;sih
yng;yang
cantikkk;cantik
banger;banget
kaa;kak
bngt;banget
eakyu;waktu
cntik;cantik
ama;sama
amiiin;amin
kakanya;kakaknya
doeloe;dulu
kk;kakak
cantikkkk;cantik
bngtt;banget
udh;sudah
iyak;iya
malh;malah
mlah;malah
kk;kakak
ngak;tidak
laki2;laki-laki
gag;tidak
fhotonya;fotonya
bleh;boleh
km;kamu
brp;berapa
tnggl;tanggal
brp;berapa
tanteny;tantenya
ky;kaya
qt;kita
dlu;dulu
sklinyaa;sekalinya
ayoo;ayo
km;kamu
bs;bisa
jd;jadi
kk;kakak
yah;ya
w;gue
dramaa;drama
niiih;nih
bisaa;bisa
lha;lah
dunk;dong
lihaat;lihat
yuwkkk;yuk
nnti;nanti
editannn;editan
mw;mau
thu;tuh
mai;mau
kamuu;kamu
pastii;pasti
bisaaa;bisa
kejuu;keju
kereen;keren
nama.a;namanya
kmauan;kemauan
ayoo;ayo
ahhhh;ah
yuuuuk;yuk
dmana;dimana
disiniii;disini
cobaa;coba
bayangin;bayangkan
yaudh;ya sudah
bayangin;bayangkan
dl;dulu
ajaaa;saja
tuhhh;tuh
amploppp;amplop
mo;mau
kek;kayak
gini;begini
yaaa;ya
sayangg'';sayang-sayang
nantii;nanti
aminnnn;amin
aminnnnn;amin
gakuat;tidak kuat
yukkkk;yuk
nged;banget
nantik;nanti
ksitu;kesitu
yng;yang
bangeett;banget
slalu;selalu
liad;lihat
kluarga;keluarga
biasahhh;biasa
bgt;banget
sma;sama
kluarga;keluarga
ama;sama
tutorialx;tutorialnya
pke;pakai
yg;yang
dpke;dipakai
kk;kakak
dpke;dipakai
donk;dong
yank;sayang
liat;lihat
fhoto;foto
kerenn;keren
binggo;banget
rekomndd;rekomendasi
donk;dong
dmn;dimana
pngn;pengin
bli2n;beli-belikan
bwt;buat
wado;waduh
guaa;gua
yaakkk;ya
bangetttttyt;banget
bangettttt;banget
bangg;bang
kangeeeeeeeeennnnnnnn;kangen
kaliannnnnn;kalian
rinduuuuuuuuuu;rindu
kangennnnnmnnnnnnnnnnnnnnnnn;kangen
kaliannnnnm;kalian
kangeeeeeeeeeeennnnn;kangen
kangennnnnnnnnnnnnnnn;kangen
kangennn;kangen
kaliannnnnnn;kalian
th2;tahun-tahun
smoga;semoga
dl;dulu
smpt;sempat
blg;bilang
trserah;terserah
ad;ada
yg;yang
d;di
cwo;cowok
trus;terus
prnah;pernah
blg;bilang
lg;lagi
wlwpun;walaupun
trpsah;terpisah
klw;kalau
mmg;memang
alloh;allah
prsatukn;persatukan
mmg;memang
sdh;sudah
klw;kalau
g;tidak
slh;salah
ngomng;mengomong
mdh2an;mudah-mudahan
sm;sama
skedar;sekadar
sperti;seperti
kangennn;kangen
kangeeerrn;kangen
pulak;pula
tpi;tapi
terrrrbaik;terbaik
jorookknya;joroknya
ihhhhh;ih
cobaa;coba
padahall;padahal
jorokkkk;jorok
mualll;mual
klow;kalau
muke;muka
yg;yang
bner;benar
ajh;saja
taiiii;tahi
seneeeeeng;senang
yaa;ya
ga;tidak
nyesel;menyesal
besarin;membesarkan
mksh;terima kasih
tanyang;tayang
ber2;berdua
jngan;jangan
trus;terus
ngelarang;melarang
kerreeen;keren
udh;sudah
pantess;pantas
bngettt;banget
sampe;sampai
baperr;bawa perasaan
sudh;sudah
ga;tidak
sbr;sabar
pngen;pengin
nntn;menonton
ht;hati
pemainy;pemainnya
aq;aku
jga;juga
bnget;banget
ama;sama
aq;aku
jg;juga
aqu;aku
ngeliat;melihat
sampe;sampai
baper;bawa perasaan
smoga;semoga
gk;tidak
akn;akan
bnget;banget
nyampe;sampai
kbawa;terbawa
bradegan;beradegan
sm;sama
baper;bawa perasaan
bnget;banget
smga;semoga
amiiinnnn;amin
mlm;malam
nikahin;menikahi
hadeuh;aduh
bener2;benar-benar
nyambung;menyambung
aq;aku
liyat;lihat
krn;karena
sk;suka
bgt;banget
sm;sama
kluarga;keluarga
adengan;adegan
yaaa;ya
adengan;adegan
engga;tidak
bngtt;banget
bingit;banget
dapetin;mendapati
krn;karena
model2;model-model
sitayngin;ditayangkan
cocokkk;cocok
bgt;banget
mahhhh;mah
bangett;banget
cocokny;cocoknya
smoga;semoga
kaka;kakak
iniw;ini
sma;sama
jga;juga
q;ku
setju;setuju
bngt;banget
sma;sama
bnern;benaran
pcrn;pacaran
klian;kalian
cocokkkk;cocok
bngett;banget
abes;habis
pngen;pengin
kyk;kayak
gtu;begitu
ntar;entar
kek;kayak
gini;begini
br;baru
mksdny;maksudnya
tu;itu
knp;kenapa
kmu;kamu
brpa;berapa
tu;itu
ihh;ih
bgt;banget
sma;sama
aamiin;amin
dlu;dulu
kesampean;kesampaian
beginiiii;begini
ntr;entar
ak;aku
beliin;membelikan
kya;kaya
gini;begini
keq;kek
ngeliat;melihat
ngerasa;merasa
km;kamu
sygkuu;sayangku
lucuuuu;lucu
ngeselin;mengesalkan
bkin;bikin
masi;masih
baju'a;bajunya
fto;foto
gtu;begitu
jg;juga
bgt;banget
gara'';gara-gara
teruss;terus
pokok'a;pokoknya
bg;bang
ubur2;ubur-ubur
kuyy;yuk
bentarr;bentar
kuyy;yuk
klw;kalau
dureen;duren
ajibb;ajib
mahall;mahal
yukk;yuk
niiihh;nih
ubur2;ubur-ubur
donk;dong
imuuttt;imut
imuttzz;imut
nha;nya
asliii;asli
konten2;konten-konten
rasain;rasai
daaaah;deh
asliiii;asli
cantiknnnnyaaaaaaa;cantiknya
yuuk;yuk
ngelihatnya;melihatnya
aqu;aku
bdn;badan
na;nya
ibu2;ibu-ibu
bgt;banget
lau;kau
yaaa;ya
cantikkk;cantik
kakkk;kak
cantikk;cantik
sexxi;seksi
bgt;banget
bulet;bulat
ituu;itu
ngocok;mengocok
ni;ini
yg;yang
mw;mau
nyoba;mencoba
ikutin;mengikuti
gn;begini
yaahhh;ya
kencqng;kencang
ak;aku
kra;kira
kra;kira
msh;masih
diginikan;dibeginikan
"coret""";coret-coret
lahh;lah
gw;gue
gambarin;gambarkan
ntr;entar
klo;kalau
gw;gue
qt;kita
ky;kaya
gini;begini
y;ya
bener2;benar-benar
ngerii;ngeri
digambarin;digambarkan
klen;kalian
kek;kayak
bangke;bangkai
tp;tapi
gw;gue
kog;kok
jd;jadi
yha;ya
liatnya;lihatnya
bedanyaaa;bedanya
sm;sama
negri;negeri
mbk;mbak
pgin;pengin
fto;foto
krudungan;kerudungan
kakk;kak
ajaa;saja
maksutku;maksudku
kerennnnn;keren
njirr;anjir
ngerasa;merasa
bgt;banget
jd'y;jadinya
tp;tapi
manisnyaaaa;manisnya
thun;tahun
brp;berapa
bgt;banget
mbg;mbak
cantikk;cantik
bangeet;banget
sm;sama
km;kamu
jgn;jangan
ngaco;mengaco
ngomen;mengomentari
msh;masih
kaaakk;kak
gituh;begitu
tenggah;tengah
lucuuuu;lucu
yaa;ya
tpi;tapi
akuuu;aku
uuuuuaaaaaaaaaappppppppppiiiiiiiiiiiiiiiiiikkkkkkkkkkkkkkkk;apik
kocakkkkkkkkkkkkkk;kocak
ksukaanmuuu;kesukaanmu
bagiii;bagi
ayooo;ayo
nontonx;menontonnya
yach;ya
dpn;depan
pi;tapi
tu;itu
penasarannnn;penasaran
gilakkkkkk;gila
mauuu;mau
nontoonnn;menonton
cepet2;cepat-cepat
kepingin;pengin
nontonnnn;menonton
deeek;dek
ntappp;mantap
deg2an;deg-degan
liatnya;lihatnya
cyiiin;cinta
iyha;iya
kureeeen;keren
muantaap;mantap
nontonx;menontonnya
ga;tidak
pake;pakai
ngantri;mengantri
bli;beli
org;orang
nraktir;mentraktir
nonton;menonton
sbnyak;sebanyak
penasaraaann;penasaran
ga;tidak
kyk;kayak
ayoooo;ayo
nii;ini
nontonya;menontonnya
k;ke
kl;kalau
nunggu;menunggu
dpt;dapat
qta;kita
gw;gue
peen;pengin
lw;lu
gga;tidak
nunggu;menunggu
yaah;ya
asikkk;asik
gilak;gila
mcm;macam
ceritax;ceritanya
yoooiii;yoi
daah;deh
kuy;yuk
udahh;sudah
tauuuuu;tau
ngga;tidak
sabarrrrr;sabar
kqmu;kamu
banggain;banggakan
ngadain;mengadakan
ngak;tidak
ngadain;mengadakan
thn;tahun
knp;kenapa
pengan;pengin
ngadain;mengadakan
gk;tidak
sendeng;senang
simpen;simpan
gakk;tidak
bagiin;bagikan
nangis;menangis
nanggepin;menanggapi
pingin;pengin
gk;tidak
sma;sama
kapn;kapan
barang2;barang-barang
sma;sama
kirimin;mengirimi
tpi;tapi
gk;tidak
senengin;senangi
ngasih;mengasih
asikkk;asik
udh;sudah
ama;sama
ampunnnn;ampun
bln;bulan
senengg;senang
teruzzz;terus
gtu;begitu
mantabb;mantab
sumpahh;sumpah
yaa;ya
smua;semua
diluarann;diluaran
trbaik;terbaik
dlam;dalam
smua;semua
anjirrrr;anjir
jendess;janda
dh;deh
sichh;sih
jgn;jangan
pgn;pengin
namnya;namanya
kaka;kakak
gk;tidak
ninggalin;meninggalkan
orng;orang
geh;gih
ma;sama
nggak;tidak
sma;sama
kk;kakak
ber2;berdua
22nya;dua-duanya
aduuhhh;aduh
miripp;mirip
silauuu;silau
waww;wow
kerenn;keren
uga;juga
njiirr;anjir
bgs;bagus
bgt;banget
kesinii;kesini
gemay;gemas
dstu;disitu
tmpt;tempat
wiiiihhhh;wih
samoga;semoga
aamiin;amin
kereennn;keren
cobaa;coba
tuhh;tuh
wahh;wah
gk;tidak
nyangkaa;menyangka
hasilnyaaa;hasilnya
bangetttt;banget
dahhhh;dah
cmn;cuman
mudah2;mudah-mudah
bisaa;bisa
jugaakk;juga
prnh;pernah
diapa2in;diapa-apai
yaak;ya
lhoo;loh
mnta;minta
donx;dong
kyk;kayak
gthu;begitu
nda;indak
maauuu;mau
pacarrr;pacar
idamann;idaman
naturalllll;natural
bnyak;banyak
berntung;beruntung
merka;mereka
jln2;jalan-jalan
romntis;romantis
slamat;selamat
ulan;ulang
th;tahun
mngkin;mungkin
klau;kalau
diksi;dikasih
bgini;begini
sipp;sip
masi;masih
taun;tahun
jugak;juga
nungguin;menunggu
ngeluarin;mengeluarkan
keciill;kecil
ughaa;juga
"tante""";tante-tante
thn;tahun
ngerasa;merasa
gw;gue
banged;banget
abeees;habis
kapan2;kapan-kapan
adain;mengadakan
bsa;bisa
gk;tidak
bosen2;bosan-bosan
sempurnaaaaa;sempurna
kaan;kan
kece2;kece-kece
badaaiii;badai
beneraan;benaran
cantiiik;cantik
bgtt;banget
kuatttt;kuat
cantiiiiiiik;cantik
cantiknyaaa;cantiknya
pgn;pengin
bae2;baik-baik
lg;lagi
cantikkk;cantik
bgd;banget
mb;mbak
catiiiiik;cantik
bangeet;banget
subahanallah;subhanallah
cantikkk;cantik
bgt;banget
jaman2nya;jaman-jamannya
dapetin;mendapati
padet;padat
ga;tidak
buktiin;buktikan
km;kamu
yg;yang
cantiq;cantik
ak;aku
km;kamu
smua;semua
"pasien""nya";pasien-pasiennya
ngantri;mengantri
lohh;loh
bgt;banget
mngkin;mungkin
utk;untuk
ngasih;mengasih
keeeerrrreeeennnnnnnnn;keren
woow;wow
choker2;choker-choker
skarang;sekarang
skrang;sekarang
kaka;kakak
lohh;loh
gara2;gara-gara
buktiin;membuktikan
bangettttt;banget
hadirrr;hadir
hadirr;hadir
jelashh;jelas
sekali2;sekali-kali
mbaaa;mbak
temen;teman
kerenn;keren
hadirrr;hadir
ngomong;mengomong
hidupppp;hidup
nyebelin;menyebalkan
tp;tapi
diliatnya;dilihatnya
ga;tidak
abis2;habis-habis
gpp;tidak apa-apa
para2;parah-parah
bangeeet;banget
allahhhhhhh;allah
gemesnya;gemasnya
ilang2;hilang-hilang
mslh;masalah
kmi;kami
ngilangin;menghilangkan
tbuh;tubuh
itungan;hitungan
keliatan;kelihatan
ledekin;ledeki
tmn2;teman-teman
diputusin;diputuskan
gara2;gara-gara
km;kamu
gara2;gara-gara
repot2;repot-repot
oles2;oles-oles
ckup;cukup
dptkan;dapatkan
artis2;artis-artis
bener2;benar-benar
nyesel;menyesal
ayooo;ayo
saranin;menyarankan
kalii;kali
ajaa;saja
ninggiin;meninggikan
ledekin;ledeki
tmn2;teman-teman
baget;banget
dri;dari
bngt;banget
kl;kalau
lht;lihat
mnta;minta
kira2;kira-kira
lgsg;langsung
mngkin;mungkin
ngk;tidak
ahh;ah
pas2an;pas-pasan
balesin;membalas
gausah;tidak usah
kyk;kayak
sukaaa;suka
lutuna;lucunya
ciapa;siapa
gemesss;gemas
duhh;duh
terharuuu;terharu
ihh;ih
sumpahh;sumpah
alamii;alami
sampek;sampai
ckrng;sekarang
ngegemesin;menggemaskan
imoet;imut
bgt;banget
imut2;imut-imut
gtu;begitu
jagain;jaga
yahbh;ya
msih;masih
macem2;macam-macam
neko2;neko-neko
ngeliat;melihat
sktika;seketika
dr;dari
td;tadi
lutu;lucu
yg;yang
yaa;ya
yha;ya
wowwww;wow
massss;mas
kesiniii;kesini
bnget;banget
"keren""";keren-keren
"jalan""nya";jalan-jalannya
masyaallahhh;masyaallah
kerennn;keren
ksni;kesini
begok;bego
bkan;bukan
jgk;juga
gda;tidak ada
tmpt;tempat
mksd;maksud
aqu;aku
bawak;bawa
jdi;jadi
it;itu
bkan;bukan
nti;nanti
pgi;pagi
yahh;ya
keeeeeren;keren
bnget;banget
baguusss;bagus
mna;mana
liat;lihat
lg;lagi
bnget;banget
nahannnn;tahan
lucuu;lucu
bagaatt;banget
gayannxa;gayanya
kereeeen;keren
uda;sudah
ngekeh;kekeh
bg;bang
xlian;kalian
b3;bertiga
bnget;banget
lg;lagi
ihhh;ih
nyebelin;menyebalkan
bnget;banget
lcu;lucu
pait;pahit
pait;pahit
pait;pahit
koplakkk;koplak
kerass;keras
yachhh;ya
gokil;gila
bgt;banget
kmu;kamu
yg;yang
ngelihat;melihat
pngn;pengin
ngelawak;melawak
iiihhhhh;ih
gokil;gila
nyolotinnnn;menyolot
beratttttttt;berat
lucuu;lucu
cantiikkkk;cantik
kaa;kak
hijaabbb;hijab
sekalii;sekali
smnagatin;menyemangati
kk;kakak
pakek;pakai
kanapa;kenapa
ngk;tidak
pakek;pakai
cans;cantik
pke;pakai
aja;saja
subahanallah;subhanallah
banhet;banget
ahhhh;ah
bgttttttt;banget
mcm;macam
blng;bilang
jgn;jangan
mngasi;mengasih
kmbang;kembang
pg;pagi
tp;tapi
pulak;pula
nie;ini
nda;indak
pla;pula
kh;kah
tpi;tapi
cm;cuma
kw;kau
mcm;macam
kw;kau
pla;pula
yg;yang
blakon;berlakon
sy;saya
nmpk;nampak
sma;sama
lucuu;lucu
lcu;lucu
bngtzt;banget
lucukkkkk;lucu
inget;ingat
sbelah;sebelah
baek;baik
ciusss;serius
palinf;paling
fav;favorit
ndak;indak
maak;mak
ngakaaaakkk;mengakak
yank;sayang
bangett;banget
gokill;gila
kocakkkkkk;kocak
ngekek;mengekek
jgn;jangan
skrg;sekarang
udah;sudah
gak;tidak
capee;cape
pegangin;memegang
nyender;menyandar
bener;benar
manjain;memanjakan
bgt;banget
peleotin;meleot
bng;bang
ko;kok
gda;tidak ada
yahh;ya
termurahhhh;termurah
pengen;pengin
nyatakan;menyatakan
graaatiiiis;gratis
nyatakan;menyatakan
meriahh;meriah
cantikkkm;cantik
bangett;banget
parahh;parah
yuuk;yuk
mantabs;mantab
bingits;banget
yuppss;ya
nyindir;menyindir
bgt;banget
onoh;sono
bnyk;banyak
anakny;anaknya
staf2nya;staf-stafnya
gara2;gara-gara
ajaa;saja
ngilangin;menghilangkan
begete;banget
nyindir;menyindir
bgt;banget
aduhh;aduh
yg;yang
manteppp;mantap
hati2;hati-hati
jangan2;jangan-jangan
anakny;anaknya
kata2nya;kata-katanya
ynk;sayang
"nangis""";menangis-nangis
"hati""";hati-hati
"jangan""";jangan-jangan
emank;memang
klo;kalau
jagain;menjaga
dgn;dengan
cr;cara
emank;memang
diemin;diamkan
cm;cuma
aja;saja
trs;terus
uda;sudah
hancurin;menghancurkan
ga;tidak
ckp;cukup
cm;cuma
klo;kalau
mgkn;mungkin
ato;atau
diapain;diapakan
gtu;begitu
bgs;bagus
ms;masih
bs;bisa
krn;karena
mgkn;mungkin
haragain;menghargai
cb;coba
klo;kalau
g;tidak
uda;sudah
g;tidak
nyakitin;menyakiti
ht;hati
gw;gue
jgn2;jangan-jangan
org;orang
lg;lagi
kyk;kayak
sbaiknya;sebaiknya
mngerti;mengerti
blajar;belajar
dlu;dulu
dr;dari
fakta2;fakta-fakta
yg;yang
slama;selama
spt;seperti
udh;sudah
ckup;cukup
kyk;kayak
msh;masih
mnding;mending
cm;cuma
klo;kalau
gw;gue
lgsg;langsung
gw;gue
nilai2;nilai-nilai
lg;lagi
buka2;buka-buka
nyinyirin;nyinyir
pdhl;padahal
pd;pada
nyerang;menyerang
hrs;harus
mrk;mereka
trima;terima
mrk;mereka
hrs;harus
bs;bisa
ksh;kasih
ngomomg;mengomong
mang;memang
udh;sudah
klo;kalau
kbetulan;kebetulan
orgtuanya;orang tuanya
lg;lagi
sbelum;sebelum
ngamatin;mengamati
ngintip;mengintip
stelah;setelah
sm;sama
orng;orang
sndiri;sendiri
yg;yang
ksh;kasih
ngintilin;mengintil
trus;terus
smnjak;semenjak
trbukti;terbukti
nyambet;menyambat
msk;masuk
krmh;ke rumah
aja;saja
sm;sama
pdhl;padahal
rmh;rumah
gk;tidak
cm;cuma
yg;yang
skrg;sekarang
bo'ong;bohong
dri;dari
dlu;dulu
lg;lagi
klo;kalau
bkn;bukan
eloo;lo
apa2nya;apa-apanya
goblokkk;goblok
sesatt;sesat
ibliss;iblis
elo;lo
utk;untuk
smua;semua
hrs;harus
kbiasaan;kebiasaan
hdpnya;hidupnya
lbh;lebih
gk;tidak
byk;banyak
ngomong;mengomong
pake;pakai
pny;punya
anknya;anaknya
rmh;rumah
jalan2;jalan-jalan
gk;tidak
prnh;pernah
tdr;tidur
org;orang
sbuah;sebuah
spt;seperti
anak2nya;anak-anaknya
yg;yang
tdnya;tadinya
bkin;bikin
dr;dari
ank2nya;anak-anaknya
tp;tapi
ank2nya;anak-anaknya
yg;yang
milih;memilih
sndiri;sendiri
kn;kan
stelah;setelah
mrk;mereka
branjak;beranjak
ank2;anak-anak
gk;tidak
bs;bisa
masyarakay;masyarakat
yg;yang
lht;lihat
jg;juga
bs;bisa
mudah2an;mudah-mudahan
nyampe;sampai
utk;untuk
menegerti;mengerti
bkin;bikin
hdpnya;hidupnya
apa2;apa-apa
sok2;sok-sok
nasehatin;menasihati
ngaca;mengaca
dlu;dulu
jgn2;jangan-jangan
pantes;pantas
ajah;saja
kakk;kak
kakkkk;kak
slamet;selamat
ampe;sampai
nari;menari
ngapain;mengapai
ehh;eh
mf;maaf
bru;baru
ngcpin;mengucapkan
pgn;pengin
woowwww;wow
iaa;ya
trus;terus
yaaaa;ya
kakk;kak
kdg;kadang
nyesel;menyesal
knp;kenapa
skrg;sekarang
ngerasa;merasa
skrg;sekarang
kebagi;terbagi
nerusin;meneruskan
indo;indonesia
aja;saja
univ;universitas
kk;kakak
kk;kakak
nyesel;menyesal
kmu;kamu
maen;main
"ngaku""";mengaku-ngaku
wihh;wih
tetapppp;tetap
gantenggg;ganteng
aq;aku
donk;dong
jakety;jaketnya
lucuu;lucu
nggk;tidak
skli;sekali
kli;kali
yg;yang
km;kamu
ttp;tetap
pala;kepala
pusingggg;pusing
ttp;tetap
bng;bang
ttp;tetap
qu;ku
pucing;pusing
pala;kepala
ihhhh;ih
maho;manusia homo
gpp;tidak apa-apa
gantng;ganteng
pucing;pusing
alak;kepala
ga;tidak
akn;akan
hilangv;hilang
bungggg;bung
bangg;bang
gapap;tidak apa-apa
klo;kalau
keliatan;kelihatan
kyak;kayak
yg;yang
pling;paling
byk;banyak
gokiiill;gila
ngak;tidak
apa2;apa-apa
jdi;jadi
kya;kaya
org;orang
busedh;buset
gokilnya;gilanya
sma;sama
duluuu;dulu
keceee;kece
nyaa;nya
klu;kalau
gilaa;gila
gak;tidak
ahhhh;ah
w;gue
duuhhh;duh
tetep;tetap
aq;aku
amiiiiinnnnn;amin
dg;dengan
tullus;tulus
tw;tau
pluk;peluk
durhaka2;durhaka-durhaka
y;ya
gk;tidak
ngomong;mengomong
kmu;kamu
udh;sudah
ttp;tetap
kpada;kepada
"seburuk""";seburuk-buruk
ortu;orang tua
kta;kata
dy;dia
ktaa;kita
dy;dia
yup;ya
tdk;tidak
mb;mbak
tetaplaah;tetaplah
q;aku
baek;baik
ajja;saja
dech;deh
baek;baik
oprasi;operasi
aj;saja
gya;gaya
sm;sama
ny;nya
kndung;kandung
ehh;eh
sbg;sebagai
klo;kalau
bkn;bukan
u;untuk
smua;semua
ksenangan;kesenangan
yg;yang
ddpt;didapat
skrang;sekarang
jwab;jawab
sbg;sebagai
km;kamu
sk;suka
mmbodohkan;membodohkan
orlaen;orang lain
bgtu;begitu
sbg;sebagai
jgn;jangan
bgtu;begitu
skrg;sekarang
drpd;daripada
spt;seperti
elo;lo
malem;malam
gk;tidak
ngerti;mengerti
aplikasiin;mengaplikasikan
bgtu;begitu
berangat;berangkat
praktekin;mempraktikkan
dahh;dah
ntar;entar
gmn;bagaimana
omdo;omong doang
bgini;begini
kate;kata
gada;tidak ada
cabe2;cabe-cabe
klo;kalau
prjuangan;perjuangan
dg;dengan
kmewahan;kemewahan
stimpal;setimpal
dg;dengan
kmewahan;kemewahan
yg;yang
ddpat;didapat
klo;kalau
bkn;bukan
sprt;seperti
skrang;sekarang
km;kamu
jgn;jangan
aj;saja
bc;baca
mnilai;menilai
km;kamu
kata2;kata-kata
za;saja
gak;tidak
pake;pakai
pake;pakai
w;gue
gak;tidak
udahh;sudah
gak;tidak
usahh;usah
omdo;omong doang
za;saja
segala2nya;segala-galanya
sekarng;sekarang
skrg;sekarang
sprti;seperti
skrg;sekarang
sampe;sampai
masing2;masing-masing
jgn;jangan
sampe;sampai
mkanya;makanya
jgn;jangan
dlu;dulu
sblm;sebelum
hay;hai
mreka;mereka
bhagia;bahagia
km;kamu
aja;saja
yg;yang
korek2;korek-korek
org;orang
pngen;pengin
ngebales;membalas
krna;karena
w;gue
sihh;sih
gak;tidak
ngomong;mengomong
udahh;sudah
males;malas
w;gue
sasama;sesama
ga;tidak
klo;kalau
dahh;sudah
elo;lo
dehh;deh
cabe2an;cabe-cabean
terong2an;terong-terongan
seklian;sekalian
kluar;keluar
tuuu;itu
jgn;jangan
ngurusan;mengurusi
org;orang
ngaca;mengaca
donk;dong
campurin;mencampuri
emnknya;memangnya
py;punya
kaka;kakak
unyuu;unyu
dy;dia
bkn;bukan
tp;tapi
kndung;kandung
klo;kalau
mrangkul;merangkul
adlh;adalah
knpa;kenapa
klo;kalau
g;tidak
wlo;walau
bnyak;banyak
yg;yang
sperti;seperti
lh;lah
manusiy;manusia
tx;tak
dr;dari
samara;sakinah mawadah rahman
aamiin;amin
klw;kalau
liat;lihat
teringt;teringat
trmsuk;termasuk
ank;anak
yg;yang
dn;dan
pilihnmu;pilihanmu
swmntara;sementara
trmasuk;termasuk
gak;tidak
dlm;dalam
orang2;orang-orang
yg;yang
sgt;sangat
liht;lihat
aj;saja
y;ya
klo;kalau
suaminy;suaminya
skrg;sekarang
msh;masih
kn;kan
sm;sama
jadulnya;jaman dulunya
mantaff;mantap
klo;kalau
yg;yang
ngata2in;mengata-ngatai
g;tidak
jgn;jangan
bagaimna;bagaimana
tpi;tapi
mulusssss;mulus
bgus;bagus
bkn;bukan
gmana;bagaimana
kpleset;kepleset
yawlah;ya allah
bgt;banget
ntr;entar
lgsg;langsung
kepeleset;kepleset
engga;tidak
kayanye;kayanya
amiinnnn;amin
klo;kalau
gn;begini
ngakak;mengakak
komen2an;komen-komenan
wewww;wow
dumsss;dong
tar;entar
keq;kayak
gini;begini
amiin;amin
perbaikin;memperbaiki
trus;terus
permasalhkan;permasalahkan
bener2;benar-benar
ga;tidak
ngomong;mengomong
betul2;betul-betul
jauhin;jauhi
dateng;datang
ngomong;mengomong
adiik;adik
manisss;manis
ngerti;mengerti
"besar""";besar-besar
"masing""";masing-masing
aja;saja
"masing""";masing-masing
yaaa;ya
nyoba;mencoba
wihh;wih
beneran;benaran
yg;yang
ddlm;di dalam
smua;semua
kmbali;kembali
pd;pada
d;di
kmu;kamu
gk;tidak
kmu;kamu
gk;tidak
dkuburnya;dikuburnya
fi;di
indo;indonesia
sm;sama
ttg;tentang
masing2;masing-masing
kyk;kayak
kl;kalau
rata2;rata-rata
lbih;lebih
byk;banyak
critamu;ceritamu
kw;kau
ja;saja
dl;dulu
tu;itu
kl;kalau
dh;sudah
bres;beres
cmkn;camkan
tu;itu
gk;tidak
diurusin;diurusi
keles;kali
yg;yang
biarin;biarkan
aja;saja
ntar;entar
utk;untuk
utk;untuk
gk;tidak
gk;tidak
kk;kakak
kale;kali
klo;kalau
ngomong;mengomong
elo;lo
ngerasa;merasa
bener;benar
ga;tidak
donks;dong
ga;tidak
kn;kan
keles;kali
smoga;semoga
kmu;kamu
jngan;jangan
"membanding""";membanding-banding
gk;tidak
kmi;kami
mengperbolehkan;memperbolehkan
gk;tidak
krena;karena
ngri;negeri
"dingin""";dingin-dingin
kn;kan
lma;lama
dibangga'in;dibangga-banggakan
ngajak;mengajak
ngebolehin;membolehkan
dapet;dapat
gak;tidak
denger;dengar
dlu;dulu
"jelek""in";menjelek-jelekkan
stiap;setiap
org;orang
gausa;tidak usah
maksain;memaksakan
klo;kalau
km;kamu
buktiin;buktikan
smog;semoga
mnerima;menerima
baikxa;baiknya
aaamin;amin
ma;sama
ma;sama
sdh;sudah
gk;tidak
amienn;amien
sekangen2;sekangen-kangen
sm;sama
met;selamat
jln;jalan
amiin;amin
aamiin;amin
kt;kita
kmu;kamu
sdh;sudah
gak;tidak
tpi;tapi
aminnnn;amin
amiiiiiiiiiinnnnnnn;amin
nolongin;menolong
amiiiiiiiiiiin;amin
seluru;seluruh
aminn;amin
alloh;allah
amiennn;amien
amiiiin;amin
amiiiin;amin
gak;tidak
ngk;tidak
ngak;tidak
ngak;tidak
gak;tidak
bnget;banget
klow;kalau
tebir;ribet
doangam;doang
"tebir""";ribet-ribet
amad;amat
mkst;maksud
jgn;jangan
sm;sama
ae;saja
wong2;wong-wong
lau;kau
rempong;repot
ngurusin;mengurusi
kerjaan;pekerjaan
bingittzz;banget
dgn;dengan
bangets;banget
ajaa;saja
jg;juga
bngt;banget
ikh;ih
kk;kakak
aq;aku
dwh;deh
pulak;pula
nengok;menengok
bante;bantai
la;lah
ngomong;mengomong
komenannya;komentarnya
hadapin;menghadapi
dengarin;mendengarkan
bru;baru
gk;tidak
ush;usah
sma;sama
gpp;tidak apa-apa
cock;cocok
widihh;waduh
bner;benar
mantepp;mantap
dehh;deh
itungan;hitungan
cita2;cita-cita
temen-temen;teman-teman
stu;satu
syratnya;syaratnya
klo;kalau
skrg;sekarang
skrg;sekarang
mksh;terima kasih
bgt;banget
smoga;semoga
pnjang;panjang
shat;sehat
slalu;selalu
inginkn;inginkan
ank;anak
belanjaa;belanja
disiniii;disini
buktiin;buktikan
burem;buram
tlp;telepon
dngan;dengan
dg;dengan
ga;tidak
nyangka;menyangka
nunggu;menunggu
ngerasain;merasai
ngerasain;merasai
gmn;bagaimana
yaaa;ya
kancang;kencang
tmbh;tambah
cntik;cantik
bnyk;banyak
knp;kenapa
mansyoallah;masyaallah
skali;sekali
canttttikkk;cantik
dapetin;mendapati
subhanalloh;subhanallah
dlm;dalam
slmt;selamat
utk;untuk
pke;pakai
lbh;lebih
keliatan;kelihatan
mksh;terima kasih
udah;sudah
ksh;kasih
saranin;sarankan
dapetin;mendapati
stiap;setiap
lkuin;lakukan
ttep;tetap
langgenh;langgeng
foto2nya;foto-fotonya
tanggung2;tanggung-tanggung
salluutt;salut
pkai;pakai
lht;lihat
kmu;kamu
skrg;sekarang
pake;pakai
sm;sama
kmu;kamu
pd;pada
org2;orang-orang
yg;yang
smua;semua
mkn;makin
pake;pakai
seneng;senang
liat;lihat
pdng;padang
syantik;cantik
warbiyasah;luar biasa
skrg;sekarang
pk;pakai
kk;kakak
mbk;mbak
keedaannya;keadaannya
lagu2;lagu-lagu
saya2;saya-saya
tunggu2;tunggu-tunggu
sekrng;sekarang
mngkin;mungkin
ga;tidak
lg;lagi
tp;tapi
lagu2nya;lagu-lagunya
ttap;tetap
bsa;bisa
spertinya;sepertinya
ma;sama
kyk;kayak
cm;cuma
kmrn;kemarin
ad;ada
mrah;marah
gra2;gara-gara
skrg;sekarang
dy;dia
sngaja;sengaja
kyk;kayak
jlek;jelek
bs;bisa
jd;jadi
udah2;sudah-sudah
smua;semua
udh;sudah
ungkit2;ungkit-ungkit
udh;sudah
pura2;pura-pura
gatau;tidak tau
curhat2;curhat-curhat
matany;matanya
klo;kalau
kyk;kayak
gni;begini
byk;banyak
bner;benar
klo;kalau
dteng;datang
k;ke
mata'y;matanya
baju2;baju-baju
ayoooo;ayo
buruannn;buruan
emng;memang
perubut;perebut
sumai;suami
hdp;hidup
tk;tak
tdk;tidak
sprti;seperti
mb;mbak
elo;lo
urusin;mengurusi
apah;apa
sm;sama
bagus2;bagus-bagus
say;sayang
sekarng;sekarang
mb;mbak
ma;sama
mbk;mbak
jd;jadi
bgt;banget
ma;sama
sbg;sebagai
mmbela;membela
mb;mbak
mslhnya;masalahnya
hnya;hanya
sndri;sendiri
sy;saya
sj;saja
gpp;tidak apa-apa
krn;karena
msh;masih
bnyk;banyak
llki;lelaki
dluar;diluar
sna;sana
yg;yang
mw;mau
sm;sama
km;kamu
boleh2;boleh-boleh
dg;dengan
dya;dia
pantes;pantas
maluuuu;malu
beda2;beda-beda
mksh;terima kasih
udh;sudah
nyaranin;menyarankan
pake;pakai
skrng;sekarang
ja;saja
x;kali
dgn;dengan
masing2;masing-masing
lagu2nya;lagu-lagunya
tongolin;menongol
sm;sama
ahhh;ah
cabol;cabul
ngomong;mengomong
ape;apa
nyet;monyet
muna;munafik
jing;anjing
tot;entot
nihh;nih
sm;sama
ttg;tentang
tuhh;tuh
kmu;kamu
smoga;semoga
dpt;dapat
hidiyah;hidayah
jgn;jangan
percya;percaya
bgi;bagi
tlg;tolong
sya;saya
sdri;sendiri
sdh;sudah
tdi;tadi
mgkin;mungkin
bkn;bukan
sya;saya
blg;bilang
bhwa;bahwa
mimin;admin
indo;indonesia
dr;dari
br;baru
denger;dengar
skaligus;sekaligus
dr;dari
bkin;bikin
jg;juga
y;saya
bkn;bukan
jd;jadi
br;baru
cek2;cek-cek
kl;kalau
spti;seperti
dl;dulu
smakin;semakin
qta;kita
dg;dengan
gtu;begitu
sbgai;sebagai
mgk;mungkin
bs;bisa
bgmn;bagaimana
kl;kalau
spti;seperti
sapa2;sapa-sapa
tp;tapi
mmg;memang
sama2;sama-sama
kyknya;kayaknya
dgn;dengan
mgkn;mungkin
bhwa;bahwa
pnya;punya
dng;dengan
km;kamu
termurahhh;termurah
bbrp;beberapa
bhw;bahwa
dgn;dengan
banyaaaaaak;banyak
yg;yang
org2;orang-orang
ga;tidak
baik2nya;baik-baiknya
klo;kalau
mmg;memang
knp;kenapa
hrs;harus
tunjukan;tunjukkan
bhwa;bahwa
dr;dari
mgkn;mungkin
dg;dengan
anak2mu;anak-anakmu
bs;bisa
mgkn;mungkin
anak2;anak-anak
bagus2;bagus-bagus
anak2;anak-anak
ngasih2;mengasih-ngasih
berfikir;berpikir
ni;nih
amit2;amit-amit
mba;mbak
kasian;kasihan
elu;lu
d;di
kyk;kayak
gw;gue
ngajuin;mengajukan
tiba2;tiba-tiba
jkt;jakarta
kyk;kayak
ni;ini
yaaa;ya
lg;lagi
thn;tahun
laki2;laki-laki
terbaeq;terbaik
utk;untuk
namany;namanya
gk;tidak
jels;jelas
bgt;banget
tdk;tidak
dn;dan
diakibtkn;diakibatkan
gk;tidak
ad;ada
kerjaan;pekerjaan
emng;memang
suk;suka
jelek2;jelek-jelek
emng;memang
dsrny;dasarnya
ny;nya
sy;saya
jkrta;jakarta
mna;mana
dn;dan
mantaap;mantap
benar2;benar-benar
sperti;seperti
main2;main-main
lanjutkaaaaan;lanjutkan
hiduppp;hidup
ncek;encek
majuuu;maju
teruuss;terus
kdg2;kadang-kadang
looohh;loh
yg;yang
udah;sudah
sebelumbya;sebelumnya
tp;tapi
yg;yang
bener2;benar-benar
dg;dengan
ajah;saja
keles;kali
dr;dari
tp;tapi
tunjukin;tunjukkan
kya;kaya
"tahun""";tahun-tahun
jkt;jakarta
koment;komentar
ksh;kasih
k;ke
koment;komentar
sya;saya
nyampein;menyampaikan
sya;saya
nyampein;menyampaikan
bkn;bukan
jgn;jangan
nyari;mencari
msh;masih
dlm;dalam
hokiii;hoki
y;ya
gk;tidak
naksir;menaksir
iyah;iya
naksir;menaksir
"bangt""";banget-banget
cntik;cantik
bgt;banget
kk;kakak
k;kak
liat;lihat
liat;lihat
ntar;entar
naksir;menaksir
tw;tau
nafkahin;menafkahi
km;kamu
dlu;dulu
ngitem;menghitam
banyaaaak;banyak
"sama""";sama-sama
gx;tidak
lhat;lihat
ja;saja
naksir;menaksir
cantika;cantik
bgt;banget
klau;kalau
naksir;menaksir
kmu;kamu
cwek;cewek
ak;aku
laki2;laki-laki
udh;sudah
duhh;duh
kngen;kangen
fillm;film
dr;dari
emg;memang
udh;sudah
lbh;lebih
sinet;sinetron
jendral;jenderal
nanya;tanya
maenya;mainnya
sinet;sinetron
cantiks;cantik
wktu;waktu
pilm;film
yaa;ya
taon;tahun
klau;kalau
nd;indak
slah;salah
"nangis""";menangis-nangis
ortu;orang tua
beliin;belikan
ituu;itu
donk;dong
dr;dari
bgtt;banget
lgsg;langsung
aja;saja
cini;sini
jaaangan;jangan
uda;sudah
nambah;bertambah
naek;naik
terimaksih;terima kasih
saranin;menyarankan
pake;pakai
inii;ini
kaannnn;kan
tidakkkk;tidak
kemuh;kamu
da;sudah
keren2;keren-keren
gak;tidak
nyangka;menyangka
sempet;sempat
sby;surabaya
aq;aku
ga;tidak
y;ya
aq;aku
nonton;menonton
tgl;tanggal
pinginnn;pengin
buanget;banget
ketemuuu;ketemu
ampe;sampai
kebawa;terbawa
mimpiii;mimpi
pengen;pengin
ketemuuu;ketemu
wanjerrr;anjir
satupunn;satupun
motret;memotret
kapan2;kapan-kapan
temen2;teman-teman
msh;masih
donk;dong
lapakk;lapak
nyeniii;menyeni
bget;banget
ngeselin;mengesalkan
ad;ada
yg;yang
ga;tidak
seeh;sih
ttg;tentang
abis;habis
deuhh;duh
b2an;berduaan
dihargain;dihargai
"engga""";tidak-tidak
pdhl;padahal
udh;sudah
pcrn;pacaran
tahun2;tahun-tahun
tp;tapi
gk;tidak
yha;ya
lebayy;lebay
kya;kaya
gilsss;gila
baek;baik
baper;bawa perasaan
dech;deh
udh;sudah
bgt;banget
nganbek;mengambek
sukaa;suka
enk;enak
njir;anjir
kek;kayak
gini;begini
tp;tapi
mendam;memendam
gpp;tidak apa-apa
la;lah
dr;dari
maen;main
manta;mantan
gituuu;begitu
yaaa;ya
ihh;ih
ga;tidak
relaaaa;rela
kmrn;kemarin
gtu;begitu
kyak;kayak
gni;begini
bgun;bangun
cntik;cantik
lg;lagi
tdur;tidur
cntk;cantik
kt;kita
pengen;pengin
bgt;banget
knl;kenal
anugrah;anugerah
slm;salam
knl;kenal
pakek;pakai
uda;sudah
kliatan;kelihatan
km;kamu
yg;yang
gak;tidak
lbih;lebih
klu;kalau
awoohhh;allah
cantiikk;cantik
bngett;banget
kli;kali
kya;kaya
gt;begitu
kk;kakak
sbbyak;sebanyak
apun;apapun
indo;indonesia
tetep;tetap
nyangkutnya;menyangkutnya
yg;yang
untk;untuk
kk;kakak
sihh;sih
kk;kakak
gk;tidak
kliatan;kelihatan
org;orang
ampunnnnn;ampun
bgt;banget
kmu;kamu
hy;hai
hy;hai
hy;hai
cantikkk;cantik
wadaaw;waduh
paraah;parah
org;orang
aj;saja
cntk;cantik
kk;kakak
donk;dong
sampw;sampai
pengen;pengin
ngeliat;melihat
dijelekin;dijelekkan
dlu;dulu
napa;kenapa
ttp;tetap
bntu;bantu
azeeeek;asik
kalii;kali
ntikk;cantik
uhh;uh
mayan;lumayan
mnisss;manis
gtu;begitu
tambahim;tambahkan
tambahin;tambahkan
bngt;banget
bgt;banget
klo;kalau
pake;pakai
"bener""";benar-benar
klo;kalau
make;memakai
klo;kalau
dg;dengan
org;orang
yg;yang
gilaaaa;gila
canttikkk;cantik
baanggeettt;banget
ap;apa
siiihh;sih
krpoooo;kepo
pengn;pengin
gni;begini
nyusul;menyusul
nyok;yuk
kk;kakak
gni;begini
dekkk;dek
g;tidak
da;ada
yg;yang
mw;mau
kk;kakak
baper;bawa perasaan
bgt;banget
ngiri;mengiri
mmang;memang
ga;tidak
nentuin;menentukan
smoga;semoga
mnjmput;menjemput
yg;yang
kk;kakak
ygs;sayang
bgt;banget
liat;lihat
dahh;sudah
jan;jangan
mblooo;jomblo
pengen;pengin
bs;bisa
ber'expresi;berekspresi
bgtu;begitu
tw;tau
ni;ini
jdulnya;judulnya
ap;apa
ciumman;ciuman
aurot;aurat
laginy;laginya
ga;tidak
yg;yang
nyaaaaaaaaaaaaa;nya
alkhamdulilah;alhamdulillah
ktnya;katanya
selaluu;selalu
anjirrr;anjir
ngeh;engah
amen;amin
bs;bisa
kliatan;kelihatan
mngkin;mungkin
qm;kamu
aamiin;amin
udh;sudah
ngomong;mengomong
kmrn;kemarin
klo;kalau
liatnya;lihatnya
udh;sudah
sm;sama
indo;indonesia
nahhh;nah
bener;benar
gak;tidak
yah;ya
ngmngnya;mengomongnya
trs;terus
yg;yang
benar2;benar-benar
orang2;orang-orang
yg;yang
sampai2;sampai-sampai
hal2;hal-hal
krn;karena
komunitas2;komunitas-komunitas
utk;untuk
mw;mau
gak;tidak
gak;tidak
fotony;fotonya
halllo;halo
sma;sama
ngiritya;mengiritnya
hematt;hemat
cocokk;cocok
dr;dari
gw;gue
lg;lagi
ciyeeee;cie
ni;nih
yeeee;ya
kk;kakak
gak;tidak
aq;aku
nget;banget
kususnya;khususnya
krm;kirim
sam;sama
ajaaahhhhh;saja
syediiihhh;sedih
akuuu;aku
gx;tidak
ngerti;mengerti
malangg;malang
belooomm;belum
blm;belum
kn;kan
blom;belum
bingit;banget
d;di
donk;dong
donk;dong
yaakk;ya
yaaa;ya
nggk;tidak
kebukti;terbukti
anak2e;anak-anaknya
pgn;pengin
tuwanya;tuanya
gmn;bagaimana
comen2nya;komen-komennya
pedesssss;pedas
anak2mu;anak-anakmu
yg;yang
krn;karena
jelas2;jelas-jelas
skg;sekarang
sdh;sudah
kl;kalau
yg;yang
utk;untuk
anak2nya;anak-anaknya
nyebut2;menyebut-nyebut
anak2mu;anak-anakmu
yg;yang
plg;pulang
smbil;sambil
hellooooooo;halo
ngrebut;merebut
dri;dari
org;orang
mnjdi;menjadi
sprti;seperti
skg;sekarang
krna;karena
ngomong;mengomong
taek;tahi
gak;tidak
km;kamu
smga;semoga
bget;banget
hancurin;menghancurkan
rmh;rumah
lupain;melupakan
bangkret;bangkrut
ngmng;mengomong
taekk;tahi
lahhhhhh;lah
muna;munafik
kedokk;kedok
"mati""an";mati-matian
pda;pada
ga;tidak
bsa;bisa
aq;aku
nyimak;menyimak
komenx;komennya
serem2;seram-seram
"ngumpet""";mengumpet-ngumpet
bgt;banget
klo;kalau
km;kamu
lg;lagi
blim;belum
km;kamu
sekrang;sekarang
smpe;sampai
ngerebut;merebut
mnjijikaaaaaan;menjijikkan
astgfrlh;astagfirullah
knpa;kenapa
mba;mbak
bngt;banget
sahabatt;sahabat
bngt;banget
gnyngka;tidak menyangka
yaa;ya
yg;yang
kya;kaya
gtu;begitu
sendirir;sendiri
brengsekk;brengsek
gk;tidak
da;ada
g;tidak
prnh;pernah
tetep;tetap
mbg;mbak
gk;tidak
ngomentnya;mengomentarinya
ga;tidak
nusuk;menusuk
dr;dari
blg;bilang
dr;dari
skr;sekarang
dpotong;dipotong
helo;halo
blm;belum
dpotong;dipotong
kmrin;kemarin
krn;karena
ngmgin;mengomongkan
kw;kau
bilangg;bilang
yah;ya
kw;kau
dri;dari
dy;dia
ga;tidak
ngerebut;merebut
temen;teman
gkhianati;mengkhianati
kpd;kepada
hdup;hidup
krn;karena
sdh;sudah
hdup;hidup
dg;dengan
skr;sekarang
hr;hari
sp;siapa
pljaran;pelajaran
utk;untuk
org;orang
spy;supaya
tdk;tidak
mngikuti;mengikuti
klkuan;kelakuan
spy;supaya
tdk;tidak
anak2nya;anak-anaknya
tdk;tidak
dibikin2;dibikin-bikin
trus;terus
gimana;bagaimana
nnt;nanti
ngurusin;mengurusi
cew;cewek
cow;cowok
sm;sama
aja;saja
kasiannn;kasihan
bgt;banget
bnyak;banyak
mgkin;mungkin
dr;dari
cocokkkk;cocok
syekaliii;sekali
ngelihat;melihat
smoga;semoga
hgga;hingga
ngiri;mengiri
makasih;terima kasih
makasih;terima kasih
ayoo;ayo
seneng;senang
kaka;kakak
jd;jadi
pengen;pengin
namain;menamai
ank;anak
bangett;banget
yaaa;ya
cieeeee;cie
bgt;banget
sholihah;salihah
bangett;banget
adeuh;aduh
bgt;banget
nantiii;nanti
aamiin;amin
halahh;alah
luu;lu
leh;boleh
uga;juga
yuuks;yuk
ayooo;ayo
ka;kak
yoo;ayo
ginian;beginian
judulnyaa;judulnya
ape;apa
nihh;nih
ko;kok
ngikutin;mengikuti
gk;tidak
klo;kalau
mauuu;mau
inii;ini
bnyak;banyak
ato;atau
ayoookkkkkk;ayo
bgt;banget
y;ya
yaaa;ya
pengen;pengin
yg;yang
mb;mbak
klo;kalau
cwek;cewek
namax;namanya
klo;kalau
cwo;cowok
artix;artinya
klo;kalau
cwek;cewek
namax;namanya
klo;kalau
cwo;cowok
namax;namanya
cewe;cewek
cowo;cowok
klo;kalau
lt;lantai
cewe;cewek
tambahin;tambahkan
"nama""";nama-nama
mba;mbak
smg;semoga
sll;selalu
cowo;cowok
cewe;cewek
aja;saja
klo;kalau
cwe;cewek
serem;seram
serem;seram
bgt;banget
yg;yang
masing2;masing-masing
elu;lu
udah;sudah
aja;saja
ngapain;mengapai
kepoin;mengepoi
keluarin;mengeluarkan
gajelas;tidak jelas
yg;yang
mbak2;mbak-mbak
yg;yang
pedes;pedas
smua;semua
komentnya;komentarnya
gk;tidak
uda;sudah
ny;nya
omongin;mengomongkan
gk;tidak
anak2nya;anak-anaknya
ngalirrrrr;mengalir
krn;karena
udh;sudah
sbr;sabar
yg;yang
g;tidak
gmn;bagaimana
g;tidak
ad;ada
idup;hidup
sma;sama
mrk;mereka
tp;tapi
nmbah;bertambah
terossss;terus
gpp;tidak apa-apa
ngehujat;menghujat
dosaa;dosa
ngebela;membela
mmg;memang
seindonesiyah;seindonesia
tp;tapi
ank;anak
tdk;tidak
orgtuanya;orang tuanya
jd;jadi
jgn;jangan
anknya;anaknya
kmu;kamu
seh;sih
kyk;kayak
yg;yang
ksh;kasih
aja;saja
udh;sudah
senyumin;senyumi
gw;gue
mh;mah
liat;lihat
slalu;selalu
cpt;cepat
dapet;dapat
yg;yang
segala2nya;segala-galanya
ngalir;mengalir
yaa;ya
ngrusak;merusak
anak2nya;anak-anaknya
aja;saja
ngalir;mengalir
org;orang
px;punya
kslhn;kesalahan
skrngnya;sekarangnya
udh;sudah
lbh;lebih
knp;kenapa
engga;tidak
emang;memang
g;tidak
ga;tidak
kalik;kali
ak;aku
mba;mbak
yg;yang
lbh;lebih
yah;ya
g;tidak
bilangin;bilang
yg;yang
g;tidak
nyambungin;menyambung
yg;yang
d;di
uda;sudah
yg;yang
sllu;selalu
org;orang
tu;itu
scra;secara
g;tidak
nggali;menggali
org;orang
yg;yang
g;tidak
g;tidak
yg;yang
cmpur;campur
y;ya
gk;tidak
elo;lo
utk;untuk
jg;juga
dgr;dengar
elo;lo
gk;tidak
y;ya
gak;tidak
gitu;begitu
aja;saja
kurng;kurang
kepoin;mengepoi
sampe;sampai
nangis;menangis
bnget;banget
nangiiiiis;menangis
nangiiis;menangis
kasian;kasihan
ngomentarin;mengomentari
org;orang
aja;saja
org;orang
udh;sudah
idupnya;hidupnya
ortunya;orang tuanya
gk;tidak
woey;woy
bloghhh;goblok
org2;orang-orang
yg;yang
ngomongin;mengomongkan
nyimak;menyimak
doank;doang
lbh;lebih
orang2;orang-orang
orang2;orang-orang
nangis;menangis
"abal""";abal-abal
kasian;kasihan
dikata2in;dikata-katai
bnyk;banyak
yg;yang
ngehina;menghina
gmna;bagaimana
smoga;semoga
jd;jadi
yg;yang
bs;bisa
jd;jadi
kebanggan;kebanggaan
udah;sudah
ngaca;mengaca
donk;dong
jg;juga
dah;sudah
jngn;jangan
klo;kalau
gimana;bagaimana
mnjawab;menjawab
woooiiiiiiii;woy
dosaaaaaaaaaa;dosa
ingt;ingat
karmaaa;karma
woooiiiii;woy
yg;yang
yg;yang
ngkkkkkk;mengakak
yg;yang
ad;ada
makny;maknya
orng;orang
wdooohhh;waduh
ank;anak
ap;apa
y;ya
kasihn;kasihan
bru;baru
lhirr;lahir
dpt;dapat
hujatann;hujatan
palgi;apalagi
kl;kalau
dh;dah
yaa;ya
wihhh;wih
kakakkk;kakak
bgt;banget
bagusss;bagus
bangat;banget
yah;ya
yuuk;yuk
yaa;ya
bgt;banget
jt;juta
ngets;banget
stp;setiap
penbelian;pembelian
cuaantik;cantik
sukakkk;suka
bgt;banget
m;sama
pingin;pengin
yg;yang
jgn;jangan
yak;ya
yaa;ya
cucokkk;cocok
bngettt;banget
bkin;bikin
lyt;lihat
expresi;ekspresi
natap;menatap
gilaaa;gila
bgt;banget
gk;tidak
ccok;cocok
helloo;halo
yg;yang
emang;memang
mh;mah
udah;sudah
dripada;daripada
sama2;sama-sama
difotoin;difoto
mreka;mereka
psangan;pasangan
yg;yang
skali;sekali
knp;kenapa
bgttt;banget
cakepp;cakep
ngiriii;mengiri
coxok;cocok
bgt;banget
buatin;buatkan
lg;lagi
napa;kenapa
yahhh;ya
binggo;banget
yng;yang
udah;sudah
liat;lihat
nihhh;nih
statusx;statusnya
cem;macam
yee;ya
klo;kalau
cntik;cantik
bgt;banget
bgt;banget
kaka;kakak
y;ya
ngikutin;mengikuti
ngikutin;mengikuti
cewe;cewek
aja;saja
sm;sama
sunggu;sungguh
udh;sudah
lagiii;lagi
denger;dengar
ammiiin;amin
haddeh;aduh
km;kamu
maaasss;mas
klo;kalau
ngomong;mengomong
nggak;tidak
bgt;banget
segerrrr;segar
ilang;hilang
kemn;kemana
y;ya
g;tidak
suipit;sipit
y;ya
ngomong;mengomong
aj;saja
gk;tidak
"sama""";sama-sama
sipiit;sipit
ga;tidak
kedengeran;kedengaran
akn;akan
slalu;selalu
smua;semua
yg;yang
kaka;kakak
semangaatt;semangat
trus;terus
yaah;ya
promil;program hamil
krn;karena
tdk;tidak
lancr;lancar
keputihn;keputihan
gratisss;gratis
km;kami
aamiin;amin
yaa;ya
kebayang;terbayang
dr;dari
aamiin;amin
"mdh""";mudah-mudah
qt;kita
bz;bisa
amiinn;amin
liatnya;lihatnya
kk;kakak
aamiin;amin
amiennn;amien
aamiin;amin
aminnn;amin
amiin;amin
amiin;amin
ammin;amin
amiin;amin
amiin;amin
amiin;amin
smg;semoga
mendapatkn;mendapatkan
yg;yang
aminn;amin
aamiin;amin
yaa;ya
yg;yang
laki2;laki-laki
yg;yang
nihh;nih
nonton;menonton
sampe;sampai
lucuuuk;lucu
jg;juga
yaaa;ya
yaa;ya
gw;gue
amaattt;amat
namain;menamai
aje;saja
yaoloh;yaallah
guee;gue
emang;memang
nambah;bertambah
klo;kalau
ngerayain;merayakan
nambah;bertambah
nambah;bertambah
sotoy;sok tau
yaoloh;yaallah
njir;anjir
liat;lihat
ny;nya
yok;yuk
buatin;membuat
gini;begini
kpn;kapan
d.bikinin;dibikin
kya;kaya
gini;begini
yah;ya
mmz;mas
bikinin;bikin
bapeeeer;bawa perasaan
ngiri;mengiri
yg;yang
lahh;lah
bs;bisa
bikinin;membikin
yah;ya
baperr;bawa perasaan
keliatannya;kelihatannya
udah;sudah
keliatannya;kelihatannya
ilang;hilang
tetep;tetap
siih;sih
udah;sudah
gak;tidak
duluuu;dulu
diginiin;dibeginikan
nnti;nanti
yaa;ya
hadeehh;aduh
org;orang
pu;punya
suamiiiii;suami
sj;saja
tp;tapi
kliatan;kelihatan
krenn;keren
yg;yang
gw;gue
blg;bilang
kebykan;kebanyakan
pake;pakai
aja;saja
keles;kali
bnyak;banyak
aja;saja
tingal;tinggal
pernikahn;pernikahan
ga;tidak
ngtain;mengatai
da;ada
macem;macam
orang2;orang-orang
nggak;tidak
bgt;banget
klo;kalau
bagusnyeee;bagusnya
bgtt;banget
kemaren;kemarin
yg;yang
yg;yang
yank;sayang
hmpir;hampir
kyak;kayak
ama;sama
dehh;deh
liatnyaaa;lihatnya
waw;wow
mbuh;embuh
bsk;besok
nyari;mencari
yg;yang
aja;saja
yg;yang
jdi;jadi
udh;sudah
sya;saya
baper;bawa perasaan
yaah;ya
waaa;wah
kereenn;keren
berbiiiiiihhh;barbie
canteek;cantik
yahh;ya
gini;begini
aminnnn;amin
aja;saja
udah;sudah
engga;tidak
kebayang;terbayang
gmna;bagaimana
teru;terus
nyatok;mencatok
nyampenya;sampainya
yg;yang
goncengin;boncengkan
blm;belum
kasi;kasih
mba;mbak
mba;mbak
bgt;banget
dianterin;diantar
gebleg;geblek
gw;gue
dianterin;diantarkan
udh;sudah
bosen;bosan
anterin;antar
ama;sama
gw;gue
pengen;pengin
engga;tidak
aja;saja
yg;yang
ngantar;mengantar
nganterin;mengantarkan
nangis;menangis
mz;mas
emg;memang
nerima;menerima
ati2;hati-hati
ntar;entar
diapa2in;diapa-apai
lgi;lagi
beneran;benaran
gak;tidak
yeuh;ya
ga;tidak
dianterin;diantar
kmn;kemana
anterin;antarkan
gak;tidak
kmu;kamu
dianter;diantar
disupirin;disopiri
anterin;antarkan
yg;yang
yg;yang
yg;yang
yg;yang
klo;kalau
bgt;banget
aj;saja
lbh;lebih
trs;terus
jidad;jidat
lbh;lebih
yg;yang
lbh;lebih
yg;yang
lbh;lebih
jangan2;jangan-jangan
yg;yang
yg;yang
yg;yang
yg;yang
ga;tidak
yg;yang
ciee;cie
yg;yang
bln;bulan
novembr;november
yaa;ya
ka;kak
smga;semoga
smpe;sampai
hri;hari
yg;yang
donk;dong
bedain;membedakan
yg;yang
genduut;gendut
ka;kak
yg;yang
yg;yang
ehhh;eh
smua;semua
gak;tidak
yaa;ya
kl;kalau
yg;yang
g;tidak
bertatto;bertato
brrt;berarti
ak;aku
yg;yang
yg;yang
kana;kanan
yg;yang
yg;yang
dtg;datang
doong;dong
yg;yang
bedain;membedakan
yg;yang
yg;yang
yg;yang
sbelah;sebelah
cew;cewek
it;itu
yg;yang
sblah;sebelah
yg;yang
keliatan;kelihatan
yg;yang
tauuu;tau
yg;yang
yg;yang
yg;yang
tengaj;tengah
yg;yang
yg;yang
ka;kak
org;orang
kn;kan
ps;pas
jg;juga
liat;lihat
kk;kakak
dri;dari
k;kak
kn;kan
yg;yang
ad;ada
yg;yang
pke;pakai
kk;kakak
y;ya
yg;yang
gmpg;gampang
bgt;banget
yg;yang
yg;yang
engk;tidak
br;baru
yg;yang
gk;tidak
dr;dari
ak;aku
apal;hapal
dak;indak
ni;ini
rupa2nya;rupa-rupanya
kembaq;kembar
yg;yang
yg;yang
yg;yang
yg;yang
bngt;banget
yg;yang
tngh;tengah
yg;yang
klw;kalau
mknya;makanya
sdkit;sedikit
kyk;kayak
prmpuan;perempuan
yg;yang
pcarny;pacarnya
yg;yang
ketuker;tertukar
gmana;bagaimana
udah;sudah
yg;yang
tu;itu
yg;yang
yg;yang
drimnanya;darimananya
bgt;banget
cntikan;cantikan
gak;tidak
edaaaan;edan
mw;mau
dgn;dengan
dgn;dengan
yg;yang
bngt;banget
syp;siapa
yg;yang
bcnda;bercanda
cantiiik;cantik
ahhh;ah
uhhh;uh
bazengg;bajingan
haiii;hai
bangat;banget
bosaan;bosan
gitu2;begitu-gitu
udah;sudah
pake;pakai
kmana2;kemana-mana
gak;tidak
yuuk;yuk
miripp;mirip
kk;kakak
kyk;kayak
bnget;banget
lg;lagi
kl;kalau
adlh;adalah
dlm;dalam
hrsnya;harusnya
sdh;sudah
krn;karena
bhw;bahwa
yg;yang
bkn;bukan
yg;yang
sdg;sedang
org;orang
yg;yang
yg;yang
jd;jadi
tdk;tidak
krn;karena
gmn;bagaimana
kl;kalau
dgn;dengan
sdh;sudah
ksh;kasih
utk;untuk
kl;kalau
pdhl;padahal
lg;lagi
jd;jadi
dgn;dengan
komentar2;komentar-komentar
yg;yang
kenyataan2;kenyataan-kenyataan
yg;yang
silahkan;silakan
yg;yang
sbg;sebagai
dtg;datang
lwt;lewat
yg;yang
krn;karena
yg;yang
yg;yang
yg;yang
sy;saya
dlm;dalam
sdh;sudah
jd;jadi
sy;saya
spt;seperti
yg;yang
mba;mbak
yg;yang
sy;saya
yg;yang
jd;jadi
sy;saya
tp;tapi
sj;saja
tdk;tidak
sy;saya
krn;karena
sy;saya
sdh;sudah
yg;yang
utk;untuk
jg;juga
sdh;sudah
blg;bilang
org2;orang-orang
dr;dari
gw;gue
blg;bilang
sukur2;sukur-sukur
yg;yang
dpt;dapat
dr;dari
tp;tapi
bener;benar
yg;yang
mba;mbak
dlm;dalam
mba;mbak
aamiin;amin
lg;lagi
gw;gue
ksh;kasih
yg;yang
jg;juga
baek2;baik-baik
hati2;hati-hati
sma;sama
yg;yang
smua;semua
sma;sama
cma;cuma
yg;yang
gak;tidak
nasehatin;menasihati
blm;belum
jg;juga
dgn;dengan
jgn;jangan
krna;karena
hnya;hanya
km;kamu
yg;yang
bener;benar
yaa;ya
jgn;jangan
sama2;sama-sama
dgn;dengan
yg;yang
yg;yang
kl;kalau
utk;untuk
beda2;beda-beda
jgn;jangan
km;kamu
dgn;dengan
berbeda2;berbeda-beda
skrg;sekarang
yg;yang
bkn;bukan
yg;yang
silahkan;silakan
lg;lagi
dgn;dengan
dgn;dengan
yg;yang
dibkatakan;dikatakan
yg;yang
bhw;bahwa
mrk;mereka
yg;yang
doonk;dong
yg;yang
yg;yang
dgn;dengan
ngaku;mengaku
pengikuy;pengikut
tp;tapi
ngmngin;mengomongkan
dr;dari
yg;yang
dmn;dimana
tuch;tuh
u;untuk
org;orang
yg;yang
ngmngin;mengomongkan
gak;tidak
dr;dari
gak;tidak
jgn;jangan
dapet;dapat
sblmnya;sebelumnya
mba;mbak
maksd;maksud
bner;benar
tp;tapi
dr;dari
yg;yang
masing2;masing-masing
adkah;adakah
yg;yang
menbelah;membelah
yg;yang
karna;karena
mba;mbak
ayuk;ayo
yg;yang
mngira;mengira
bertolernsi;bertoleransi
slahkan;salahkan
krna;karena
tolernsi;toleransi
aminn;amin
yg;yang
tdk;tidak
tu;itu
tdk;tidak
yg;yang
dgn;dengan
dgn;dengan
yg;yang
yg;yang
tdk;tidak
yg;yang
skrang;sekarang
sbnarnya;sebenarnya
ingi;ingin
dlm;dalam
dah;deh
oalaaaa;walah
menjelekan;menjelekkan
hadeuuh;aduh
ngomong;mengomong
aja;saja
dikemanain;dikemanakan
pake;pakai
aja;saja
gk;tidak
yg;yang
aneh2;aneh-aneh
km;kamu
gmn;bagaimana
ngak;tidak
yg;yang
ato;atau
yg;yang
jg;juga
trus;terus
jg;juga
bpknya;bapaknya
yg;yang
dgn;dengan
jd;jadi
yg;yang
yg;yang
yg;yang
yg;yang
yg;yang
adlh;adalah
dlm;dalam
tdk;tidak
baca2;baca-baca
ga;tidak
yg;yang
dgn;dengan
lbh;lebih
hrsnya;harusnya
jwb;jawab
sy;saya
dgn;dengan
bkn;bukan
tp;tapi
tdk;tidak
sy;saya
yg;yang
mrk;mereka
yg;yang
gk;tidak
mrk;mereka
adlh;adalah
bkn;bukan
cm;cuma
tp;tapi
jg;juga
org;orang
bs;bisa
kl;kalau
tdk;tidak
tdk;tidak
lbh;lebih
dgn;dengan
tdk;tidak
yg;yang
mba;mbak
tp;tapi
komen2;komen-komen
yg;yang
dgn;dengan
berbeda2;berbeda-beda
pdhl;padahal
dlm;dalam
yg;yang
adlh;adalah
adlh;adalah
yg;yang
kpd;kepada
tdk;tidak
sbg;sebagai
utk;untuk
dr;dari
ga;tidak
yg;yang
sebelum2nya;sebelum-sebelumnya
sbagai;sebagai
masing2;masing-masing
amiin;amin
sedihh;sedih
ka;kak
kangennnn;kangen
smga;semoga
d;di
gndakan;gandakan
kk;kakak
kangeeeeeeeenya;kangen
sm;sama
k;kak
bgt;banget
yg;yang
kngen;kangen
bgtt;banget
sma;sama
gaa;tidak
akn;akan
yg;yang
ganti'kn;menggantikan
smg;semoga
tnang;tenang
amiiiiiiiiiiiiiiiiin;amin
sma;sama
kangennnn;kangen
kgeeeen;kangen
kangeenn;kangen
kangennn;kangen
bangeeeet;banget
smoga;semoga
tnang;tenang
kgn;kangen
hdup;hidup
g;tidak
bsok;besok
hbis;habis
mti;mati
g;tidak
bngetttt;banget
kangeen;kangen
bgect;banget
bangat;banget
dgn;dengan
ama;sama
yah;ya
ajah;saja
aja;saja
ajah;saja
fto;foto
ni;ini
"kebaikan""y";kebaikannya
d;di
trima;terima
smoga;semoga
jg;juga
d;di
dssi;disisi
kngenn;kangen
bngett;banget
kebayang;terbayang
yg;yang
yg;yang
kangeeeeennn;kangen
pengen;pengin
dgr;dengar
lagii;lagi
dasyat;dahsyat
ngak;tidak
karna;karena
ngak;tidak
ni;nih
aer;air
bgni;begini
kk;kakak
sya;saya
pake;pakai
skalii;sekali
kngen;kangen
kk;kakak
ama;sama
org;orang
yg;yang
spt;seperti
alm;almarhum
gg;tidak
dtinggl;ditinggal
kk;kakak
terbaiiikkkkk;terbaik
murahhh;murah
pecahhg;pecah
ihh;ih
skrang;sekarang
yahh;ya
gini;begini
kaka;kakak
kakakgh;kakak
terbaeeeek;terbaik
bet;banget
pngen;pengin
emg;memang
prempuan;perempuan
pengen;pengin
udah;sudah
manteep;mantap
wihh;wih
gk;tidak
yg;yang
ngerii;ngeri
bangettt;banget
dehh;deh
makasih;terima kasih
yg;yang
nggeh;engah
indonesiaaa;indonesia
makasih;terima kasih
beneran;benaran
inia;ini
ap;apa
maluu;malu
sempet;sempat
karna;karena
gk;tidak
cobaaaa;coba
ngerii;ngeri
bangett;banget
dehhh;deh
gak;tidak
akn;akan
nyesel;menyesal
cepetan;cepatan
ga;tidak
nyesel;menyesal
udah;sudah
buktiin;membuktikan
yg;yang
ntapsss;mantap
njir;anjir
kamiiii;kami
yg;yang
bgttt;banget
sll;selalu
smangat;semangat
mb;mbak
bc;baca
makasih;terima kasih
byk;banyak
temen2;teman-teman
yg;yang
yaa;ya
byk;banyak
yg;yang
syg;sayang
aq;aku
qmu;kamu
aq;aku
jdi;jadi
tw;tau
gimana;bagaimana
sdkit2;sedikit-sedikit
tntg;tentang
penyakitny;penyakitnya
gak;tidak
da;ada
yg;yang
gak;tidak
mgkin;mungkin
yg;yang
qmu;kamu
slalu;selalu
slalu;selalu
ngajarin;mengajari
tntg;tentang
pa;apa
krn;karena
smakin;semakin
qmu;kamu
dy;dia
spt;seperti
laenny;lainnya
jga;juga
dri;dari
laenny;lainnya
jga;juga
jga;juga
yach;ya
smoga;semoga
bsa;bisa
dapet;dapat
amiinnn;amin
scpatny;secepatnya
trus;terus
yach;ya
bwt;buat
sampein;sampaikan
bwt;buat
yach;ya
smoga;semoga
slalu;selalu
jdi;jadi
yg;yang
bwt;buat
tuany;tuanya
jdi;jadi
yg;yang
amiiinn;amin
bgt;banget
byk;banyak
amiin;amin
iyaaa;iya
gpp;tidak apa-apa
amiinn;amin
ttp;tetap
slalu;selalu
jdi;jadi
yach;ya
amiiinnn;amin
mudah2an;mudah-mudahan
doa2;doa-doa
yg;yang
utk;untuk
amiiinn;amin
bgttt;banget
pjg;panjang
yahhh;ya
syg;sayang
adeeek;adek
jd;jadi
dr;dari
aminnn;amin
amiin;amin
q;ku
bca;baca
ampe;sampai
netes;menetes
mataq;mataku
q;ku
byangin;membayangkan
trjadi;terjadi
ma;sama
q;aku
skrg;sekarang
pnya;punya
bln;bulan
q;aku
dposisi;diposisi
mgkn;mungkin
q;aku
g;tidak
utk;untuk
q;ku
mba;mbak
spt;seperti
tanda2nya;tanda-tandanya
spt;seperti
dijwb;dijawab
smoga;semoga
yg;yang
orgtuanya;orang tuanya
org;orang
aamiin;amin
smoga;semoga
slalu;selalu
aamiin;amin
mudah2an;mudah-mudahan
amiin;amin
byk;banyak
dr;dari
ga;tidak
tmpt;tempat
anak2;anak-anak
tp;tapi
anak2;anak-anak
dgn;dengan
anak2;anak-anak
yg;yang
dgn;dengan
utk;untuk
tmn2nya;teman-temannya
amiinn;amin
makasih;terima kasih
sayy;sayang
bgt;banget
byk;banyak
dr;dari
q;ku
pgen;pengin
jd;jadi
kyk;kayak
km;kamu
benar2;benar-benar
pgn;pengin
salaam;salam
y;ya
kakk;kak
mba;mbak
nangis;menangis
mba;mbak
yg;yang
jg;juga
sampek;sampai
aq;aku
ngerasain;merasai
yg;yang
rasain;rasai
na;nya
aq;aku
ngajar;mengajar
gmn;bagaimana
dri;dari
yg;yang
yg;yang
yaa;ya
dri;dari
liad;lihat
fto2;foto-foto
ngerasa;merasa
yg;yang
laen;lain
yg;yang
bgt;banget
yaa;ya
yg;yang
dlu;dulu
karna;karena
dallam;dalam
tp;tapi
yg;yang
yg;yang
sudh;sudah
dgn;dengan
orang2;orang-orang
tentanh;tentang
amiin;amin
dasyat;dahsyat
pingin;pengin
nangiss;menangis
bgt;banget
yg;yang
jd;jadi
bgt;banget
karna;karena
nnton;menonton
kejadianny;kejadiannya
tp;tapi
ga;tidak
main2;main-main
yg;yang
kk;kakak
smua;semua
slalu;selalu
yg;yang
slalu;selalu
kk;kakak
klg;keluarga
jd;jadi
yg;yang
kk;kakak
sayaang;sayang
smoga;semoga
slalu;selalu
jd;jadi
kebanggan;kebanggaan
klg;keluarga
jd;jadi
yg;yang
yg;yang
slalu;selalu
org;orang
jd;jadi
jd;jadi
yg;yang
sayaang;sayang
klg;keluarga
pd;pada
msg2;masing-masing
yg;yang
smg;semoga
yg;yang
yg;yang
org;orang
bgt;banget
pd;pada
yg;yang
tp;tapi
hrs;harus
bgt;banget
dr;dari
nyesel;menyesal
bgt;banget
ga;tidak
sblm;sebelum
pdhl;padahal
ngerasa;merasa
ga;tidak
byk;banyak
pgnnya;penginnya
meluk;memeluk
tp;tapi
ga;tidak
mudah2an;mudah-mudahan
kata2nya;kata-katanya
gak;tidak
lg;lagi
duhh;duh
bangeet;banget
siiihhh;sih
mupeng;muka pengin
baper;bawa perasaan
trus;terus
gini;begini
gitu;begitu
caya;percaya
pingin;pengin
kpn;kapan
km;kamu
mna;mana
ny;nya
d;di
yg;yang
bgt;banget
yg;yang
kek;kayak
gini;begini
gak;tidak
liat;lihat
aduhhhhhhhhh;aduh
bangettt;banget
buseett;buset
gitu;begitu
mblo;jomblo
nyari;mencari
yg;yang
bgini;begini
km;kamu
kek;kayak
gini;begini
gini;begini
bkin;bikin
ga;tidak
bgt;banget
yaa;ya
males;malas
njir;anjir
lucuuu;lucu
gagahx;gagahnya
miriiiip;mirip
kaliiii;kali
miriiiip;mirip
bgt;banget
ky;kaya
wahh;wah
bgt;banget
yakk;ya
ga;tidak
niru;meniru
bpknya;bapaknya
mudah2an;mudah-mudahan
bpkmu;bapakmu
aje;saja
aq;aku
sangt;sangat
kmn;kemana
dgn;dengan
slm;salam
gak;tidak
baang;bang
gasih;tidak sih
kasian;kasihan
gak;tidak
pake;pakai
mba;mbak
bgt;banget
yuu;yuk
yg;yang
aqu;aku
yuuu;yuk
cantiik;cantik
yukk;yuk
rb;ribu
aja;saja
cantikk;cantik
gantengg;ganteng
kt;kita
bgt;banget
seneng;senang
liat;lihat
samaa;sama
seneng;senang
liatnya;lihatnya
ngademin;mengademkan
aahh;ah
ngiri;mengiri
pengen;pengin
gini;begini
kakkk;kak
ayuk;ayo
yukk;yuk
kakk;kak
makasi;terima kasih
looo;loh
gak;tidak
Semua ada disini tuk keperluan Fashion;"tas & Sepatu.."""
pake;pakai
Semua ada disini tuk keperluan Fashion;"tas & Sepatu.."""
utk;untuk
yg;yang
yg;yang
ga;tidak
nyesel;menyesal
uda;sudah
keluarin;keluarkan
yokk;yuk
ayoook;ayo
gini;begini
gils;gila
kek;kayak
aja;saja
ono;sono
ama;sama
pke;pakai
kpn;kapan
kek;kayak
gni;begini
nggak;tidak
trs;terus
trus;terus
gini;begini
weeeh;wih
bagiin;membagikan
suksea;sukses
kaa;kak
temenan;berteman
yah;ya
temenan;berteman
bsa;bisa
sehh;sih
deket;dekat
bgt;banget
temen;teman
dekt;dekat
ihh;ih
bgtt;banget
genggg;geng
bsok;besok
gtu;begitu
yawloh;ya allah
gimana;bagaimana
gak;tidak
gak;tidak
gini;begini
njirr;anjir
bhnya;bahannya
km;kamu
dlu;dulu
anjirrrr;anjir
cucokkk;cocok
loo;loh
samaaaa;sama
gak;tidak
nyangka;menyangka
dlm;dalam
yaaa;ya
abanggku;abangku
sayanggg;sayang
lagii;lagi
dsni;disini
ajaa;saja
silahkan;silakan
ciieeeeeee;cie
kokohh;engkoh
cieeeee;cie
sukaaa;suka
pdhal;padahal
takuttt;takut
yuks;yuk
yah;ya
yng;yang
kmrn;kemarin
bg;bang
kmrn;kemarin
bg;bang
pnjual;penjual
yh;ya
gak;tidak
ahhh;ah
sma;sama
ga;tidak
dung;dong
latian;latihan
yaaaa;ya
bgt;banget
ampe;sampai
lgsg;langsung
aaaaaaakkk;ah
mauuuu;mau
yg;yang
ga;tidak
soga;moga
kmu;kamu
gak;tidak
yg;yang
gitu;begitu
kngen;kangen
pngen;pengin
tteh;teteh
sintron;sinetron
pake;pakai
astagaa;astaga
w;gue
ancurrr;hancur
ap;apa
td;tadi
iaa;iya
liat;lihat
dblkang;dibelakang
yayang;sayang
y;ya
yah;ya
ginian;beginian
gimna;bagaimana
bingit;banget
kmu;kamu
gokillllll;gila
yg;yang
gokillllll;gila
kk;kakak
cntik;cantik
bgtt;banget
aplks;aplikasi
pengen;pengin
nyoba;mencoba
yg;yang
dongg;dong
makasi;terima kasih
pling;paling
ska;suka
denger;dengar
ktawa;ketawa
amiin;amin
hrs;harus
aamiin;amin
yaa;ya
gini;begini
aamiin;amin
amiin;amin
pengen;pengin
baguuus;bagus
aamiin;amin
ntar;entar
ayoook;ayo
udah;sudah
kaaan;kan
ihhh;ih
banged;banget
yok;yuk
pgn;pengin
gini;begini
mauuuuu;mau
ngepoin;mengepoi
uuhh;uh
ngakak;mengakak
gitu;begitu
bgt;banget
bgt;banget
dah;sudah
pengen;pengin
beut;banget
baper;bawa perasaan
gw;gue
gw;gue
skrg;sekarang
sampe;sampai
duhh;duh
njirrr;anjir
duhh;duh
baper;bawa perasaan
ngiri;mengiri
pengeeenn;pengin
bgt;banget
yak;ya
g;tidak
bosen;bosan
liat;lihat
dongggg;dong
gini;begini
trs;terus
trs;terus
nyampe;sampai
g;tidak
bosen;bosan
liatnya;lihatnya
qu;ku
qu;ku
gak;tidak
pengen;pengin
hatii;hati
aja;saja
laa;lah
besook;besok
ahh;ah
aq;aku
mauu;mau
gtuu;begitu
gara2;gara-gara
maen;main
yg;yang
njayyy;anjay
ngakak;mengakak
elu;lu
maacih;terima kasih
tokayyy;tahi
yg;yang
taun;tahun
to;tapi
mksdku;maksudku
knp;kenapa
gw;gue
gituin;begitukan
lgsung;langsung
cba;coba
gk;tidak
nh;nih
bgt;banget
klo;kalau
lg;lagi
gituin;begitukan
gak;tidak
yah;ya
gak;tidak
"ilang""";hilang-hilang
giniin;beginikan
aja;saja
ksini;kesini
kaaa;kak
kubarikan;kuberikan
aq;aku
giniin;beginikan
ayank;sayang
anyeng;anjing
skali;sekali
bng;bang
njirrr;anjir
lgi;lagi
ngapain;mengapai
kya;kaya
gx;tidak
yankkk;sayang
aja;saja
d;di
cukurrr;cukur
gilaaaaaa;gila
aja;saja
yah;ya
ga;tidak
tu;itu
pala;kepala
klau;kalau
bgt;banget
kaka;kakak
yhaaa;ya
qaqaaaa;kakak
sayangkuuuuu;sayangku
kakakuuu;kakakku
dh;deh
orng;orang
kk;kakak
rb;ribu
klau;kalau
rb;ribu
yah;ya
bangett;banget
bgt;banget
gini;begini
naksir;menaksir
pake;pakai
pake;pakai
rekomendasiin;merekomendasikan
gak;tidak
banx;bang
utk;untuk
edannn;edan
pake;pakai
udah;sudah
nggk;tidak
thn;tahun
Pin. 5E8CA768 / Wa. 081322083838 ? produknya aman banget ? ga ada efek samping dan ketergantungan? ;"  Udah dapat sertifikat ? BPOM dan ? Halal MUI juga (y)"""
thn;tahun
Pin. 5E8CA768 / Wa. 081322083838 ? produknya aman banget ? ga ada efek samping dan ketergantungan? ;"  Udah dapat sertifikat ? BPOM dan ? Halal MUI juga (y)"""
makasih;terima kasih
udh;sudah
ksh;kasih
bangett;banget
ga;tidak
lg;lagi
liat;lihat
bs;bisa
bape;bawa perasaan
skrg;sekarang
yg;yang
"artis""";artis-artis
naksir;menaksir
ngelahirin;melahirkan
paksain;memaksa
biasaa;biasa
pengen;pengin
besarin;membesarkan
hub;hubungi
aja;saja
makasih;terima kasih
saranin;menyarankan
ga;tidak
udah;sudah
saranin;menyarankan
bangett;banget
saranin;menyarankan
skrg;sekarang
ga;tidak
nyesel;menyesal
aja;saja
makasih;terima kasih
yaa;ya
hubunggi;hubungi
gak;tidak
loooh;loh
kek;kayak
telimakacih;terima kasih
telimakacih;terima kasih
bngt;banget
keliatan;kelihatan
yuuk;yuk
nerawang;menerawang
alloh;allah
cantiiiik;cantik
ga;tidak
didapet;didapat
tanya2;tanya-tanya
dapetin;mendapati
gak;tidak
pede;percaya diri
gara2;gara-gara
ga;tidak
utk;untuk
smoga;semoga
ttp;tetap
aminn;amin
kuningggg;kuning
kk;kakak
mz;mas
mb;mbak
emg;memang
keliatan;kelihatan
nyolot;menyolot
donk;dong
kk;kakak
udah;sudah
aja;saja
sihhh;sih
tu;itu
cantikkk;cantik
kakk;kakak
ska;suka
ko;kok
gak;tidak
yah;ya
org;orang
indo;indonesia
lgsg;langsung
kyk;kayak
gini;begini
ga;tidak
ga;tidak
yg;yang
liat;lihat
ad;ada
d;di
bangat;banget
aja;saja
ni;ini
elahh;alah
ngaca;mengaca
gk;tidak
pd;pada
ga;tidak
pnting;penting
pnya;punya
dlm;dalam
ga;tidak
ga;tidak
bela2in;membela-bela
smpe;sampai
marah2an;marah-marahan
prnh;pernah
wlaupun;walaupun
syantiiiiikkkkkkkkkkkk;cantik
punyaaa;punya
aja;saja
gk;tidak
yg;yang
nd;indak
ush;usah
"bwa""";bawa-bawa
agma;agama
subahanallah;subhanallah
cantikk;cantik
bgt;banget
pke;pakai
hijabb;hijab
engga;tidak
bangettttt;banget
kerrennn;keren
ga;tidak
makasih;terima kasih
udah;sudah
rekomendasiin;merekomendasikan
jd;jadi
lbih;lebih
dr;dari
ngetik;mengetik
ntr;entar
ntah;entah
pan;kapan
aja;saja
mateeeek;mati
mba;mbak
yah;ya
sma;sama
kl;kalau
gimana;bagaimana
geetoo;begitu
ginian;beginian
ga;tidak
diginiin;dibeginikan
ntr;entar
sewain;menyewa
kokkk;kok
muluuu;melulu
kaka;kakak
yaaang;yang
iyaa;iya
ntar;entar
dbuat;dibuat
gituu;begitu
yappp;ya
msih;masih
thn;tahun
lg;lagi
uwahhhhh;wah
g;tidak
bs;bisa
lbh;lebih
lg;lagi
bnr2;benar-benar
psgn;pasangan
yg;yang
cocokkk;cocok
dr;dari
ujg;ujung
rmbut;rambut
smp;sampai
kki;kaki
kgn;kangen
liat;lihat
liat;lihat
kgn;kangen
mreka;mereka
yg;yang
dlu;dulu
yg;yang
pengen;pengin
y;ya
hayukk;hayo
gini;begini
segitunya;sebegitunya
pngn;pengin
ntab;mantab
mauu;mau
atuhhh;atuh
yukss;yuk
lihaatttt;lihat
yg;yang
ayoo;ayo
niiiihh;nih
liattt;lihat
cuyyy;cuy
dr;dari
gapernah;tidak pernah
bosen;bosan
liatiii;lihat
jombsss;jomblo
emesshhh;gemas
gemeessss;gemas
poollll;pol
gemesyak;gemas ya
pengen;pengin
gini;begini
bgtttt;banget
ko;kok
klo;kalau
kyk;kayak
gini;begini
yaaa;ya
cntiknya;cantiknya
yaaa;ya
lucuuu;lucu
bngttt;banget
ngegmesin;menggemaskan
hndak;hendak
kh;kah
hndk;hendak
iiih;ih
lutunaa;lucunya
lucuuu;lucu
abiz;habis
bkin;bikin
gemes;gemas
ngga;tidak
ngareppppp;mengharap
aamiinin;amin
aja;saja
aq;aku
lht;lihat
fhoto;foto
yg;yang
imuutt;imut
abizzz;habis
jgn;jangan
tay;tahi
nyaaa;nya
bgt;banget
yg;yang
toketnya;teteknya
sampe;sampai
tumpe2;tumpah-tumpah
lenje;lenjeh
tuuuuh;tuh
cantinya;cantiknya
bgt;banget
gw;gue
kl;kalau
krn;karena
yg;yang
gw;gue
ga;tidak
aneh2;aneh-aneh
ga;tidak
macam2;macam-macam
ga;tidak
yg;yang
"mbak""";mbak-mbak
ngatain;mengatai
lucuu;lucu
bgt;banget
mbaknyaahh;mbaknya
pyudara;payudara
gak;tidak
gk;tidak
ky;kaya
yg;yang
lenje;lenjeh
ap;apa
ajah;saja
bgt;banget
tu;itu
yg;yang
tu;itu
cewe;cewek
lenje;lenjeh
ngatain;mengatai
lenje;lenjeh
lenje;lenjeh
lenje;lenjeh
gak;tidak
gak;tidak
ditutupin;ditutupi
tp;tapi
gk;tidak
pake;pakai
tp;tapi
gak;tidak
bgitu;begitu
yaa;ya
ngomongnya;mengomongnya
gak;tidak
km;kamu
bgt;banget
pengen;pengin
sich;sih
cntik;cantik
bgt;banget
bgt;banget
bnget;banget
cantiik2;cantik-cantik
dech;deh
hati.a;hatinya
blm;belum
mk.a;makanya
gt;begitu
mlt.a;mulutnya
nyerocooooos;mencerocos
trus;terus
blg;bilang
tuk;untuk
org;orang
kyk.a;kayaknya
wkt;waktu
sklh;sekolah
dl;dulu
pljrn;pelajaran
srng;sering
ga;tidak
msk;masuk
yaaa;ya
org;orang
ngilang;menghilang
dikatain;dikatai
maluuu;malu
yaaaa;ya
yg;yang
ngalahin;mengalahkan
tu;itu
ap;apa
kk;kakak
brisi;berisi
tp;tapi
ttp;tetap
kk;kakak
cntik;cantik
ap;apa
ga;tidak
pake;pakai
aja;saja
loo;loh
kk;kakak
laa;lah
pkoknya;pokoknya
kk;kakak
slm;salam
knl;kenal
canti;cantik
y;ya
q;aku
kk;kakak
kk;kakak
astagfirullh;astagfirullah
nutupin;menutupi
amiin;amin
cntik;cantik
liat;lihat
hub;menghubungi
kmn;kemana
klo;kalau
bs;bisa
indo;indonesia
ni;ini
dung;dong
ori;orisinal
yu;yuk
bgt;banget
kakakaaaaaaaaaaaaaa;kakak
kaka;kakak
cantikkkkkkkk;cantik
cantiq;cantik
batwc;banget
kamyuhhh;kamu
yukk;yuk
dbwh;dibawah
rb;ribu
cantikk;cantik
sampe;sampai
pake;pakai
ga;tidak
yuuuk;yuk
yaa;ya
seneng;senang
yg;yang
padet;padat
gara2;gara-gara
makasih;terima kasih
yaa;ya
bukti2;bukti-bukti
bener;benar
say;sayang
gak;tidak
senenggg;senang
yg;yang
yukk;yuk
dr;dari
ngga;tidak
makasih;terima kasih
yaaa;ya
gak;tidak
pede;percaya diri
pengen;pengin
dapetin;mendapati
kepoin;mengepoi
ajaa;saja
belanjaa;belanja
disiniii;disini
hay;hai
"FOLLOW? MY IG: @algaeslovania_premiumskincare1  WA:081210238087""";homofon
temen2;teman-teman
"FOLLOW? MY IG: @algaeslovania_premiumskincare1  WA:081210238087""";reduplikasi
mao;mau
"FOLLOW? MY IG: @algaeslovania_premiumskincare1  WA:081210238087""";modifikasi vokal
tp;tapi
"FOLLOW? MY IG: @algaeslovania_premiumskincare1  WA:081210238087""";abreviasi
yg;yang
"FOLLOW? MY IG: @algaeslovania_premiumskincare1  WA:081210238087""";abreviasi
gak;tidak
"FOLLOW? MY IG: @algaeslovania_premiumskincare1  WA:081210238087""";zeroisasi
murhan;murahan
"FOLLOW? MY IG: @algaeslovania_premiumskincare1  WA:081210238087""";abreviasi
yah;ya
"FOLLOW? MY IG: @algaeslovania_premiumskincare1  WA:081210238087""";anaptiksis
prwtn;perawatan
"FOLLOW? MY IG: @algaeslovania_premiumskincare1  WA:081210238087""";abreviasi
wjh;wajah
"FOLLOW? MY IG: @algaeslovania_premiumskincare1  WA:081210238087""";abreviasi
yg;yang
"FOLLOW? MY IG: @algaeslovania_premiumskincare1  WA:081210238087""";abreviasi
bgettt;banget
"FOLLOW? MY IG: @algaeslovania_premiumskincare1  WA:081210238087""";abreviasi
dr;dari
"FOLLOW? MY IG: @algaeslovania_premiumskincare1  WA:081210238087""";abreviasi
negri;negeri
"FOLLOW? MY IG: @algaeslovania_premiumskincare1  WA:081210238087""";zeroisasi
yg;yang
"FOLLOW? MY IG: @algaeslovania_premiumskincare1  WA:081210238087""";abreviasi
utk;untuk
"FOLLOW? MY IG: @algaeslovania_premiumskincare1  WA:081210238087""";abreviasi
bs;bisa
"FOLLOW? MY IG: @algaeslovania_premiumskincare1  WA:081210238087""";abreviasi
prwtn;perawatan
"FOLLOW? MY IG: @algaeslovania_premiumskincare1  WA:081210238087""";abreviasi
utk;untuk
"FOLLOW? MY IG: @algaeslovania_premiumskincare1  WA:081210238087""";abreviasi
mereka2;mereka-mereka
"FOLLOW? MY IG: @algaeslovania_premiumskincare1  WA:081210238087""";reduplikasi
yg;yang
"FOLLOW? MY IG: @algaeslovania_premiumskincare1  WA:081210238087""";abreviasi
jg;juga
"FOLLOW? MY IG: @algaeslovania_premiumskincare1  WA:081210238087""";abreviasi
pakke;pakai
"FOLLOW? MY IG: @algaeslovania_premiumskincare1  WA:081210238087""";monoftongisasi
uda;sudah
"FOLLOW? MY IG: @algaeslovania_premiumskincare1  WA:081210238087""";zeroisasi
pd;pada
"FOLLOW? MY IG: @algaeslovania_premiumskincare1  WA:081210238087""";abreviasi
pake;pakai
"FOLLOW? MY IG: @algaeslovania_premiumskincare1  WA:081210238087""";monoftongisasi
byk;banyak
prwtn;perawatan
yg;yang
utk;untuk
jgn;jangan
yah;ya
yg;yang
utk;untuk
dipake;dipakai
ga;tidak
bkin;bikin
ktergantungan;ketergantungan
dapet;dapat
tp;tapi
yg;yang
pake;pakai
utk;untuk
prwatn;perawatan
wjh;wajah
dr;dari
org;orang
jg;juga
uda;sudah
pake;pakai
ngebuktiin;membuktikan
hslnya;hasilnya
dr;dari
mrk;mereka
yg;yang
uda;sudah
pake;pakai
utk;untuk
awal2;awal-awal
ga;tidak
setabil;stabil
temen2;teman-teman
nyoba;mencoba
ihh;ih
beneran;benaran
ga;tidak
temen2;teman-teman
maksih;terima kasih
yah;ya
ga;tidak
gratiss;gratis
gak;tidak
ka;kak
kaka;kakak
gak;tidak
udah;sudah
rekomendasiin;merekomendasikan
tetep;tetap
bbrpa;beberapa
"gara""";gara-gara
yg;yang
"benar""";benar-benar
buktiin;membuktikan
ajaibb;ajaib
aja;saja
ga;tidak
nyangka;menyangka
seneng;senang
pokonya;pokoknya
mksh;terima kasih
setujuuu;setuju
klo;kalau
digituin;dibegitukan
klw;kalau
ank;anak
gak;tidak
mw;mau
sekolahin;sekolahkan
ajarin;ajarkan
sendirii;sendiri
sendirii;sendiri
akn;akan
mrnghadapi;menghadapi
yg;yang
dr;dari
yg;yang
dr;dari
tp;tapi
bgmn;bagaimana
apalg;apalagi
naka;nakal
tdk;tidak
jd;jadi
sdkt;sedikit
aja;saja
besar2in;besar-besarkan
cb;coba
dech;deh
mbk;mbak
bgmana;bagaimana
s*inetr*n;sinetron
yg;yang
yg;yang
bs;bisa
mrusak;merusak
yg;yang
cm;cuma
ttg;tentang
gak;tidak
sm;sama
yg;yang
d;di
sbg;sebagai
tdk;tidak
ka;kak
sy;saya
jd;jadi
jd;jadi
sy;saya
mndpt;mendapat
dr;dari
pst;pasti
sy;saya
skt;sakit
tp;tapi
tdk;tidak
jgn;jangan
yg;yang
sebnyak;sebanyak
dpn;depan
org;orang
yg;yang
yg;yang
terburu2;terburu-buru
baik2;baik-baik
nanya;bertanya
sampe;sampai
udah;sudah
udah;sudah
ngumpat2;mengumpat-ngumpat
nantangin;menantang
aja;saja
gtu;begitu
ngegampar;menggampar
anak2;anak-anak
gitu;begitu
wktu;waktu
d;di
pake;pakai
pake;pakai
trs;terus
d;di
gada;tidak ada
org;orang
yg;yang
sampe;sampai
ngelaporin;melaporkan
yg;yang
d;di
salahin;salahkan
krna;karena
yg;yang
gabisa;tidak bisa
gada;tidak ada
yg;yang
ni;ini
jd;jadi
yg;yang
hnya;hanya
orng;orang
yg;yang
konsekwensi;konsekuensi
muliany;mulianya
bkn;bukan
kl;kalau
mungki;mungkin
tp;tapi
kl;kalau
bs;bisa
jgn;jangan
lngsung;langsung
tp;tapi
sj;saja
tsb;tersebut
u;untuk
jg;juga
ad;ada
sbg;sebagai
t4;tempat
bacahalah;bacalah
yaak;ya
dikerasin;dikerasi
trus;terus
lgsg;langsung
gtu;begitu
skrg;sekarang
udh;sudah
dikerasin;dikerasi
gk;tidak
skrg;sekarang
gkkan;tidak akan
ngulangin;mengulangi
lebayy;lebay
bgt;banget
lgsg;langsung
org;orang
yg;yang
jgn;jangan
gk;tidak
sendirii;sendiri
ajaa;saja
bedaa;beda
skrg;sekarang
sm;sama
pnyaa;punya
gk;tidak
sendirii;sendiri
yaa;ya
gk;tidak
bol3h;boleh
pake;pakai
gak;tidak
org;orang
ngadu;mengadu
ketauan;ketahuan
ma;sama
org;orang
dimarahin;dimarahi
manjain;memanjakan
org;orang
manjain;memanjakan
gt;begitu
aja;saja
ma;sama
skrng;sekarang
sdh;sudah
krn;karena
manjain;memanjakan
gini;begini
krn;karena
yg;yang
gak;tidak
sm;sama
yg;yang
dgn;dengan
jg;juga
org;orang
yg;yang
yg;yang
utk;untuk
yg;yang
bs;bisa
bs;bisa
sm;sama
gk;tidak
utk;untuk
boleh2;boleh-boleh
dgn;dengan
yg;yang
hallo;halo
gak;tidak
nyelesain;menyelesaikan
troma;trauma
kerasin;kerasi
jdi;jadi
jgn2;jangan-jangan
mcm;macam
bgni;begini
ngomong;mengomong
sj;saja
ga;tidak
emg;memang
sm;sama
sy;saya
kamu2;kamu-kamu
cewer;jewer
bilanh;bilang
gak;tidak
kasi;kasih
gak;tidak
tdk;tidak
ngapain;mengapa
sy;saya
org;orang
yg;yang
sdh;sudah
yg;yang
jwban;jawaban
org2;orang-orang
mmg;memang
yg;yang
skg;sekarang
gak;tidak
gak;tidak
nuduh;menuduh
gak;tidak
nuduh;menuduh
suk;suka
emang;memang
emang;memang
ngatur;mengatur
yg;yang
gmna;bagaimana
msih;masih
sampe;sampai
skrg;sekarang
org;orang
rajin2;rajin-rajin
sy;saya
tpi;tapi
sy;saya
sy;saya
sm;sama
ga;tidak
bacaaaa;baca
gw;gue
kekk;kayak
jungkiir;jungkir
kekk;kayak
ga;tidak
gunaa;guna
bales2in;balas-membalas
orangg;orang
ga;tidak
kerjaan;pekerjaan
laen;lain
ajaa;saja
yg;yang
yaaaa;ya
dr;dari
tauuuu;tau
bls;balas
skg;sekarang
ga;tidak
yaa;ya
ni;nih
koment;komentar
emang;memang
yg;yang
tdk;tidak
km;kamu
untk;untuk
tp;tapi
tdk;tidak
ank;anak
byak;banyak
kepad;kepada
ank;anak
bantuanny;bantuannya
bkn;bukan
ttinggi;tinggi
dg;dengan
yg;yang
bgt;banget
jgn;jangan
smpe;sampai
yg;yang
d;di
ajah;saja
gara2;gara-gara
perna;pernah
d;di
cmn;cuman
grgr;gara-gara
g;tidak
jari2;jari-jari
d;di
pukulin;pukuli
pake;pakai
yg;yang
smpe;sampai
jd;jadi
bengkak2;bengkak-bengkak
bgs;bagus
jgn;jangan
smpe;sampai
ank;anak
sm;sama
sperti;seperti
kasian;kasihan
klo;kalau
g;tidak
d;di
komentarin;komentari
jgn;jangan
d;di
jd;jadi
bijak2;bijak-bijak
dlm;dalam
ga;tidak
ga;tidak
yg;yang
lama2;lama-lama
yg;yang
ga;tidak
menurur;menurut
tipe2;tipe-tipe
anak2;anak-anak
anak2;anak-anak
diliat;dilihat
liatlah;lihatlah
teguran2;teguran-teguran
yg;yang
gr2;gara-gara
d;di
skrg;sekarang
gamau;tidak mau
skolah;sekolah
pdahal;padahal
msh;masih
klas;kelas
krena;karena
tkut;takut
grunya;gurunya
skrg;sekarang
pndah;pindah
tdk;tidak
bs;bisa
hrs;harus
ortu;orang tua
dlm;dalam
udh;sudah
ngerasain;merasai
tp;tapi
dlm;dalam
org;orang
yg;yang
bs;bisa
bs;bisa
liat2;lihat-lihat
tp;tapi
ga;tidak
masukin;memasukkan
org;orang
dilindungin;dilindungi
yg;yang
trs;terus
jagain;menjaga
org;orang
kasiaannn;kasihan
kmu;kamu
yg;yang
miring2;miring-miring
jd;jadi
dech;deh
baek;baik
ajja;saja
yg;yang
tinggalin;tinggalkan
ga;tidak
gini;begini
klo;kalau
dri;dari
ttg;tentang
yg;yang
kmu;kamu
ga;tidak
klo;kalau
ksh;kasih
dlm;dalam
kaitannha;kaitannya
ama;sama
yg;yang
pd;pada
sud;sudah
silahkan;silakan
yg;yang
pinter;pintar
dgn;dengan
yg;yang
rana;ranah
sampw;sampai
rana;ranah
thdp;terhadap
knp;kenapa
tsb;tersebut
yg;yang
krn;karena
scr;secara
yg;yang
tdk;tidak
utk;untuk
tsb;tersebut
yg;yang
mrk;mereka
pdhl;padahal
yg;yang
bhkn;bahkan
utk;untuk
spy;supaya
tdk;tidak
mrk;mereka
yg;yang
jgn;jangan
kpd;kepada
mrk;mereka
mrk;mereka
knp;kenapa
mrk;mereka
justeru;justru
sbg;sebagai
utk;untuk
yg;yang
klo;kalau
apah;apa
dak;indak
ngatai;mengatai
kln;kalian
sukak;suka
ahh;ah
alloh;allah
ihh;ih
ngajar;mengajar
termuraaahhhh;termurah
udh;sudah
brkunjun;berkunjung
d;di
bgt;banget
bgt;banget
yg;yang
suarranya;suaranya
dri;dari
sihh;sih
bgt;banget
klo;kalau
"bner""";benar-benar
suarranya;suaranya
iu;itu
bgussss;bagus
kmaren;kemarin
ambilin;mengambil
yg;yang
syg;sayang
dgn;dengan
yg;yang
sy;saya
ttg;tentang
mdh2an;mudah-mudahan
anak2;anak-anak
mmg;memang
anak2;anak-anak
dgn;dengan
biasaaaa;biasa
luuuaar;luar
yg;yang
ortu;orang tua
dg;dengan
bngt;banget
sma;sama
yaa;ya
seneng;senang
kereenn;keren
bgt;banget
bgtt;banget
ma;sama
km;kamu
yg;yang
redho;ridho
rezki;rezeki
yg;yang
kepd;kepada
org;orang
luaarrr;luar
biasaaa;biasa
kaka;kakak
jadilh;jadilah
org;orang
yg;yang
org;orang
na;nya
kata2nya;kata-katanya
bnr;benar
terhaaru;terharu
slalu;selalu
kaka;kakak
ttg;tentang
orrunya;orang tuanya
udah;sudah
bnyak;banyak
aj;saja
ortu;orang tua
ga;tidak
org;orang
kyak;kayak
gmn;bagaimana
pke;pakai
klo;kalau
koment;komentar
it;itu
koment;komentar
bnget;banget
ama;sama
bgt;banget
ma;sama
bgt;banget
bgt;banget
ama;sama
kka;kakak
dri;dari
flm;film
ampe;sampai
skrang;sekarang
pake;pakai
mb;mbak
kalok;kalau
adek2;adek-adek
jd;jadi
sndri;sendiri
dr;dari
km;kamu
km;kamu
rb;ribu
kk;kakak
tteh;teteh
knpa;kenapa
gak;tidak
loncatt;loncat
aja;saja
hampasss;hempas
lagiii;lagi
cantiiik;cantik
dlu;dulu
kt;kita
kyk;kayak
gini;begini
aja;saja
yaa;ya
cantikk;cantik
tehh;teh
bunga2;bunga-bunga
apaaan;apaan
lagiii;lagi
ampuuunn;ampun
daaah;dah
skali;sekali
yg;yang
sma;sama
gini;begini
bangetttttt;banget
ituh;itu
cantikk;cantik
cantikk;cantik
cantiiikk;cantik
udh;sudah
msh;masih
bgt;banget
bgt;banget
gak;tidak
gak;tidak
diliat;dilihat
km;kamu
liat;lihat
kereen;keren
suaranyaaaaaa;suaranya
bener2;benar-benar
idoolaaa;idola
ga;tidak
ga;tidak
udah;sudah
bgt;banget
pake;pakai
bangettt;banget
pulaa;pula
penyanyi2;penyanyi-penyanyi
beneran;benaran
yg;yang
wiih;wih
iyaa;iya
apaa;apa
miriip;mirip
tp;tapi
lbh;lebih
jd;jadi
aja;saja
bs;bisa
jd;jadi
emang;memang
blm;belum
dr;dari
yah;ya
uhhh;uh
bet;banget
kaaaa;kak
kaa;kak
sayanggg;sayang
kaa;kak
liat;lihat
allaahh;allah
ajahhh;saja
ajaaa;saja
trims;terima kasih
yah;ya
dehat;sehat
aminnnnn;amin
bgt;banget
bgt;banget
salammmm;salam
hari2;hari-hari
yg;yang
sihat;sehat
aminnn;amin
yg;yang
aja;saja
pengen;pengin
yg;yang
ayoo;ayo
buruann;buruan
d;di
makasih;terima kasih
udh;sudah
saranin;menyarankan
pake;pakai
jd;jadi
gak;tidak
lg;lagi
jd;jadi
pede;percaya diri
skrng;sekarang
mksh;terima kasih
silahkan;silakan
yg;yang
yg;yang
rekomendain;rekomendasikan
kaka;kakak
makasih;terima kasih
cntik;cantik
bngt;banget
trussss;terus
yah;ya
tp;tapi
blm;belum
tdk;tidak
yukk;yuk
cpt;cepat
kmi;kami
kakakuuu;kakakku
aamiin;amin
bgt;banget
yukk;yuk
ngalir;mengalir
teruss;terus
lohh;loh
bangt;banget
ga;tidak
ga;tidak
karna;karena
cepet;cepat
pesen;pesan
bgt;banget
pengen;pengin
gak;tidak
beneran;benaran
ga;tidak
nyesel;menyesal
rekomendasiin;merekomendasikan
kaka;kakak
kaka;kakak
gak;tidak
nyesel;menyesal
udah;sudah
rekomendasiin;merekomendasikan
ga;tidak
pede;percaya diri
makasih;terima kasih
boong;bohong
ktmu;ketemu
ga;tidak
nyangka;menyangka
pake;pakai
hub;hubungi
makasih;terima kasih
ksh;kasih
jd;jadi
gak;tidak
lg;lagi
pake;pakai
mksh;terima kasih
utk;untuk
"WA:081210238087""";abreviasi
jgn;jangan
"WA:081210238087""";abreviasi
yah;ya
"WA:081210238087""";anaptiksis
yg;yang
"WA:081210238087""";abreviasi
dr;dari
"WA:081210238087""";abreviasi
bkn;bukan
"WA:081210238087""";abreviasi
prwtn;perawatan
"WA:081210238087""";abreviasi
jg;juga
"WA:081210238087""";abreviasi
pake;pakai
"WA:081210238087""";monoftongisasi
ak;aku
"WA:081210238087""";abreviasi
udh;sudah
"WA:081210238087""";abreviasi
pake;pakai
"WA:081210238087""";monoftongisasi
byk;banyak
"WA:081210238087""";abreviasi
yg;yang
"WA:081210238087""";abreviasi
udh;sudah
"WA:081210238087""";abreviasi
ngebuktiin;membuktikan
"WA:081210238087""";afiksasi
yah;ya
"WA:081210238087""";anaptiksis
dr;dari
"WA:081210238087""";abreviasi
ak;aku
"WA:081210238087""";abreviasi
prawatan;perawatan
"WA:081210238087""";abreviasi
utk;untuk
"WA:081210238087""";abreviasi
lbh;lebih
"WA:081210238087""";abreviasi
mbk;mbak
aj;saja
y;ya
mkin;makin
cntk;cantik
sj;saja
yg;yang
"WA:081210238087""";abreviasi
gak;tidak
"WA:081210238087""";zeroisasi
mo;mau
"WA:081210238087""";monoftongisasi
pnya;punya
"WA:081210238087""";abreviasi
gak;tidak
"WA:081210238087""";zeroisasi
mslh;masalah
"WA:081210238087""";abreviasi
dimao;dimau
"WA:081210238087""";modifikasi vokal
gak;tidak
"WA:081210238087""";zeroisasi
hrs;harus
"WA:081210238087""";abreviasi
klo;kalau
"WA:081210238087""";zeroisasi
cm;cuma
"WA:081210238087""";abreviasi
utk;untuk
"WA:081210238087""";abreviasi
dapetin;mendapati
"WA:081210238087""";afiksasi
wjh;wajah
"WA:081210238087""";abreviasi
pantes;pantas
"WA:081210238087""";modifikasi vokal
dijadiin;dijadikan
"WA:081210238087""";afiksasi
prwtn;perawatan
"WA:081210238087""";abreviasi
dr;dari
"WA:081210238087""";abreviasi
udah;sudah
"WA:081210238087""";zeroisasi
yg;yang
"WA:081210238087""";abreviasi
yg;yang
"WA:081210238087""";abreviasi
ny;nya
"WA:081210238087""";abreviasi
uda;sudah
"WA:081210238087""";zeroisasi
pd;pada
"WA:081210238087""";abreviasi
pake;pakai
"WA:081210238087""";monoftongisasi
silahkn;silakan
"WA:081210238087""";abreviasi
dl;dulu
"WA:081210238087""";abreviasi
ak;aku
"WA:081210238087""";abreviasi
ajha;saja
"WA:081210238087""";zeroisasi
utk;untuk
"WA:081210238087""";abreviasi
silahkan;silakan
kaka;kakak
yuuk;yuk
kasiatnya;khasiatnya
iyah;iya
nyaranin;menyarankan
rekomendasiin;merekomendasikan
udah;sudah
"minyak""an";minyak-minyakan
gitu;begitu
ga;tidak
pake;pakai
bgt;banget
gak;tidak
suksess;sukses
slalu;selalu
ka;kak
jg;juga
gak;tidak
seneng;senang
ka;kak
makasih;terima kasih
udh;sudah
rekomendasiin;merekomendasikan
pede;percaya diri
ga;tidak
nyangka;menyangka
prodak;produk
prodak;produk
ga;tidak
nyesel;menyesal
ga;tidak
trasa;terasa
minpi;mimpi
bner2;benar-benar
gak;tidak
nyangka;menyangka
gak;tidak
mutihin;memutihkan
ak;aku
gak;tidak
ka;kak
gak;tidak
makasih;terima kasih
gak;tidak
th;tahun
udh;sudah
jd;jadi
th;tahun
msh;masih
smster;semester
sdh;sudah
th;tahun
udah;sudah
woww;wow
ntar;entar
thn;tahun
emang;memang
th;tahun
uga;juga
kmren;kemarin
lucuu;lucu
ucull;lucu
aamiin;amin
"ngomong""";ngomong-ngomong
thn;tahun
udehh;sudah
sampe;sampai
skrang;sekarang
ucul;lucu
bnr;benar
lucuk;lucu
smg;semoga
lucuu;lucu
lucuuu;lucu
bgt;banget
bkn;bukan
yaaa;ya
jan;jangan
jd;jadi
yaa;ya
thn;tahun
masi;masih
pakek;pakai
pake;pakai
kk;kakak
pakek;pakai
orng;orang
orng;orang
pakek;pakai
yah;ya
kk;kakak
ka;kak
klo;kalau
pke;pakai
cntik;cantik
syngnya;sayangnya
klo;kalau
bnr;benar
pake;pakai
tauu;tau
dipermainin;dipermainkan
bngt;banget
kl;kalau
kasiatnya;khasiatnya
kocakkk;kocak
pake;pakai
hijabb;hijab
dasarrr;dasar
ajaaa;saja
tp;tapi
jgn;jangan
waaaaw;wow
bngt;banget
kk;kakak
klau;kalau
cannnnntikkkkkkk;cantik
bangettt;banget
mukax;mukanya
gitu;begitu
cantikx;cantiknya
fatanik;fanatik
bngt;banget
mba;mbak
jgn;jangan
pake;pakai
protestin;protestan
bkn;bukan
protestin;protestan
kakau;kalau
yg;yang
kk;kakak
slh;salah
marh;marah
kk;kakak
bener;benar
ka;kak
pk;pakai
ka;kak
emngnya;memangnya
pakek;pakai
cantiknyaa;cantiknya
klo;kalau
pke;pakai
darpada;daripada
bgt;banget
cooooooocok;cocok
klw;kalau
pkk;pakai
jgn;jangan
ka;kak
kaka;kakak
kaka;kakak
sling;saling
pake;pakai
ga;tidak
kk;kakak
pake;pakai
agama'ny;agamanya
yg;yang
bilng;bilang
tp;tapi
aq;aku
gk;tidak
prcy;percaya
klw;kalau
kk;kakak
kk;kakak
org;orang
pantes;pantas
emang;memang
tetep;tetap
lurusin;meluruskan
kk;kakak
pake;pakai
gak;tidak
gimana;bagaimana
gak;tidak
aja;saja
aja;saja
tp;tapi
bgt;banget
d;di
pake;pakai
aja;saja
biri;biru
bgt;banget
d;di
pake;pakai
jd;jadi
yg;yang
nti;nanti
aamiin;amin
kaa;kak
gmn;bagaimana
blm;belum
prnh;pernah
yg;yang
pake;pakai
luco;lucu
woow;wow
aq;aku
jg;juga
ultha;ultah
aja;saja
yuuu;yuk
batikk;batik
alloh;allah
q;ku
jdi;jadi
gemes;gemas
yg;yang
aja;saja
pake;pakai
arab2;arab-arab
sm;sama
yg;yang
arab2;arab-arab
gitu;begitu
kl;kalau
udah;sudah
yg;yang
pake;pakai
aja;saja
makasi;terima kasih
donk;dong
aja;saja
jd;jadi
yg;yang
blm;belum
dipake;dipakai
ama;sama
anak2;anak-anak
yg;yang
aja;saja
syg;sayang
udh;sudah
ga;tidak
lg;lagi
udh;sudah
luchu;lucu
pake;pakai
baguss;bagus
lucuuuu;lucu
bgt;banget
jd;jadi
aja;saja
ajah;saja
aja;saja
abes;habis
duhh;duh
liat;lihat
sedihhh;sedih
yeee;ya
syang;sayang
pinter;pintar
ngasi;mengasih
liat;lihat
gasih;tidak sih
qta;kita
mo;mau
nda;indak
sm;sama
cb;coba
anak2;anak-anak
pengen;pengin
naaaak;nak
jgn;jangan
astagaa;astaga
ngakak;mengakak
akuuu;aku
astafirullah;astagfirullah
msuk;masuk
peragain;peragakan
shayyy;say
anjaayy;anjay
shay;say
ga;tidak
ngilerrrr;mengiler
trus;terus
d;di
jgn;jangan
shay;say
bayangin;bayangkan
gak;tidak
woyyy;woy
ga;tidak
jg;juga
skrg;sekarang
ga;tidak
shaaaay;say
hempaass;hempas
dtg;datang
sayyy;say
bener;benar
tar;entar
kek;kayak
gini;begini
jgan;jangan
shayy;say
syantiek;cantik
njay;anjay
hehh;eh
temen;teman
qt;kita
cantik2;cantik-cantik
kam;kamu
liat;lihat
baguss;bagus
bngt;banget
gw;gue
elu;lu
yg;yang
nggak;tidak
inget;ingat
ingeet;ingat
inget;ingat
ga;tidak
sblh;sebelah
gw;gue
sblh;sebelah
nyaa;nya
gag;tidak
nawarin;menawari
ni;ini
amiiiiin;amin
tetep;tetap
jauhhh;jauh
udh;sudah
bgtttt;banget
baguss;bagus
waaahhh;wah
gini;begini
yah;ya
ajakin;mengajak
ntar;entar
gak;tidak
mntn;mantan
dlm;dalam
yaa;ya
ade;adek
liatnya;lihatnya
pd;pada
ngakak;mengakak
ngakak;mengakak
ihhh;ih
aje;saja
luhhh;lu
nyet;monyet
yooookkk;yuk
yg;yang
gw;gue
mksd;maksud
yg;yang
d;di
kyk;kayak
jrnk;jarang
"jelas""";jelas-jelas
cow;cowok
kayax;kayak
km;kamu
yg;yang
dblkng;dibelakang
mksd;maksud
gw;gue
ngapain;mengapai
anjirr;anjir
mirippp;mirip
sangattt;sangat
iyap;iya
mayann;lumayan
indo;indonesia
ngikutin;mengikuti
bener;benar
autuhh;tau tuh
ga;tidak
seneng;senang
ae;saja
atutt;takut
ga;tidak
ama;sama
kyk;kayak
bgt;banget
mirippp;mirip
bgtttt;banget
kek;kayak
gini;begini
ketara;tertara
bgt;banget
yg;yang
blg;bilang
kek;kayak
giniii;begini
looo;loh
bgt;banget
sma;sama
g;tidak
liat;lihat
bnget;banget
ma;sama
cntik;cantik
pingin;pengin
lgsung;langsung
bgt;banget
mbaaass;mbak
bund;bunda
g;tidak
tetep;tetap
bangeeettt;banget
almh;almarhumah
temenkuuh;temanku
mmg;memang
suami'y;suaminya
alm;almarhum
ori;orisinal
bgt;banget
bgt;banget
bngeeeetttt;banget
tp;tapi
emg;memang
y;ya
dr;dari
sm;sama
yg;yang
y;ya
entr;entar
kyax;kayak
ap;apa
ea;ya
cuantikkk;cantik
mksdnya;maksudnya
yg;yang
cwe;cewek
aja;saja
klo;kalau
yg;yang
cwo;cowok
aja;saja
gak;tidak
namain;namai
ga;tidak
aja;saja
ato;atau
ato;atau
ato;atau
ato;atau
ato;atau
ato;atau
ato;atau
ato;atau
kaaaaaaaaaakkkkkkkkkkk;kak
ato;atau
aja;saja
aja;saja
kasi;kasih
aj;saja
klo;kalau
kucing'y;kucingnya
nama'in;namai
panggilan'ya;panggilannya
klo;kalau
kucing'y;kucingnya
nama'in;namai
panggilan'y;panggilannya
kereen;keren
gak;tidak
ka;kak
utk;untuk
yg;yang
cwo;cowok
klo;kalau
cwe;cewek
z;saja
aja;saja
aja;saja
kalw;kalau
beneran;benaran
gt;begitu
gimana;bagaimana
yg;yang
tips2;tips-tips
serem;seram
serem;seram
tp;tapi
ttp;tetap
ka;kak
alu;aku
bgt;banget
pake;pakai
aja;saja
ngerrrriiii;ngeri
tetep;tetap
saranin;sarankan
pake;pakai
udah;sudah
keliatan;kelihatan
aja;saja
karna;karena
ngga;tidak
bener2;benar-benar
gak;tidak
nyesel;menyesal
ayooo;ayo
aja;saja
gw;gue
gini;begini
model2;model-model
dgn;dengan
utk;untuk
bener;benar
ngriii;mengiri
amatt;amat
tetep;tetap
smpai;sampai
orang2;orang-orang
cantikkkk;cantik
ngelahirin;melahirkan
paksain;memaksakan
biasaa;biasa
pengen;pengin
besarin;membesarkan
hub;hubungi
aja;saja
bgt;banget
pake;pakai
kox;kok
gak;tidak
pake;pakai
kaka;kakak
bener;benar
yg;yang
kaka;kakak
saranin;sarankan
gak;tidak
ka;kak
bner;benar
kaka;kakak
saranin;sarankan
bner;benar
makasih;terima kasih
yah;ya
ka;kak
wihhh;wih
tetep;tetap
ga;tidak
th;teh
tmbah;tambah
cntikk;cantik
pkee;pakai
pake;pakai
ka;kak
aamiin;amin
gini;begini
pake;pakai
sllu;selalu
biasaa;biasa
yaa;ya
cantiikkkk;cantik
bgttt;banget
klo;kalau
smga;semoga
smkin;semakin
bnyk;banyak
amiiiiinnn;amin
ndak;indak
bgmna;bagaimana
ssorg;seseorang
d;di
hdpn;hadapan
yg;yang
tsb;tersebut
dg;dengan
smua;semua
liat;lihat
foto2;foto-foto
yg;yang
yg;yang
aminn;amin
dg;dengan
smakin;semakin
mnambh;menambah
ktaatan;ketaatan
pd;pada
dr;dari
dg;dengan
kemaren;kemarin
liat;lihat
mba;mbak
yaa;ya
ka;kak
ka;kak
ga;tidak
stju;setuju
krna;karena
karna;karena
ka;kak
cantikkkkkk;cantik
ga;tidak
dilepas2;dilepas-lepas
yaa;ya
tehhh;teh
istiqomahhh;istikamah
tehhhh;teh
udah;sudah
engga;tidak
pokonya;pokoknya
prodaknya;produknya
bgt;banget
ga;tidak
krn;karena
udah;sudah
dlm;dalam
gak;tidak
emang;memang
ga;tidak
kaka;kakak
y;ya
emng;memang
yah;ya
pke;pakai
gk;tidak
yg;yang
ngerii;ngeri
bangett;banget
dahh;dah
ngiri;mengiri
aja;saja
liat;lihat
ga;tidak
tdk;tidak
yg;yang
bngt;banget
kaka;kakak
kk;kakak
kk;kakak
kk;kakak
imutt;imut
amu;kamu
nahh;nah
cntikk;cantik
mauuuuuuu;mau
kaka;kakak
jilbb;jilbab
d;di
g;tidak
pake;pakai
mw;mau
liat;lihat
aj;saja
tmn;teman
ndut;gendut
udh;sudah
ngecek;mengecek
blom;belum
yah;ya
gada;tidak ada
kerjaan;pekerjaan
bgt;banget
ngecek;mengecek
ndut;gendut
psti;pasti
penasarn;penasaran
jg;juga
cuyy;cuy
astauviruloh;astagfirullah
binggo;banget
kaakk;kak
donk;dong
bnget;banget
udah;sudah
nyaa;nya
gk;tidak
bnyk;banyak
bgt;banget
kka;kakak
paaak;pak
diajarin;diajari
yg;yang
ngikutin;mengikuti
aja;saja
gawl;gaul
kecr;kece
gilaaa;gila
iih;ih
lucuuu;lucu
org;orang
yg;yang
ngajak;mengajak
dgn;dengan
trs;terus
org2;orang-orang
gemay;gemas
laaaah;lah
ka;kak
kmu;kamu
ko;kok
aq;aku
yah;ya
donk;dong
aned;banget
bgt;banget
gingsungny;gingsulnya
sma;sama
kyk;kayak
blh;boleh
ga;tidak
bgt;banget
cariin;carikan
gini;begini
bgt;banget
yg;yang
gak;tidak
kenceng;kencang
yg;yang
cuanti;cantik
kyk;kayak
q;aku
kmu;kamu
mbanya;mbaknya
hy;hai
ka;kak
q;ku
lh;boleh
knlan;kenalan
g;tidak
bgt;banget
donk;dong
udh;sudah
aja;saja
jngn;jangan
indo;indonesia
indo;indonesia
jg;juga
ga;tidak
gw;gue
liat;lihat
ky;kaya
mbaakk;mbak
emg;memang
yg;yang
pnting;penting
mrka;mereka
gk;tidak
nyusahhin;menyusahkan
kmu;kamu
gk;tidak
mnta;minta
byaran;bayaran
mrka;mereka
pnya;punya
wlawpun;walaupun
bnyak;banyak
yg;yang
sedangkn;sedangkan
hnya;hanya
tnpa;tanpa
kmu;kamu
pnya;punya
yg;yang
d;di
bnggain;banggakan
smpe;sampai
sperti;seperti
emng;memang
kmu;kamu
yg;yang
mrka;mereka
yg;yang
kmu;kamu
omongin;omongkan
nyusahin;menyusahkan
emg;memang
yg;yang
nyusahin;menyusahkan
cmn;cuman
malu2in;malu-malui
indo;indonesia
aja;saja
emg;memang
gak;tidak
blm;belum
dibanggain;dibanggakan
tpi;tapi
sma;sama
wlau;walau
tpi;tapi
emg;memang
komenan;komentar
yg;yang
kmu;kamu
"bangga""in";membangga-banggakan
tpi;tapi
krya;karya
kmu;kamu
"bilang""";bilang-bilang
tinggall;tinggal
dmna;dimana
bgt;banget
ngebales;membalas
dripda;daripada
emg;memang
gk;tidak
bangga2in;membangga-banggakan
emg;memang
klo;kalau
yg;yang
dibnggain;dibanggakan
cmn;cuman
kyk;kayak
gitu;begitu
aja;saja
wlaupun;walaupun
dgn;dengan
yg;yang
kyk;kayak
ank;anak
jgn;jangan
krn;karena
org;orang
tpi;tapi
sma;sama
karya2;karya-karya
yg;yang
gk;tidak
ank;anak
gk;tidak
dgn;dengan
karya2;karya-karya
emg;memang
gk;tidak
sma;sama
sma;sama
gimana;bagaimana
kyk;kayak
yg;yang
trs;terus
drimana;darimana
udh;sudah
yg;yang
dehh;deh
jgn;jangan
yaa;ya
udh;sudah
klo;kalau
yg;yang
tpi;tapi
ngapain;mengapai
udh;sudah
gni;begini
gk;tidak
ank;anak
dri;dari
gk;tidak
slh;salah
trs;terus
mreka;mereka
jdi;jadi
ngepake';memakai
gksalah;tidak salah
gak;tidak
gk;tidak
nuntut;menuntut
ngebiarin;membiarkan
org;orang
yg;yang
krn;karena
spy;supaya
mreka;mereka
yg;yang
lgi;lagi
bhas;bahas
tdi;tadi
dri;dari
ngeluarin;mengeluarkan
kasian;kasihan
elo;lo
komenan;komentar
elo;lo
komenan;komentar
ngatain;mengatai
komenan;komentar
org;orang
tpi;tapi
gk;tidak
komenan;komentar
kyk;kayak
gimana;bagaimana
jg;juga
lagu'y;lagunya
yak;ya
lagu2nya;lagu-lagunya
kakk;kak
ka;kak
jadiin;jadikan
bgt;banget
yak;ya
guaa;gua
bgt;banget
kaa;kak
omongin;omongkan
gak;tidak
diem;diam
ajah;saja
gausah;tidak usah
nyampah;menyampah
klo;kalau
gw;gue
"mba""";mbak-mbak
donk;dong
gausah;tidak usah
ajah;saja
jgn;jangan
dh;deh
bukan'a;bukannya
mba;mbak
tappi;tapi
mang;memang
dahh;dah
cantikk;cantik
kalli;kali
mba;mbak
jngn;jangan
ka;kak
aja;saja
sm;sama
gk;tidak
pacara;pacaran
jga;juga
kalli;kali
maen;main
nuduh;menuduh
"ngerebut""";merebut-rebut
aja;saja
lluu;lu
mbaa;mbak
gk;tidak
ngerussak;merusak
mreka;mereka
"bela""in";membela-bela
bellain;membela
aja;saja
jngn;jangan
pke;pakai
ka;kak
donk;dong
kallo;kalau
coment;komen
yg;yang
dewassa;dewasa
mba;mbak
jngn;jangan
aja;saja
kallo;kalau
comnet;komen
gk;tidak
"pikir""";pikir-pikir
dlu;dulu
pke;pakai
bangetttt;banget
kaya'a;kayanya
aja;saja
kuyyy;yuk
kitaa;kita
ap;apa
makasih;terima kasih
yh;ya
uda;sudah
ngaca;mengaca
jg;juga
ga;tidak
gitu2;begitu-gitu
org;orang
gimana;bagaimana
aja;saja
knpa;kenapa
mba;mbak
mba;mbak
d;di
d;di
smpe;sampai
sgtu'y;sebegitunya
ngebelain;membela
tpii;tapi
"karya""";karya-karya
do;di
cali;caci
kya;kaya
mba;mbak
penghrgaan;penghargaan
ajjh;saja
sihh;sih
buktiin;buktikan
mba;mbak
klau;kalau
mba;mbak
lbihh;lebih
baikk;baik
drii;dari
"artist""";artis-artis
yg;yang
mba;mbak
"maki""";maki-maki
jngn;jangan
komentarin;mengomentari
orng;orang
sendirinnya;sendirinya
gk;tidak
stidaknya;setidaknya
mrka;mereka
may;mau
yg;yang
trbaikk;terbaik
bkan;bukan
kmauan;kemauan
mrka;mereka
tpi;tapi
mrka;mereka
punn;pun
mengikutii;mengikuti
atassan;atasan
mrka;mereka
klauu;kalau
jngnn;jangan
so;sok
orng;orang
kya;kaya
gtu;begitu
kya;kaya
sendirinyya;sendirinya
frestasiii;prestasi
ajjh;saja
knp;kenapa
mst;mesti
add;ada
see;sih
sibukx;sibuknya
in;ini
yaa;ya
katanyaa;katanya
lawaaaas;lawas
ngakak;mengakak
ni;ini
beneran;benaran
ni;nih
yg;yang
nonton;menonton
emg;memang
ngapain;mengapa
d;di
lucuuu;lucu
g;tidak
ad;ada
kocaaaak;kocak
kek;kayak
smg;semoga
slalu;selalu
tmbh;tambah
syng;sayang
sm;sama
sm;sama
jagain;jaga
adenya;adeknya
pkoknyaa;pokoknya
bwt;buat
yg;yang
smoga;semoga
yaa;ya
dateng;datang
donk;dong
smoga;semoga
dsana;disana
yaaa;ya
yg;yang
suksess;sukses
slalu;selalu
ortu;orang tua
yg;yang
amiin;amin
ortu;orang tua
smoga;semoga
cita2;cita-cita
dua2nya;dua-duanya
bangett;banget
sichhhhhhhhhh;sih
diapain;diapakan
gk;tidak
yh;ya
nampak;menampak
yak;ya
ndak;indak
tetehh;teteh
tehhh;teh
tehhhh;teh
gak;tidak
udah;sudah
pake;pakai
sampe;sampai
udah;sudah
gak;tidak
dapetin;mendapati
padet;padat
ga;tidak
buktiin;buktikan
bener;benar
bener;benar
gak;tidak
nyangka;menyangka
bgt;banget
nambah;menambah
makasih;terima kasih
ga;tidak
nyangka;menyangka
gak;tidak
aja;saja
yuuk;yuk
dgn;dengan
yg;yang
dgn;dengan
makasih;terima kasih
buktiin;membuktikan
bener2;benar-benar
kepoin;kepoi
aja;saja
wooowww;wow
wooowww;wow
saranin;sarankan
ga;tidak
pake;pakai
ilang;hilang
ga;tidak
cobain;coba
pake;pakai
ngerasain;merasai
emng;memang
bener;benar
pake;pakai
makasih;terima kasih
kpn;kapan
yach;ya
bs;bisa
ma;sama
mbk;mbak
muga;moga
sllu;selalu
dpt;dapat
yg;yang
slm;salam
aj;saja
dr;dari
aq;aku
mbk;mbak
yach;ya
makasih;terima kasih
udh;sudah
kenalin;mengenalkan
jd;jadi
gak;tidak
jd;jadi
pede;percaya diri
skrng;sekarang
mksh;terima kasih
yg;yang
bener2;benar-benar
udah;sudah
rekomendasiin;merekomendasikan
ga;tidak
pengen;pengin
janka;jangka
kepoin;mengepoi
ajaa;saja
belanjaa;belanja
disiniii;disini
ko;kok
skrg;sekarang
wawwwww;wow
waaaww;wow
waaawwww;wow
mantapp;mantap
bangetttt;banget
cobaaa;coba
gak;tidak
nyesel;menyesal
dehhh;deh
pake;pakai
model2;model-model
makasih;terima kasih
udah;sudah
seneng;senang
udah;sudah
seneng;senang
udah;sudah
udah;sudah
kenceng;kencang
gak;tidak
nyangka;menyangka
kageet;kaget
makasi;terima kasih
say;sayang
awal2;awal-awal
ga;tidak
setabil;stabil
temen2;teman-teman
nyoba;mencoba
ihh;ih
beneran;benaran
setabil;stabil
ga;tidak
temen2;teman-teman
makasih;terima kasih
yah;ya
ga;tidak
yg;yang
pake;pakai
bgt;banget
gak;tidak
bangettttttt;banget
seneng;senang
liat;lihat
mauu;mau
ngtain;mengatai
org;orang
kya;kaya
g;tidak
aja;saja
gak;tidak
oplas;operasi plastik
gak;tidak
keliatan;kelihatan
nambahh;bertambah
paripurnahh;paripurna
wanitah;wanita
indonesiaah;indonesia
bet;banget
udh;sudah
iyaa;iya
cumn;cuman
kasi;kasih
aja;saja
sm;sama
klo;kalau
liat;lihat
gegra;gegara
kmrin;kemarin
brita;berita
klo;kalau
diliat;dilihat
wihhh;wih
pengen;pengin
bgt;banget
klo;kalau
ktmu;ketemu
sma;sama
org;orang
yg;yang
ka;kak
baper;bawa perasaan
fotbar;foto bareng
aja;saja
gapernah;tidak pernah
fotbar;foto bareng
ama;sama
jg;juga
ngatain;mengatai
wajarrr;wajar
dikata2in;dikata-katai
sampek;sampai
gak;tidak
yg;yang
liat;lihat
liat;lihat
ny;nya
aja;saja
liat;lihat
skg;sekarang
sngt;sangat
tdk;tidak
pdhl;padahal
dl;dulu
wk;waktu
sm;sama
skg;sekarang
ky;kaya
bingiittt;banget
sm;sama
dr;dari
aja;saja
sudh;sudah
tp;tapi
klu;kalau
dr;dari
nampar;menampar
tukan;tukang
jatoh;jatuh
gk;tidak
dr;dari
ko;kok
gtu;begitu
ga;tidak
org;orang
gk;tidak
"muka""";muka-muka
dr;dari
dh;dah
jlek;jelek
sma;sama
ky;kaya
ga;tidak
ga;tidak
cantik2nya;cantik-cantiknya
ngk;tidak
pda;pada
sdgkn;sedangkan
jgk;juga
ngk;tidak
"apa""";apa-apa
kn;kan
mancungin;memancungkan
idung;hidung
kusem;kusam
lbh;lebih
drpada;daripada
yg;yang
org;orang
lahh;lah
dri;dari
gtu;begitu
kmar;kamar
diemm;diam
tnggu;tunggu
lohh;loh
dteng;datang
nihhh;nih
guee;gue
ketawain;mentertawakan
lohh;lo
krna;karena
yaelahhh;alah
gausah;tidak usah
drpd;daripada
ngaca;mengaca
"sikap""";sikap-sikap
udah;sudah
bener;benar
sampe;sampai
ngehujat;menghujat
bgt;banget
komenan;komentar
drpd;daripada
pengen;pengin
bales;balas
ngehina;menghina
yah;ya
ga;tidak
ampuun;ampun
ngehina;menghina
sampe;sampai
ngejatuhin;manjatuhkan
ga;tidak
klo;kalau
ga;tidak
ngelakuin;melakukan
dapet;dapat
ngehina;menghina
ga;tidak
gedeg;gedek
ama;sama
muka2;muka-muka
ngaca;mengaca
ngatain;mengatai
eey;eh
emang;memang
nggk;tidak
prnh;pernah
kslahan;kesalahan
aja;saja
yg;yang
koment;komentar
ga;tidak
bener;benar
ngata2in;mengatai-ngatai
gak;tidak
liat;lihat
org;orang
gak;tidak
gak;tidak
bener;benar
klo;kalau
gak;tidak
yg;yang
udah;sudah
aja;saja
gak;tidak
mmg;memang
ga;tidak
baik2;baik-baik
silahkan;silakan
mba;mbak
mba;mbak
gak;tidak
perhatiam;perhatian
sm;sama
aj;saja
dri;dari
pd;pada
jg;juga
ttp;tetap
yg;yang
smpe;sampai
ttp;tetap
sm;sama
yah;ya
emang;memang
digituin;dibegitukan
dibiarin;dibiarkan
aja;saja
sich;sih
aq;aku
yg;yang
gk;tidak
pny;punya
ank;anak
aja;saja
org;orang
gk;tidak
yg;yang
sbnrny;sebenarnya
trjd;terjadi
dlm;dalam
mrk;mereka
gk;tidak
mkir;memikir
bhw;bahwa
gk;tidak
mgkn;mungkin
hny;hanya
slah;salah
yg;yang
slah;salah
22nya;dua-duanya
slah;salah
ngatain;mengatai
apalai;apalagi
yg;yang
dikata2in;dikata-katai
keliatan;kelihatan
klo;kalau
emang;memang
ngapain;mengapai
cmpur;campur
org;orang
bkal;bakal
pny;punya
saat2;saat-saat
spt;seperti
akn;akan
dtg;datang
pd;pada
ank;anak
ntar;entar
jg;juga
bkal;bakal
jd;jadi
org;orang
hrs;harus
nyadar;menyadari
ank;anak
yg;yang
gk;tidak
apa2;apa-apa
ngapain;mengapa
ngomong;mengomong
ngeluarin;mengeluarkan
kta;kata
yg;yang
gk;tidak
utk;untuk
ank;anak
dmn;dimana
yg;yang
knp;kenapa
br;baru
nyadar;sadar
bka;buka
jgn;jangan
ska;suka
sotoy;sok tau
sma;sama
rmh;rumah
org;orang
pny;punya
aja;saja
berani2;berani-berani
ngatain;mengatai
ank;anak
sprt;seperti
yg;yang
gk;tidak
apa2;apa-apa
gk;tidak
sma;sama
gk;tidak
ngaca;mengaca
sm;sama
utk;untuk
mo;mau
yaa;ya
lucuuuuu;lucu
pngn;pengin
pipi'y;pipinya
gemmeeezzz;gemas
cantiikk;cantik
sukam;suka
ngga;tidak
sm;sama
yach;ya
ngga;tidak
ngga;tidak
sm;sama
wkt;waktu
udah;sudah
ga;tidak
makasih;terima kasih
klau;kalau
pakek;pakai
mba;mbak
lbh;lebih
liat;lihat
manisss;manis
mngkin;mungkin
menghilangkn;menghilangkan
utk;untuk
yg;yang
gak;tidak
pede;percaya diri
karna;karena
utk;untuk
kk;kakak
trasa;terasa
minpi;mimpi
bner2;benar-benar
gak;tidak
nyangka;menyangka
gak;tidak
mnjdkan;menjadikan
jd;jadi
ak;aku
gak;tidak
mudah2n;mudah-mudahan
seneng;senang
baju2;baju-baju
seneng;senang
dapet;dapat
pake;pakai
ga;tidak
tp;tapi
stlh;setelah
soalx;soalnya
smpt;sempat
liat;lihat
ka;kak
makasih;terima kasih
udah;sudah
rekomendasiin;merekomendasikan
aja;saja
ka;kak
aja;saja
ka;kak
skrng;sekarang
gak;tidak
pake;pakai
jd;jadi
gara2;gara-gara
yg;yang
rekomendasiin;merekomendasikan
mksh;terima kasih
yah;ya
kaka;kakak
saranin;menyarankan
kaka;kakak
yah;ya
udah;sudah
ga;tidak
makasih;terima kasih
ngerasa;merasa
laen;lain
keche;kece
badaii;badai
aj;saja
udah;sudah
pake;pakai
smoga;semoga
mnjadi;menjadi
emg;memang
smua;semua
btuh;butuh
yg;yang
pnting;penting
yg;yang
ktanya;katanya
aja;saja
msh;masih
bebrp;beberapa
sblum;sebelum
santab;santap
d;di
dlm;dalam
salehah;salihah
mikirin;memikirkan
kk;kakak
rb;ribu
jt;juta
subhannallah;subhanallah
lht;lihat
klu;kalau
cantiq;cantik
karna;karena
yu;yuk
yu;yuk
konsul;konsultasi
pengalam;pengalaman
ga;tidak
drpd;daripada
hrs;harus
smangat;semangat
slalu;selalu
yg;yang
tuk;untuk
yg;yang
poko;pokok
ny;nya
bner;benar
bner;benar
udah;sudah
bnget;banget
udah;sudah
trun;turun
poko;pokok
mantepp;mantap
dehh;deh
lbh;lebih
kuninggg;kuning
pinkkkk;pink
bs;bisa
d;di
dg;dengan
warnany;warnanya
ajaa;saja
aja;saja
seger;segar
klo;kalau
bwt;buat
mkn;makin
senangat;semangat
msknya;masaknya
kerennnn;keren
yg;yang
ciptain;ciptakan
sma;sama
ngasih;mengasih
say;sayang
bkan;bukan
inget;ingat
deket;dekat
bagussss;bagus
yg;yang
abis;habis
liat;lihat
makasih;terima kasih
sayangkuh;sayangku
gans;ganteng
kren;keren
babget;banget
banger;banget
salfok;salah fokus
ama;sama
org;orang
yg;yang
dihh;dih
salfok;salah fokus
aja;saja
jadu;jadi
nggak;tidak
heii;hai
kamuu;kamu
ksyngn;kesayangan
gw;gue
gk;tidak
haru;harus
ngapain;mengapai
gw;gue
cma;cuma
pengen;pengin
ngingetin;mengingatkan
sma;sama
bngt;banget
syang;sayang
gw;gue
udh;sudah
th;tahun
udh;sudah
gw;gue
yg;yang
gk;tidak
gw;gue
narik;menarik
gw;gue
liat;lihat
bngt;banget
yg;yang
kmu;kamu
"orang""";orang-orang
yg;yang
pengen;pengin
kmu;kamu
gw;gue
gk;tidak
ngapain;mengapai
syng;sayang
nyanyiin;menyanyikan
tuhh;tuh
amatt;amat
ngk;tidak
gt;begitu
tetep;tetap
gokilll;gila
gantenggg;ganteng
astagaaaa;astaga
hancuuuuuy;hancur
mattihhh;mati
aja;saja
kaka;kakak
kaka;kakak
pake;pakai
gak;tidak
nyesel;menyesal
ka;kak
beudd;banget
termiribkan;termiripkan
utk;untuk
u;lu
ga;tidak
cb;coba
dlu;dulu
dngerin;mendengarkan
brrti;berarti
dngerin;mendengarkan
wenakk;enak
gimana;bagaimana
tetep;tetap
nganteng;ganteng
abanggg;abang
seksii;seksi
gtuh;begitu
jadii;jadi
emeezzz;gemas
ama;sama
amohhh;kamu
maau;mau
eyke;aku
gilakkkkk;gila
awk;awak
duhhhhh;duh
wowww;wow
kerennn;keren
kaka;kakak
liaatt;lihat
iniiiii;ini
aloh;allah
bnget;banget
ngettt;banget
bangeett;banget
bgt;banget
mirippp;mirip
mukax;mukanya
"sama""";sama-sama
mba;mbak
msh;masih
aja;saja
kyak;kayak
maso;masa
dpn;depan
ngeliatnya;melihatnya
skli;sekali
kk;kakak
kk;kakak
gk;tidak
brubah;berubah
udah;sudah
y;ya
pelastik;plastik
keak;kayak
y;ya
bg;bang
dengerin;dengarkan
liatnya;lihatnya
beud;banget
pahamin;pahami
cntk;cantik
makasih;terima kasih
emg;memang
gitu;begitu
lg;lagi
aja;saja
liatnya;lihatnya
ky;kaya
gini;begini
yah;ya
takuuuuut;takut
ahahahanjirrr;anjir
dasyat;dahsyat
jogetin;berjoget
shaay;say
boker;berak
boker;berak
gk;tidak
yg;yang
lbih;lebih
ga;tidak
nyangka;menyangka
beneran;benaran
hub;hubungi
gitu;begitu
gk;tidak
nyambung;menyambung
pacarnyaa;pacarnya
siapaa;siapa
inii;ini
matii;mati
ketawaa;ketawa
klo;kalau
nda;indak
nda;indak
d;di
sdh;sudah
makasih;terima kasih
njir;anjir
ngakak;mengakak
taekk;tahi
wanjiir;anjir
ni;ini
dmna;dimana
mw;mau
jg;juga
trus;terus
bw;bawa
pengen;pengin
dh;deh
pingin;pengin
jgn;jangan
mauuuuu;mau
minta;meminta
mauuu;mau
leh;boleh
bnran;benaran
tp;tapi
g;tidak
kk;kakak
kk;kakak
y;ya
smua;semua
kk;kakak
tu;itu
sgla;segala
uitnya;duitnya
k;kak
kmrn;kemarin
beliiin;belikan
yaaah;ya
macem2;macam-macam
lucuuuu;lucu
beliin;belikan
sm;sama
yg;yang
tetep;tetap
emang;memang
emang;memang
sampe;sampai
ga;tidak
nyangka;menyangka
sekaeang;sekarang
udah;sudah
buktiin;membuktikan
yg;yang
ngebuktiin;membuktikan
bgt;banget
liat;lihat
kyk;kayak
gini;begini
itungan;hitungan
aja;saja
tgk;tengok
mo;mau
tgk;tengok
gak;tidak
nyangka;menyangka
kageet;kaget
makasi;terima kasih
say;sayang
sma;sama
ga;tidak
ilang2;hilang-hilang
bkn;bikin
ga;tidak
jga;juga
bgt;banget
yu;yuk
tanyain;tanyakan
mslh;masalah
kmi;kami
kepoin;kepoi
ga;tidak
nyoba;mencoba
wihh;wih
beneran;benaran
yah;ya
yu;yuk
aja;saja
aja;saja
hub;hubungi
yu;yuk
aja;saja
aja;saja
hub;hubungi
yu;yuk
aja;saja
aja;saja
hub;hubungi
bgt;banget
ga;tidak
yg;yang
"artis""";artis-artis
klu;kalau
jatuhnyaa;jatuhnya
kka;kakak
kk;kakak
gini;begini
gak;tidak
kerjaan;pekerjaan
tambahin;tambahkan
aja;saja
banyakin;membanyaki
udah;sudah
elo;lo
aja;saja
gak;tidak
emang;memang
nambah;bertambah
aja;saja
yg;yang
tipu2nya;tipu-tipunya
doaang;doang
yaa;ya
dech;deh
baget;banget
bat;banget
kk;kakak
gini;begini
ny;nya
gituan;begituan
lucuuu;lucu
tpii;tapi
ap;apa
bgt;banget
lucuu;lucu
kaj;kak
lcu;lucu
bngt;banget
ap;apa
tu;itu
ajah;saja
wahhhhhh;wah
bngt;banget
bingittzz;banget
kl;kalau
bgt;banget
lucuuu;lucu
lucuu;lucu
iiiiiiiii;ih
lucuuu;lucu
kaliiiiiii;kali
ihhh;ih
cantikkkk;cantik
cantikkkk;cantik
melebihin;melebihi
apaa;apa
pengen;pengin
pengen;pengin
gakpapa;tidak apa-apa
kalogak;kalau tidak
gak;tidak
kaka;kakak
donk;dong
ka;kak
kaka;kakak
kaaa;kak
sm2;sama-sama
km;kamu
bgt;banget
bgt;banget
akn;akan
ndukung;mendukung
pengen;pengin
gk;tidak
aminnnnn;amin
ka;kak
make;memakai
kaaaaa;kak
aamiinnn;amin
smga;semoga
slalu;selalu
skluarga;sekeluarga
daah;dah
suaminga;suaminya
udah;sudah
berhijap;berhijab
smgaa;semoga
istiqamah;istikamah
aamiin;amin
cuaaantikk;cantik
udah;sudah
cantikk;cantik
yah;ya
rb;ribu
muraaaaah;murah
rb;ribu
aja;saja
gk;tidak
aamiin;amin
mba;mbak
yukk;yuk
baraang;barang
aamiiin;amin
udh;sudah
aamiin;amin
bets;banget
aamiin;amin
seneng;senang
kaka;kakak
ka;kak
bgt;banget
smga;semoga
kaka;kakak
aamiin;amin
aamiin;amin
yaa;ya
yaaa;ya
cantiknyaaa;cantiknya
amiiin;amin
aamiin;amin
aamiin;amin
yg;yang
gk;tidak
pake;pakai
lbh;lebih
mba;mbak
bgt;banget
pake;pakai
alhamdulillaaaaah;alhamdulillah
istiqamah;istikamah
yah;ya
makasi;terima kasih
uda;sudah
sembuhin;menyembuhkan
bener;benar
aamiin;amin
tetep;tetap
kaaa;kak
fto;foto
d;di
z;saja
ad;ada
yg;yang
bkin;bikin
pengrusak;perusak
pngn;pengin
ngoceh;mengoceh
ni;ini
aduhhh;aduh
hpus;hapus
fto;foto
pjang;pajang
msh;masih
bdampingan;berdampingan
sm;sama
org;orang
yg;yang
sdh;sudah
klo;kalau
tdk;tidak
hrs;harus
liatnya;lihatnya
it;itu
ap;apa
yg;yang
y;ya
mnding;mending
sm;sama
aja;saja
liat;lihat
kaga;kagak
liat;lihat
yg;yang
aj;saja
uih;uh
komenx;komennya
"serem""";seram-seram
yg;yang
"happi""";hepi-hepi
aza;saja
sm;sama
bgt;banget
bgtuu;begitu
ga;tidak
yaa;ya
g;tidak
mff;maaf
y;ya
q;ku
jd;jadi
ktwa;ketawa
liat;lihat
fto;foto
yg;yang
yg;yang
pke;pakai
bngt;banget
slh;salah
x;kali
yeee;ya
abizzz;habis
bnr2;benar-benar
malu2in;malu-malui
aj;saja
sm;sama
yg;yang
bkin;bikin
ngakak;mengakak
mff;maaf
y;ya
q;ku
trlalu;terlalu
jjur;jujur
klo;kalau
ngmg;mengomong
semogaa;semoga
kepelesett;terpeleset
kyk;kayak
gt;begitu
pake;pakai
geeelaakk;gila
salfok;salah fokus
bolang;bocah petualang
pkek;pakai
pnjang;panjang
pla;pula
lg;lagi
ma;sama
emang;memang
pake;pakai
lagihh;lagi
hedeuuhh;aduh
stress;stres
lama2;lama-lama
saltummmm;salah kostum
gak;tidak
kaga;kagak
nyambung;menyambung
cwe;cewek
ngakak;mengakak
gini;begini
gk;tidak
mboizzz;bois
jgn;jangan
yg;yang
suda;sudah
ama;sama
kayaq;kayak
ihhh;ih
ema;emak
liat;lihat
aja;saja
gayany;gayanya
engk;tidak
bgt;banget
gw;gue
cepet;cepat
bgt;banget
bgt;banget
kasian;kasihan
org;orang
g;tidak
kerjaan;pekerjaan
org;orang
g;tidak
ngaca;mengaca
dirumahny;dirumahnya
pd;pada
g;tidak
udah;sudah
ga;tidak
yg;yang
ama;sama
lgi;lagi
yuh;tuh
yg;yang
ad;ada
mlah;malah
ktmu;ketemu
fto;foto
yg;yang
rmbt;rambut
yahh;ya
liat;lihat
gak;tidak
liatnya;lihatnya
yg;yang
mrusak;merusak
liat;lihat
apus;hapus
aja;saja
yg;yang
gara2;gara-gara
yg;yang
dunk;dong
yg;yang
yg;yang
siapayahh;siapa ya
bilangin;bilang
pake;pakai
kostom;kostum
loo;lo
ko;kok
cewe;cewek
ky;kaya
gnii;begini
pinter;pintar
lucuuuu;lucu
bangettttt;banget
kyk;kayak
gini;begini
atuu;satu
ngegemesin;menggemaskan
gemes;gemas
lohh;loh
pipinyaaa;pipinya
yaaa;ya
kyk;kayak
bgt;banget
sm;sama
pinginnn;pengin
pinter;pintar
bgt;banget
bungkuuuuuuuuusss;bungkus
iiiihhhhhj;ih
emeessss;gemas
nggak;tidak
pipine;pipinya
glembeeeer;gelambir
bgt;banget
lucunaaa;lucunya
cubanget;lucu banget
pengenn;pengin
bgttt;banget
bgt;banget
lucuuuuu;lucu
unyuuk;unyu
bgd;banget
dedek;adek
lucunyah;lucunya
mantaaap;mantap
bingits;banget
pesen;pesan
dmana;dimana
yg;yang
keduaa;kedua
engga;tidak
engga;tidak
sma;sama
yg;yang
trsrh;terserah
ksih;kasih
engga;tidak
jgn;jangan
orng;orang
yha;ya
kaka;kakak
seterong;setrong
teyuss;terus
aja;saja
gak;tidak
ush;usah
dimasukin;dimasuki
klo;kalau
yg;yang
jelekin;menjelekkan
aja;saja
orng;orang
yg;yang
jahatin;menjahati
jelekin;menjelekkan
orng;orang
gak;tidak
ush;usah
masukin;memasuki
tai;tahi
tai;tahi
ajaa;saja
ngapain;mengapa
akn;akan
gak;tidak
ngomongnya;mengomongnya
udh;sudah
gk;tidak
kyknya;kayaknya
gtw;tidak tau
aja;saja
yg;yang
omongin;omongkan
qo;kok
nulis;menulis
klu;kalau
gk;tidak
knp;kenapa
gk;tidak
aja;saja
g;tidak
ngerti;mengerti
aja;saja
nyebutin;menyebutkan
yg;yang
gak;tidak
aja;saja
yg;yang
dengerin;dengarkan
gak;tidak
bales;balas
ngertiin;mengerti
yg;yang
rasaiin;rasai
gakusah;tidak usah
disni;disini
slalu;selalu
yg;yang
cantiik;cantik
kk;kakak
dri;dari
pda;pada
yg;yang
liat;lihat
dri;dari
org;orang
aja;saja
sabarrr;sabar
semangaatttt;semangat
gak;tidak
dengerin;dengarkan
gak;tidak
gk;tidak
tdk;tidak
skrng;sekarang
bener;benar
nonton;menonton
aj;saja
scr;secara
nyalahin;menyalahkan
nyindir;menyindir
bgt;banget
bedain;membedakan
bgt;banget
bedainnya;membedakannya
bgt;banget
keknya;kayaknya
dehhh;deh
lbih;lebih
krus;kurus
dri;dari
pda;pada
bner;benar
gaa;tidak
drpd;daripada
ka;kak
bangeet;banget
kk;kakak
jg;juga
bgt;banget
liat;lihat
aja;saja
bgt;banget
elaaaahhhh;alah
kereenn;keren
cogan;cowok ganteng
cogan;cowok ganteng
tap8;tapi
imoet;imut
ihh;ih
nggak;tidak
bosen;bosan
pandanginya;memandanginya
kakanya;kakaknya
yg;yang
kenaliiin;kenalkan
sm;sama
qu;ku
banyak2;banyak-banyak
yo;ya
tauuu;tau
awk;awak
lgi;lagi
suko;suka
sm;sama
org;orang
niih;nih
kk;kakak
bgtt;banget
sihhhh;sih
udh;sudah
"sebaik""";sebaik-baik
org;orang
org;orang
ga;tidak
ngomentarin;mengomentari
org;orang
laen;lain
yg;yang
blm;belum
bener;benar
ajah;saja
udh;sudah
dpt;dapat
jd;jadi
"masing""";masing-masing
ikh;ih
kyk;kayak
gt;begitu
g;tidak
pantes;pantas
pake;pakai
yg;yang
g;tidak
gmn;bagaimana
klo;kalau
smpe;sampai
nnti;nanti
yg;yang
ngomongnya;mengomongnya
gt;begitu
tu;itu
segtu;sebegitu
ngebenci;membenci
ny;nya
bakar2in;bakar-bakari
slmt;selamat
ank;anak
smg;semoga
sm;sama
km;kamu
ttp;tetap
km;kamu
padhe;pakde
km;kamu
yg;yang
yya;ya
yya;ya
atw;atau
klo;kalau
jgn;jangan
org;orang
yg;yang
dosa2mu;dosa-dosamu
org;orang
yg;yang
maafin;memaafi
gabisa;tidak bisa
jd;jadi
temen;teman
ky;kaya
muke;muka
gile;gila
pede;percaya diri
bgd;banget
ujung2;ujung-ujung
jd;jadi
lg;lagi
d;di
aj;saja
dalem2;dalam-dalam
kgak;kagak
d;di
bahas2;bahas-bahas
jg;juga
ud;sudah
k;ke
dy;dia
skrg;sekarang
mslh;masalah
woles;selow
aj;saja
jd;jadi
spt;seperti
km;kamu
hianatin;khianati
dr;dari
org;orang
yg;yang
tdk;tidak
halangin;halangi
dg;dengan
iyuh;ih
bngt;banget
knp;kenapa
iyuuuhhhh;ih
gaje;tidak jelas
jgn2;jangan-jangan
gk;tidak
gabakal;tidak bakal
gitu;begitu
aja;saja
yg;yang
org;orang
jga;juga
klo;kalau
emang;memang
adapin;menghadapi
ga;tidak
bnyak;banyak
emang;memang
ngehakimi;menghakimi
gw;gue
yg;yang
th;tahun
aja;saja
ngerti;mengerti
gmna;bagaimana
ngejuangin;memperjuangkan
gimana;bagaimana
dipojokin;dipojokkan
aja;saja
kek;kayak
idup;hidup
udah;sudah
bener;benar
gw;gue
yg;yang
bacotin;bacoti
udah;sudah
berati;berarti
dripada;daripada
kebangetak;kebangetan
klo;kalau
gak;tidak
tangkep;tangkap
jg;juga
d;di
gitu;begitu
dipake;dipakai
bt;buat
ngomong;mengomong
gitu;begitu
sadis2;sadis-sadis
cowo;cowok
yg;yang
ga;tidak
maksir;menaksir
udh;sudah
tp;tapi
tetep;tetap
hebatt;hebat
nerima;menerima
yaa;ya
liht;lihat
dr;dari
pndang;pandang
aja;saja
sbagai;sebagai
pmbelajaran;pembelajaran
jugaa;juga
orng;orang
yg;yang
bgt;banget
bgt;banget
gak;tidak
ngejelek;menjelekkan
yg;yang
maslah;masalah
pake;pakai
mmperbaiki;memperbaiki
aja;saja
ud;sudah
jd;jadi
krn;karena
klo;kalau
utk;untuk
temenan;berteman
sm;sama
mb;mbak
aja;saja
yg;yang
nahan;menahan
yg;yang
jd;jadi
jd;jadi
yg;yang
ga;tidak
pnya;punya
ga;tidak
pny;punya
ga;tidak
pny;punya
udh;sudah
ngerebut;merebut
yg;yang
ga;tidak
pny;punya
dr;dari
kafeh;kafe
remang2;remang-remang
mlh;malah
nusuk;menusuk
dr;dari
tinggl;tinggal
dirmh;dirumah
lg;lagi
mlh;malah
yg;yang
dr;dari
tp;tapi
gak;tidak
ngaku;mengaku
gmn;bagaimana
mbaa;mbak
gak;tidak
mnta;minta
klo;kalau
gt;begitu
byk;banyak
yg;yang
temen;teman
nangis;menangis
aja;saja
pantes;pantas
lbh;lebih
dri;dari
knp;kenapa
yg;yang
kale;kali
yg;yang
iyuuhhh;ih
yg;yang
cwo;cowok
udah;sudah
yg;yang
udah;sudah
mnjadi;menjadi
ktika;ketika
dipuja2;dipuja-puja
ga;tidak
kam;kamu
cwe;cewek
smoga;semoga
km;kamu
ngrasain;merasai
yg;yang
rasain;rasai
tp;tapi
aja;saja
nonton;menonton
aja;saja
org;orang
pesen;pesan
aja;saja
karna;karena
ngurusin;mengurusi
yeeee;ya
ityl;itil
hbs;habis
gara2;gara-gara
kyak;kayak
marah2;marah-marah
ma;sama
gw;gue
emang;memang
wenak;enak
sukak;suka
ngarang;mengarang
bnr;benar
donk;dong
gara2;gara-gara
bgt;banget
hdp;hidup
ngga;tidak
kek;kayak
gini;begini
ngehina;menghina
aja;saja
jg;juga
kelas'a;kelasnya
hadeeehhh;aduh
yg;yang
gak;tidak
jing;anjing
lg;lagi
"abal""";abal-abal
"kecil""";kecil-kecil
ori;orisinal
bgt;banget
smua;semua
yg;yang
gtu;begitu
kenceng;kencang
jd;jadi
jd;jadi
kek;kayak
"gtu""an";begitu-gituan
klo;kalau
gmanapun;bagaimanapun
tetep;tetap
aja;saja
trims;terima kasih
yah;ya
kr;kira
td;tadi
nenek2;nenek-nenek
taux;taunya
cepet;cepat
pantes;pantas
aja;saja
liat;lihat
urat2nya;urat-uratnya
ketarik;tertarik
emang;memang
ngorbanin;mengorbankan
eksprsi;ekspresi
gitulah;begitulah
klo;kalau
yg;yang
gtu;begitu
ga;tidak
ga;tidak
kyk;kayak
klo;kalau
yg;yang
"foto""";foto-foto
mamas;mas
klo;kalau
ngilangin;menghilangkan
jg;juga
ajah;saja
gada;tidak ada
bandingin;bandingkan
yg;yang
tua2;tua-tua
ajah;saja
bgt;banget
kasian;kasihan
cantik2;cantik-cantik
yg;yang
ketarik;tertarik
pake;pakai
terus2an;terus-terusan
cepet;cepat
udah;sudah
udah;sudah
gak;tidak
liat2;lihat-lihat
sampe;sampai
liatnya;lihatnya
waduhh;waduh
"bawa""";bawa-bawa
badingkan;membandingkan
mba;mbak
gtu;begitu
yah;ya
sampe;sampai
gmana;bagaimana
gtu;begitu
kyk;kayak
aja;saja
sy;saya
udah;sudah
ga;tidak
yah;ya
aja;saja
klo;kalau
klo;kalau
aja;saja
udah;sudah
yahh;ya
bgmana;bagaimana
udah;sudah
aja;saja
ga;tidak
sy;saya
ngakak;mengakak
sy;saya
ga;tidak
ngehina;menghina
mba;mbak
aja;saja
yg;yang
gini;begini
yg;yang
ga;tidak
ngurus;mengurus
ga;tidak
org;orang
klo;kalau
yg;yang
trus;terus
yg;yang
yah;ya
lanjutin;lanjutkan
aja;saja
org;orang
yg;yang
byk;banyak
krn;karena
org;orang
yg;yang
byk;banyak
org;orang
yg;yang
ributin;meributkan
cwo;cowok
cwo;cowok
brantem;berantem
gara2;gara-gara
belain;membela
kek;kayak
gitu;begitu
keliatan;kelihatan
lipetan;lipatan
kek;kayak
gitu;begitu
keliatan;kelihatan
lipetan;lipatan
ngomong;mengomong
yg;yang
g;tidak
ampuun;ampun
yya;ya
sya;saya
mba;mbak
fto;foto
sm;sama
"nenek""";nenek-nenek
bneraan;benaran
kageeet;kaget
sangaaattt;sangat
rmbuut;rambut
nenek2;nenek-nenek
km;kamu
nt;nanti
walik;balik
sma;sama
emg;memang
oma2;oma-oma
kirain;mengira
skrng;sekarang
bgt;banget
knp;kenapa
d;di
kyk;kayak
nenek2;nenek-nenek
in;ini
kellen;kalian
y;ya
beneran;benaran
mbk;mbak
kyk;kayak
sm;sama
nyerocos;mencerocos
aje;saja
ibuk2;ibu-ibu
gak;tidak
ngomenin;mengomentari
iseng2;iseng-iseng
aja;saja
tp;tapi
gk;tidak
nyangka;menyangka
makasih;terima kasih
yaaa;ya
ga;tidak
udah;sudah
niyyyyhhhh;nih
yg;yang
besarin;membesarkan
yg;yang
yg;yang
yg;yang
cantik2;cantik-cantik
mlah;malah
kek;kayak
gak;tidak
sexi2;seksi-seksi
blh;boleh
pkai;pakai
blik;balik
kk;kakak
cb;coba
kenape;kenapa
yg;yang
kkak;kakak
syg;sayang
jgn;jangan
ladenin;meladeni
org;orang
yg;yang
bkin;bikin
kkak;kakak
jdi;jadi
skit;sakit
hat;hati
kkak;kakak
syg;sayang
kkak;kakak
bnyak;banyak
kkak;kakak
jilbabnye;jilbabnya
kk;kakak
ledkin;meledeki
tpi;tapi
yah;ya
digabtikan;digantikan
yg;yang
skrg;sekarang
jng;jangan
ngumung;mengomong
dikemanain;dikemanakan
ilang-in;hilangkan
udh;sudah
bener;benar
pake;pakai
dri;dari
pda;pada
ga;tidak
pke;pakai
ny;nya
ga;tidak
ga;tidak
prinadi;pribadi
org;orang
lahh;lah
luh;lu
yep;ya
dri;dari
u;lu
"ngaku""";mengaku-ngaku
aja;saja
helooooo;halo
ngaku;mengaku
aja;saja
gak;tidak
u;lu
loe;lo
emang;memang
yaa;ya
rempong;repot
org;orang
sndiri;sendiri
ud;sudah
bener;benar
aja;saja
masi;masih
aja;saja
palingann;palingan
berjinah;berzina
munaafikk;munafik
urusn;urusan
org;orang
mw;mau
pk;pakai
kaga;kagak
benar2;benar-benar
aja;saja
mba;mbak
gak;tidak
dg;dengan
saudra;saudara
trganggu;terganggu
kk;kakak
bhijab;berhijab
lgi;lagi
rmbut;rambut
km;kamu
dn;dan
yuu;yuk
dlm;dalam
hri;hari
lepasin;melepas
pokonya;pokoknya
lucuuuu;lucu
d;di
smentara;sementara
ka;kak
d;di
aja;saja
d;di
yg;yang
ka;kak
ga;tidak
ka;kak
ka;kak
dengerin;mendengarkan
org;orang
biarin;biarkan
yg;yang
kaka;kakak
d;di
ka;kak
ka;kak
kaka;kakak
yg;yang
kaka;kakak
org;orang
kaka;kakak
pdhl;padahal
waduhhh;waduh
kasian;kasihan
org2;orang-orang
yg;yang
ursan;urusan
org;orang
sudab;sudah
dwsa;dewasa
pnya;punya
agma;agama
ap;apa
yg;yang
jd;jadi
jgn;jangan
rpt2;repot-repot
sbr;sabar
aja;saja
y;ya
ngaji;mengaji
yg;yang
yg;yang
nmr;nomor
yg;yang
romantiz;romantis
ituu;itu
tdk;tidak
murmer;murah meriah
pensaran;penasaran
dapet;dapat
aja;saja
kepoin;kepoi
baru2;baru-baru
tlp;telepon
bosaan;bosan
udah;sudah
pake;pakai
gak;tidak
yuukk;yuk
kitaaa;kita
ga;tidak
konsul;konsultasi
gak;tidak
yok;yuk
lainnyaa;lainnya
jt;juta
perbulannn;perbulan
penyebab2;penyebab-penyebab
ko;kok
lg;lagi
mba;mbak
tp;tapi
nyupir;menyopir
ko;kok
blm;belum
tdk;tidak
yukk;yuk
dn;dan
cpt;cepat
steess;stres
"gara""";gara-gara
jngan;jangan
kwatir;kawatir
tengah2;tengah-tengah
duetin;duet
dongg;dong
kyk;kayak
duetin;duet
dongg;dong
mudaa;muda
sm;sama
ajah;saja
dapetin;mendapati
tdk;tidak
nyari;mencari
ga;tidak
gini;begini
bgt;banget
sebenernya;sebenarnya
mrka;mereka
skrg;sekarang
dgn;dengan
skrg;sekarang
silsturahmi;silaturahmi
jg;juga
tdk;tidak
yg;yang
dgn;dengan
ank2nya;anak-anaknya
tdk;tidak
ank;anak
yg;yang
yg;yang
tdk;tidak
yg;yang
sdh;sudah
sgt;sangat
mrka;mereka
dgn;dengan
ank2nya;anak-anaknya
tdk;tidak
dijkt;dijakarta
tdk;tidak
may;mau
tdk;tidak
bs;bisa
sebenernya;sebenarnya
cums;cuma
yg;yang
bs;bisa
jg;juga
bs;bisa
dgn;dengan
undangan2;undangan-undangan
jd;jadi
bener2;benar-benar
dgn;dengan
bgt;banget
dlm;dalam
past;pasti
sgt;sangat
kgn;kangen
wktunya;waktunya
dr;dari
anknya;anaknya
krn;karena
tdk;tidak
krn;karena
blg;bilang
byk;banyak
yg;yang
tp;tapi
wktunya;waktunya
yg;yang
blm;belum
sebenernya;sebenarnya
klo;kalau
krn;karena
jd;jadi
kluarga;keluarga
ayukk;yuk
gk;tidak
ngucapin;mengucapkan
kaka;kakak
yg;yang
bru;baru
udah;sudah
nntn;menonton
bgus;bagus
bgt;banget
filmny;filmnya
dapet;dapat
nari;menari
sampe;sampai
nangis;menangis
liat;lihat
udah;sudah
nonton;menonton
sukak;suka
pengen;pengin
nonton;menonton
kl;kalau
yg;yang
blm;belum
ntn;menonton
uda;sudah
nonton;menonton
ntn;menonton
blm;belum
ntn;menonton
nobar;menonton bareng
udah;sudah
kemariin;kemarin
yaaaa;ya
makasih;terima kasih
liat;lihat
d;di
lagiiii;lagi
knpp;kenapa
udh;sudah
ga;tidak
ad;ada
lggi;lagi
lma;lama
gaprgi;tidak pergi
nnton;menonton
aaahh;ah
lagii;lagi
klau;kalau
d;di
makasih;terima kasih
yaa;ya
ga;tidak
yaa;ya
makasih;terima kasih
yaaa;ya
iyaaa;iya
yaa;ya
ndak;indak
pa2;apa-apa
maen;main
tgl;tanggal
dtunggu;ditunggu
ngga;tidak
bkin;bikin
baper;bawa perasaan
masa2;masa-masa
thn;tahun
gak;tidak
kepikir;terpikir
gak;tidak
nonton;menonton
liat;lihat
bgt;banget
aja;saja
liat;lihat
liat;lihat
ad;ada
tp;tapi
seruuu;seru
kaka;kakak
bgt;banget
lucuuuu;lucu
bgt;banget
nonton;menonton
bgt;banget
bagusss;bagus
bgt;banget
sampe;sampai
nonton;menonton
kek;kayak
jg;juga
bgs;bagus
thn;tahun
udh;sudah
ade;adek
emeshh;gemas
th;tahun
kaya;kayak
udah;sudah
astagaaaaaa;astaga
thn;tahun
ka;kak
kaka;kakak
pacarn;pacaran
bgni;begini
ktg;kita
th;tahun
aja;saja
pacaranya;pacarannya
udah;sudah
bgt;banget
mbaak;mbak
gitu;begitu
ka;kak
kka;kakak
ngalah;mengalah
de;dek
klo;kalau
yg;yang
udh;sudah
th;tahun
kek;kayak
gini;begini
bru;baru
ngucapin;mengucapkan
pacarane;pacarannya
rusakkk;rusak
udah;sudah
th;tahun
ehh;eh
yaaampunnn;ya ampun
th;tahun
th;tahun
gini;begini
ga;tidak
aja;saja
kaga;kagak
inii;ini
taun;tahun
yg;yang
thn;tahun
tuwek;tua
mukae;mukanya
ultahe;ultahnya
yaaa;ya
bgtt;banget
thn;tahun
tp;tapi
udh;sudah
udh;sudah
mlh;malah
kliatanya;kelihatannya
thn;tahun
apaa;apa
udh;sudah
ky;kaya
q;aku
liat;lihat
bingiit;banget
pcaranya;pacarannya
udah;sudah
kyk;kayak
taon;tahun
uda;sudah
bermaksut;bermaksud
tp;tapi
karna;karena
emang;memang
tampialannya;tampilannya
nikaah;nikah
aja;saja
thn;tahun
udh;sudah
"anak""";anak-anak
lha;lah
kek;kayak
gini;begini
pankapan;kapan-kapan
gpp;tidak apa-apa
keliatan;kelihatan
pake;pakai
kl;kalau
yg;yang
ngumbar;mengumbar
dhpusin;dihapuskan
smua;semua
tteh;teteh
bsa;bisa
istiqomah;istikamah
aamiin;amin
wihh;wih
gak;tidak
nyangka;menyangka
bangett;banget
ga;tidak
nyesel;menyesal
dehh;deh
cepet;cepat
yg;yang
ga;tidak
aja;saja
semangaatt;semangat
mudah2;mudah-mudah
dlm;dalam
liat;lihat
udah;sudah
mnutup;menutup
yg;yang
rb;ribu
dgn;dengan
msh;masih
yg;yang
blm;belum
apus;hapus
gak;tidak
aja;saja
hub;hubungi
saranin;menyarankan
pake;pakai
naek;naik
ka;kak
pake;pakai
ka;kak
tehh;teh
lbih;lebih
pake;pakai
hijabb;hijab
dapet;dapat
ttp;tetap
yaa;ya
mksh;terima kasih
udh;sudah
nyaranin;menyarankan
pake;pakai
dr;dari
skrng;sekarang
ja;saja
mksh;terima kasih
ka;kak
yah;ya
udah;sudah
saranin;menyarankan
udah;sudah
makasih;terima kasih
yah;ya
ka;kak
ka;kak
bngatt;banget
kaaa;kak
pake;pakai
liat;lihat
fto;foto
kk;kakak
trus;terus
dii;di
yah;ya
kk;kakak
ooh;oh
fto;foto
yg;yang
g;tidak
pke;pakai
d;di
hapusin;hapuskan
y;ya
lohhh;loh
syg;sayang
skali;sekali
kaka;kakak
ngeuh;engah
klo;kalau
th;tahun
yaah;ya
nnti;nanti
d;di
yg;yang
ka;kak
smoga;semoga
yaa;ya
mbaa;mbak
sneng;senang
liat;lihat
kyk;kayak
mbaa;mbak
mutusin;memutuskan
bwt;buat
lbh;lebih
lg;lagi
ngapus;menghapus
fto2;foto-foto
sblm;sebelum
awl;awal
dr;dari
mmg;memang
hrus;harus
trs;terus
sll;selalu
d;di
smoga;semoga
d;di
d;di
trus;terus
bngkit;bangkit
mncoba;mencoba
lbh;lebih
smoga;semoga
ttp;tetap
skli;sekali
lg;lagi
bingit;banget
dapetin;mendapati
dri;dari
slmt;selamat
smoga;semoga
mmg;memang
tdk;tidak
tpi;tapi
yg;yang
org;orang
waww;wow
mantapp;mantap
pake;pakai
gituan;begituan
cobaaa;coba
gak;tidak
nyesel;menyesal
ga;tidak
cobaa;coba
aja;saja
buktiin;membuktikan
ga;tidak
ngebuktiin;membuktikan
wahhh;wah
mba;mbak
mutuain;memutuskan
udh;sudah
smw;semua
foto2;foto-foto
yg;yang
blm;belum
pake;pakai
ttp;tetap
mba;mbak
geuliiiiiiis;geulis
euyyyyy;euy
dlm;dalam
ntar;entar
ga;tidak
gini;begini
engga;tidak
widihh;idih
bingit;banget
iyaa;iya
kerenn;keren
kek;kayak
gitu;begitu
uuh;uh
pengen;pengin
dr;dari
td;tadi
ngomongin;mengomongkan
kek;kayak
gini;begini
ngakak;mengakak
udah;sudah
kek;kayak
tp;tapi
emg;memang
ngirim;mengirim
ngidam;mengidam
waah;wah
sampis;sampah habis
emang;memang
gt;begitu
maapin;maaf
yak;ya
ngebala;bala
mampuussss;mampus
bgt;banget
diihhhh;dih
bgt;banget
hrusnya;harusnya
sabal;sabar
udahlah;sudahlah
kauuuu;kau
gini;begini
pengen;pengin
yg;yang
kya;kaya
gini;begini
teruss;terus
trus;terus
uhhh;uh
km;kamu
sabaro;sabar
yaa;ya
bangettt;banget
eehhh;eh
gni;begini
nyadar;menyadar
nyadar;menyadar
yg;yang
lucuuuuu;lucu
liat;lihat
bangett;banget
iiii;ih
kreative;kreatif
bangrt;banget
liat;lihat
azekkkk;asik
pinter;pintar
bngettt;banget
pinter;pintar
ga;tidak
kuaaatt;kuat
bhet;banget
bhs;bahasa
inggrisny;inggrisnya
bgt;banget
ni;ini
bangeeet;banget
bngt;banget
dgn;dengan
yg;yang
slm;salam
tmn2;teman-teman
dsna;disana
iyaap;iya
mksih;terima kasih
orang2;orang-orang
mnjadi;menjadi
nga;tidak
canyk;cantik
"bner""";benar-benar
bgt;banget
udah;sudah
poko;pokok
prodac;produk
yg;yang
ga;tidak
bkal;bakal
nyesell;menyesal
dehh;deh
poko;pokok
bbrp;beberapa
yg;yang
blg;bilang
gt;begitu
ciyusss;serius
de;deh
gw;gue
liat;lihat
yg;yang
lw;lu
kmaren;kemarin
ka;kak
ni;ini
kek;kayak
cyin;cinta
bgt;banget
yaa;ya
cantikkk;cantik
bangetttttttt;banget
sexi;seksi
bundaaaa;bunda
cantinya;cantiknya
gx;tidak
kyk;kayak
kyk;kayak
cantikkkk;cantik
woww;wow
bangett;banget
ja;saja
pake;pakai
bangget;banget
baget;banget
pingin;pengin
bettt;banget
kyknya;kayaknya
subhanalloh;subhanallah
cantiiillx;cantik
bundaaaa;bunda
tetep;tetap
mudaa;muda
brapa;berapa
sihh;sih
bgt;banget
bangetttt;banget
cantikkk;cantik
bgttt;banget
alaami;alami
sabaarrr;sabar
cantiiiikk;cantik
bangeeeeetttt;banget
ciee;cie
tp;tapi
ttp;tetap
kyk;kayak
yg;yang
inii;ini
cannntikk;cantik
banggett;banget
yaa;ya
nyaaa;nya
cakepp;cakep
bgt;banget
thnan;tahunan
tpi;tapi
cuantik;cantik
bgt;banget
msh;masih
seger;segar
ky;kaya
cantikkkkkk;cantik
bangetttt;banget
segerr;segar
bangett;banget
wouww;wow
bgt;banget
cantiiikkk;cantik
bgt;banget
knp;kenapa
udh;sudah
aja;saja
gak;tidak
kya;kaya
njir;anjir
ngikutin;mengikuti
pen;pengin
gw;gue
catokin;catok
gak;tidak
catokin;catok
catokin;catok
udah;sudah
sm;sama
lg;lagi
ikut2an;ikut-ikutan
kya;kaya
jg;juga
dr;dari
jg;juga
yuukk;yuk
promil;program hamil
aminn;amin
ksh;kasih
sll;selalu
jg;juga
utk;untuk
comment2nya;komentar-komentarnya
jg;juga
teman2;teman-teman
aja;saja
yg;yang
tiba2;tiba-tiba
"benar""";benar-benar
aamiin;amin
ak;aku
yukk;yuk
lohhh;loh
besar2an;besar-besaran
aja;saja
tp;tapi
klo;kalau
gak;tidak
yaaaa;ya
seneng;senang
pedes;pedas
seneng;senang
udah;sudah
rb;ribu
yaaa;ya
pengen;pengin
emang;memang
slalu;selalu
tdk;tidak
knsul;konsultasi
dg;dengan
dn;dan
dg;dengan
yg;yang
sdh;sudah
brhasil;berhasil
dlm;dalam
wktu;waktu
konsul;konsultasi
gratisss;gratis
ga;tidak
nyesel;menyesal
pake;pakai
kaka;kakak
hilangin;menghilangkan
bener2;benar-benar
yg;yang
pake;pakai
artis2;artis-artis
smoga;semoga
aja;saja
Jd nanti kamu transfer uang ke sy 200rb; itu kamu udah dpt kontak agen dgn paket lengkap bgt. Ada pin konveksi (kontak bbm agen)
"Buruan join skarang?""";zeroisasi
dipake;dipakai
Jd nanti kamu transfer uang ke sy 200rb; itu kamu udah dpt kontak agen dgn paket lengkap bgt. Ada pin konveksi (kontak bbm agen)
"Buruan join skarang?""";monoftongisasi
org2;orang-orang
Jd nanti kamu transfer uang ke sy 200rb; itu kamu udah dpt kontak agen dgn paket lengkap bgt. Ada pin konveksi (kontak bbm agen)
"Buruan join skarang?""";abreviasi
yg;yang
Jd nanti kamu transfer uang ke sy 200rb; itu kamu udah dpt kontak agen dgn paket lengkap bgt. Ada pin konveksi (kontak bbm agen)
"Buruan join skarang?""";abreviasi
yg;yang
Jd nanti kamu transfer uang ke sy 200rb; itu kamu udah dpt kontak agen dgn paket lengkap bgt. Ada pin konveksi (kontak bbm agen)
"Buruan join skarang?""";abreviasi
cm;cuma
Jd nanti kamu transfer uang ke sy 200rb; itu kamu udah dpt kontak agen dgn paket lengkap bgt. Ada pin konveksi (kontak bbm agen)
"Buruan join skarang?""";abreviasi
kontak2;kontak-kontak
Jd nanti kamu transfer uang ke sy 200rb; itu kamu udah dpt kontak agen dgn paket lengkap bgt. Ada pin konveksi (kontak bbm agen)
"Buruan join skarang?""";reduplikasi
utk;untuk
Jd nanti kamu transfer uang ke sy 200rb; itu kamu udah dpt kontak agen dgn paket lengkap bgt. Ada pin konveksi (kontak bbm agen)
"Buruan join skarang?""";abreviasi
dijadiin;dijadikan
Jd nanti kamu transfer uang ke sy 200rb; itu kamu udah dpt kontak agen dgn paket lengkap bgt. Ada pin konveksi (kontak bbm agen)
"Buruan join skarang?""";afiksasi
aja;saja
Jd nanti kamu transfer uang ke sy 200rb; itu kamu udah dpt kontak agen dgn paket lengkap bgt. Ada pin konveksi (kontak bbm agen)
"Buruan join skarang?""";zeroisasi
yg;yang
Jd nanti kamu transfer uang ke sy 200rb; itu kamu udah dpt kontak agen dgn paket lengkap bgt. Ada pin konveksi (kontak bbm agen)
"Buruan join skarang?""";abreviasi
dgn;dengan
Jd nanti kamu transfer uang ke sy 200rb; itu kamu udah dpt kontak agen dgn paket lengkap bgt. Ada pin konveksi (kontak bbm agen)
"Buruan join skarang?""";abreviasi
dpt;dapat
Jd nanti kamu transfer uang ke sy 200rb; itu kamu udah dpt kontak agen dgn paket lengkap bgt. Ada pin konveksi (kontak bbm agen)
"Buruan join skarang?""";afiksasi
org;orang
Jd nanti kamu transfer uang ke sy 200rb; itu kamu udah dpt kontak agen dgn paket lengkap bgt. Ada pin konveksi (kontak bbm agen)
"Buruan join skarang?""";abreviasi
yg;yang
Jd nanti kamu transfer uang ke sy 200rb; itu kamu udah dpt kontak agen dgn paket lengkap bgt. Ada pin konveksi (kontak bbm agen)
"Buruan join skarang?""";abreviasi
tp;tapi
Jd nanti kamu transfer uang ke sy 200rb; itu kamu udah dpt kontak agen dgn paket lengkap bgt. Ada pin konveksi (kontak bbm agen)
"Buruan join skarang?""";abreviasi
dptnya;dapatnya
Jd nanti kamu transfer uang ke sy 200rb; itu kamu udah dpt kontak agen dgn paket lengkap bgt. Ada pin konveksi (kontak bbm agen)
"Buruan join skarang?""";abreviasi
bs;bisa
Jd nanti kamu transfer uang ke sy 200rb; itu kamu udah dpt kontak agen dgn paket lengkap bgt. Ada pin konveksi (kontak bbm agen)
"Buruan join skarang?""";abreviasi
dpt;dapat
Jd nanti kamu transfer uang ke sy 200rb; itu kamu udah dpt kontak agen dgn paket lengkap bgt. Ada pin konveksi (kontak bbm agen)
"Buruan join skarang?""";afiksasi
jd;jadi
Jd nanti kamu transfer uang ke sy 200rb; itu kamu udah dpt kontak agen dgn paket lengkap bgt. Ada pin konveksi (kontak bbm agen)
"Buruan join skarang?""";abreviasi
bs;bisa
Jd nanti kamu transfer uang ke sy 200rb; itu kamu udah dpt kontak agen dgn paket lengkap bgt. Ada pin konveksi (kontak bbm agen)
"Buruan join skarang?""";abreviasi
dpt;dapat
Jd nanti kamu transfer uang ke sy 200rb; itu kamu udah dpt kontak agen dgn paket lengkap bgt. Ada pin konveksi (kontak bbm agen)
"Buruan join skarang?""";afiksasi
gimana;bagaimana
Jd nanti kamu transfer uang ke sy 200rb; itu kamu udah dpt kontak agen dgn paket lengkap bgt. Ada pin konveksi (kontak bbm agen)
"Buruan join skarang?""";abreviasi
jd;jadi
Jd nanti kamu transfer uang ke sy 200rb; itu kamu udah dpt kontak agen dgn paket lengkap bgt. Ada pin konveksi (kontak bbm agen)
"Buruan join skarang?""";abreviasi
sy;saya
Jd nanti kamu transfer uang ke sy 200rb; itu kamu udah dpt kontak agen dgn paket lengkap bgt. Ada pin konveksi (kontak bbm agen)
"Buruan join skarang?""";abreviasi
rb;ribu
Jd nanti kamu transfer uang ke sy 200rb; itu kamu udah dpt kontak agen dgn paket lengkap bgt. Ada pin konveksi (kontak bbm agen)
"Buruan join skarang?""";abreviasi
udah;sudah
Jd nanti kamu transfer uang ke sy 200rb; itu kamu udah dpt kontak agen dgn paket lengkap bgt. Ada pin konveksi (kontak bbm agen)
"Buruan join skarang?""";zeroisasi
dpt;dapat
Jd nanti kamu transfer uang ke sy 200rb; itu kamu udah dpt kontak agen dgn paket lengkap bgt. Ada pin konveksi (kontak bbm agen)
"Buruan join skarang?""";afiksasi
dgn;dengan
Jd nanti kamu transfer uang ke sy 200rb; itu kamu udah dpt kontak agen dgn paket lengkap bgt. Ada pin konveksi (kontak bbm agen)
"Buruan join skarang?""";abreviasi
bgt;banget
Jd nanti kamu transfer uang ke sy 200rb; itu kamu udah dpt kontak agen dgn paket lengkap bgt. Ada pin konveksi (kontak bbm agen)
"Buruan join skarang?""";abreviasi
yg;yang
Jd nanti kamu transfer uang ke sy 200rb; itu kamu udah dpt kontak agen dgn paket lengkap bgt. Ada pin konveksi (kontak bbm agen)
"Buruan join skarang?""";abreviasi
bs;bisa
Jd nanti kamu transfer uang ke sy 200rb; itu kamu udah dpt kontak agen dgn paket lengkap bgt. Ada pin konveksi (kontak bbm agen)
"Buruan join skarang?""";abreviasi
bkin;bikin
Jd nanti kamu transfer uang ke sy 200rb; itu kamu udah dpt kontak agen dgn paket lengkap bgt. Ada pin konveksi (kontak bbm agen)
"Buruan join skarang?""";abreviasi
applikasi;aplikasi
Jd nanti kamu transfer uang ke sy 200rb; itu kamu udah dpt kontak agen dgn paket lengkap bgt. Ada pin konveksi (kontak bbm agen)
"Buruan join skarang?""";elongasi
udah;sudah
Jd nanti kamu transfer uang ke sy 200rb; itu kamu udah dpt kontak agen dgn paket lengkap bgt. Ada pin konveksi (kontak bbm agen)
"Buruan join skarang?""";zeroisasi
dgn;dengan
Jd nanti kamu transfer uang ke sy 200rb; itu kamu udah dpt kontak agen dgn paket lengkap bgt. Ada pin konveksi (kontak bbm agen)
"Buruan join skarang?""";abreviasi
jg;juga
Jd nanti kamu transfer uang ke sy 200rb; itu kamu udah dpt kontak agen dgn paket lengkap bgt. Ada pin konveksi (kontak bbm agen)
"Buruan join skarang?""";abreviasi
jd;jadi
Jd nanti kamu transfer uang ke sy 200rb; itu kamu udah dpt kontak agen dgn paket lengkap bgt. Ada pin konveksi (kontak bbm agen)
"Buruan join skarang?""";abreviasi
aja;saja
Jd nanti kamu transfer uang ke sy 200rb; itu kamu udah dpt kontak agen dgn paket lengkap bgt. Ada pin konveksi (kontak bbm agen)
"Buruan join skarang?""";zeroisasi
mba;mbak
Jd nanti kamu transfer uang ke sy 200rb; itu kamu udah dpt kontak agen dgn paket lengkap bgt. Ada pin konveksi (kontak bbm agen)
"Buruan join skarang?""";zeroisasi
skarang;sekarang
Jd nanti kamu transfer uang ke sy 200rb; itu kamu udah dpt kontak agen dgn paket lengkap bgt. Ada pin konveksi (kontak bbm agen)
"Buruan join skarang?""";zeroisasi
sampe;sampai
pingin;pengin
gak;tidak
kereeeeen;keren
bngeet;banget
gemesinnnnn;menggemaskan
bner;benar
bner;benar
bnget;banget
udah;sudah
prodaknya;produknya
poko;pokok
prodak;produk
yg;yang
ga;tidak
bkal;bakal
nyesell;menyesal
dehh;deh
poko;pokok
yg;yang
yg;yang
dapet;dapat
dgn;dengan
ongkiir;ongkir
thn;tahun
Pin: D13C5990 / Wa: 089682981123 ? produknya aman banget ? ga ada efek samping dan ketergantungan? ;"  Udah dapat sertifikat ? BPOM dan ? Halal MUI juga (y)"""
thn;tahun
Pin: D13C5990 / Wa: 089682981123 ? produknya aman banget ? ga ada efek samping dan ketergantungan? ;"  Udah dapat sertifikat ? BPOM dan ? Halal MUI juga (y)"""
thn;tahun
Pin: D13C5990 / Wa: 089682981123 ? produknya aman banget ? ga ada efek samping dan ketergantungan? ;"  Udah dapat sertifikat ? BPOM dan ? Halal MUI juga (y)"""
thn;tahun
Pin: D13C5990 / Wa: 089682981123 ? produknya aman banget ? ga ada efek samping dan ketergantungan? ;"  Udah dapat sertifikat ? BPOM dan ? Halal MUI juga (y)"""
utk;untuk
Pin: D13C5990 / Wa: 089682981123 ? produknya aman banget ? ga ada efek samping dan ketergantungan? ;"  Udah dapat sertifikat ? BPOM dan ? Halal MUI juga (y)"""
ga;tidak
Pin: D13C5990 / Wa: 089682981123 ? produknya aman banget ? ga ada efek samping dan ketergantungan? ;"  Udah dapat sertifikat ? BPOM dan ? Halal MUI juga (y)"""
bgt;banget
ajaibbbbb;ajaib
saayyyyy;say
besarin;membesarkan
aja;saja
pake;pakai
belanjaa;belanja
disiniii;disini
lohhhh;loh
yg;yang
trims;terima kasih
utk;untuk
gak;tidak
aja;saja
ga;tidak
dn;dan
ganteung;ganteng
mba;mbak
pengen;pengin
pake;pakai
ga;tidak
nyesel;menyesal
ngerasa;merasa
ga;tidak
pede;percaya diri
bhgia;bahagia
iiiiiiiiii;ih
lucuukk;lucu
bgt;banget
keciil;kecil
yakinn;yakin
pentass;pentas
ngarep;mengharap
kepoin;kepo
lucu2;lucu-lucu
ngelahirin;melahirkan
gak;tidak
paksain;memaksa
biasaa;biasa
makasih;terima kasih
ngelahirin;melahirkan
gak;tidak
paksain;memaksa
biasaa;biasa
makasih;terima kasih
pengen;pengin
besarin;membesarkan
hub;hubungi
aja;saja
dgn;dengan
yg;yang
pengen;pengin
makasih;terima kasih
udah;sudah
rekomendasiin;merekomendasikan
bener;benar
pake;pakai
ga;tidak
makasih;terima kasih
ka;kak
ka;kak
makasih;terima kasih
udah;sudah
rekomendasiin;merekomendasikan
bener;benar
ka;kak
ga;tidak
makasih;terima kasih
q;ku
kk;kakak
bosaan;bosan
udah;sudah
pake;pakai
gak;tidak
yuukk;yuk
kitaaa;kita
knp;kenapa
yoo;ya
ak;aku
murmer;murah meriah
bgt;banget
hy;hai
teman2;teman-teman
pake;pakai
aja;saja
testinya;testimoninya
yaa;ya
yg;yang
lbh;lebih
jd;jadi
mengirusi;mengurusi
khdpn;kehidupan
yg;yang
keliatan;kelihatan
bgt;banget
gk;tidak
ngalah;mengalah
ngelawan;melawan
sm;sama
betuuuuulllllllllllllllll;betul
yg;yang
banyak2;banyak-banyak
mba;mbak
bisax;bisanya
cmn;cuman
nyerocos;mencerocos
aja;saja
emang;memang
uda;sudah
bener;benar
ngapain;mengapai
klo;kalau
cmn;cuman
mw;mau
ngatain;mengatai
yg;yang
sebenernya;sebenarnya
yg;yang
ga;tidak
tp;tapi
dgn;dengan
klmbutan;kelembutan
jgn;jangan
gw;gue
pgn;pengin
yg;yang
dlu;dulu
aja;saja
uda;sudah
seburuk2;seburuk-buruk
psti;pasti
dy;dia
sperti;seperti
dlu;dulu
dy;dia
ngurusin;mengurusi
nda;indak
ngurusin;mengurusi
sampe;sampai
msh;masih
diingetin;diingatkan
ntar;entar
udah;sudah
yg;yang
ngingetin;mengingatkan
ngeriiiiii;ngeri
ma;sama
nich;nih
ngingetin;mengingatkan
akhlah;akhlak
aja;saja
klo;kalau
org;orang
yg;yang
blg;bilang
ngapain;mengapai
ngurusin;mengurusi
org;orang
ntar;entar
elo2;lo-lo
yg;yang
mandiin;memandikan
yg;yang
nguburin;menguburkan
emg;memang
ngurus;mengurus
subhannallah;subhanallah
mb;mbak
kl;kalau
yg;yang
gk;tidak
ngebedain;membedakan
ngurusin;mengurusi
mb;mbak
tp;tapi
urusanny;urusannya
aja;saja
krn;karena
lg;lagi
dg;dengan
tuhanny;tuhannya
aja;saja
yg;yang
brtngkar;bertengkar
knp;kenapa
sllu;selalu
hny;hanya
krn;karena
pndapat;pendapat
teman2;teman-teman
yg;yang
sling;saling
mnding;mending
nmbah;menambah
temen;teman
looh;loh
drpd;daripada
nambah;menambah
kata2;kata-kata
emang;memang
lha;lah
sharusnya;seharusnya
jg;juga
sndiri;sendiri
bangeett;banget
mngkannya;mangkanya
klw;kalau
ngelakuin;melakukan
apa2;apa-apa
dlu;dulu
klo;kalau
kmu;kamu
bkn;bukan
scr;secara
gk;tidak
sbg;sebagai
yg;yang
tp;tapi
yg;yang
yg;yang
udah;sudah
ngelakuin;melakukan
udah;sudah
tp;tapi
skrg;sekarang
nyia2in;menyia-nyiakan
yg;yang
gini;begini
yg;yang
brarti;berarti
org;orang
yg;yang
gk;tidak
krn;karena
dgn;dengan
mndpat;mendapat
kpuasan;kepuasan
dr;dari
pdahal;padahal
gk;tidak
sgampang;segampang
mlepaskan;melepaskan
ngapain;mengapai
org;orang
diurusin;diurusi
org;orang
ga;tidak
pantes;pantas
indo;indonesia
ga;tidak
bgt;banget
prnh;pernah
dl;dulu
jgn;jangan
trll;terlalu
sk;suka
hdp;hidup
org;orang
hdp;hidup
sndr;sendiri
dl;dulu
sellow;selow
idup;hidup
krn;karena
sbbrnya;sebenarnya
yg;yang
idup;hidup
org;orang
smpe;sampai
bs;bisa
bkn;bukan
komen2;komen-komen
kasar2;kasar-kasar
bgt;banget
qt;kita
lbh;lebih
dr;dari
org;orang
pengen;pengin
rb;ribu
semangattt;semangat
teruss;terus
tp;tapi
dlu;dulu
beneran;benaran
yak;ya
ka;kak
nungguin;menunggu
baper;bawa perasaan
baper;bawa perasaan
baper;bawa perasaan
nnti;nanti
klo;kalau
blm;belum
testi;testimoni
banyaak;banyak
beneran;benaran
bujukk;bujuk
pala;kepala
d.apa;diapa
apain;apai
aj;saja
tetep;tetap
emng;memang
dsar;dasar
y;nya
udh;sudah
dri;dari
dlu;dulu
benetaran;benaran
gaa;tidak
kaka;kakak
bneran;benaran
gmn;bagaimana
si;sih
krenn;keren
abis;habis
kraya;karya
brg;bareng
lg;lagi
donk;dong
ka;kak
lg;lagi
kaka;kakak
udah;sudah
ngebantu;membantu
pake;pakai
yg;yang
kaka;kakak
kenalin;kenalkan
makasih;terima kasih
beneran;benaran
knp;kenapa
g;tidak
d;di
janjutin;lanjutkan
kaa;kak
yukk;yuk
kepppoin;kepoi
dehh;deh
tp;tapi
ttp;tetap
nnti;nanti
makasih;terima kasih
recommendasi;rekomendasi
prodak;produk
gak;tidak
pake;pakai
btulan;betulan
kha;kah
nggak;tidak
jd;jadi
rmbut;rambut
s;si
g;tidak
pjg;panjang
mna;mana
s;sih
tutupin;menutupi
"gara""";gara-gara
ga;tidak
pake;pakai
pake;pakai
wik;wig
beneran;benaran
kaka;kakak
ithu;itu
ttap;tetap
yukk;yuk
udh;sudah
artis2;artis-artis
knp;kenapa
botakin;botaki
yah;ya
ny;nya
botakkkk;botak
gitu;begitu
botakin;botaki
k;kak
gk;tidak
kk;kakak
kk;kakak
bnrn;benaran
skrg;sekarang
pake;pakai
week;wig
yukk;yuk
kerennn;keren
yg;yang
gawul;gaul
modes;modis
kitaa;kita
klian;kalian
brayyy;bray
yg;yang
kcantikan;kecantikan
klian;kalian
brayyy;bray
jalan2;jalan-jalan
mauuu;mau
donk;dong
bronis;brondong manis
rb;ribu
gapunya;tidak punya
jt;juta
nambah;menambah
bkln;bakalan
pingin;pengin
udah;sudah
kecantikanga;kecantikannya
loooh;loh
barang2;barang-barang
gk;tidak
hiii;hai
piiiilih;pilih
aja;saja
pokonya;pokoknya
deeh;deh
aja;saja
anak2;anak-anak
yaaaa;ya
zama;zaman
kn;kan
udh;sudah
gnti;ganti
yg;yang
bru;baru
nmnya;namanya
tapo;tapi
kuy;yuk
gkk;tidak
lg;lagi
petinggi2;petinggi-petinggi
slalu;selalu
wota2;wota-wota
yg;yang
yg;yang
yg;yang
knpa;kenapa
indefendet;independen
gak;tidak
tempat2;tempat-tempat
yg;yang
kyk;kayak
taik;tahi
yg;yang
slalu;selalu
anak2;anak-anak
bkn;bukan
yuuuukkk;yuk
bener;benar
lg;lagi
dituutup;ditutup
silahkan;silakan
gak;tidak
gak;tidak
mbaa;mbak
ngayal;mengkhayal
trlalu;terlalu
ngayal;mengkhayal
aja;saja
smvk;sempak
liat;lihat
aja;saja
bkal;bakal
jd;jadi
knyataan;kenyataan
amiinn;amin
njrittt;anjir
aja;saja
yah;ya
aminnn;amin
selmt;selamat
taz;atas
klhran;kelahiran
ank;anak
pertma;pertama
kk;kakak
ats;atas
kelahuran;kelahiran
ank;anak
pertamany;pertamanya
slmt;selamat
k;kak
k;kak
mamax;mamanya
iyah;iya
ankx;anaknya
cantip;cantik
lucuuuuu;lucu
donk;dong
yg;yang
donk;dong
yg;yang
ortu;orang tua
amiiiin;amin
lucuuu;lucu
lucuuuu;lucu
ihh;ih
la;lah
skli;sekali
kluarga;keluarga
kpn;kapan
ak;aku
pnya;punya
yg;yang
iyha;iya
dedek;adek
yg;yang
cantikkk;cantik
y;ya
kk;kakak
mb;mbak
ats;atas
klahiran;kelahiran
slmat;selamat
aamiin;amin
slamat;selamat
jdi;jadi
ortu;orang tua
kk;kakak
smoga;semoga
jdi;jadi
ank;anak
mmbanggakan;membanggakan
ortuny;orang tuanya
aamiin;amin
lucuuu;lucu
bngtt;banget
selmat;selamat
ae;saja
mnjdi;menjadi
bnda;bunda
k;kak
ma;sama
trus;terus
nyah;nya
aamiin;amin
bgt;banget
prtamax;pertamanya
kk;kakak
moqa;moga
jdi;jadi
yq;yang
brbakti;berbakti
yaaa;ya
gewlaaaaa;gila
ea;ya
kk;kakak
kk;kakak
ny;nya
yg;yang
sm;sama
lg;lagi
yg;yang
skrg;sekarang
"sama""";sama-sama
basodaraa;bersaudara
yg;yang
gamau;tidak mau
sm;sama
dr;dari
ori;orisinal
hargs;harga
perhatiin;perhatikan
abal2;abal-abal
kasian;kasihan
bgt;banget
bantuim;bantu
maen;main
adl;adalah
pelwak;pelawak
pake;pakai
karna;karena
pgn;pengin
kenceng;kencang
ga;tidak
tp;tapi
temen;teman
nyaranin;menyarankan
emang;memang
pake;pakai
udah;sudah
keliatan;kelihatan
saranin;menyarankan
km;kamu
hub;hubungi
ngasih;mengasih
ayoo;ayo
aamiiin;amin
suces;sukses
slalu;selalu
y;ya
yg;yang
jgn;jangan
km;kamu
sucses;sukses
ga;tidak
ga;tidak
garemin;garami
trus;terus
gapake;tidak pakai
ayoo;ayo
hubunggi;hubungi
gak;tidak
ngiringan;mengiringi
q;ku
gk;tidak
maluuu;malu
udah;sudah
gk;tidak
makasih;terima kasih
kaka;kakak
klo;kalau
karir.a;karirnya
iyaa;iya
aamin;amin
teruz;terus
yg;yang
udh;sudah
dpt;dapat
atw;atau
atw;atau
kaka;kakak
kemarn;kemarin
cobain;mencoba
udah;sudah
pake;pakai
ga;tidak
emang;memang
pake;pakai
udah;sudah
dapet;dapat
bgt;banget
makasih;terima kasih
kaka;kakak
recomendasinya;rekomendasinya
promoo;promo
ongkirr;ongkir
ga;tidak
yaa;ya
makasih;terima kasih
udah;sudah
kenalin;mengenalkan
pake;pakai
makasih;terima kasih
jd;jadi
gak;tidak
gk;tidak
dri;dari
mskasih;terima kasih
kaka;kakak
kaka;kakak
yg;yang
dlm;dalam
yg;yang
wowwwww;wow
kaka;kakak
kemarn;kemarin
cobain;mencoba
udah;sudah
pake;pakai
ga;tidak
emang;memang
pake;pakai
udah;sudah
dapet;dapat
kaka;kakak
bgt;banget
makasih;terima kasih
kaka;kakak
recomendasinya;rekomendasinya
seeeemua;semua
bener;benar
bener;benar
yg;yang
dipake;dipakai
skrng;sekarang
gak;tidak
pake;pakai
jd;jadi
dri;dari
yg;yang
rekomendasiin;rekomendasikan
mksh;terima kasih
makasih;terima kasih
nyaranin;menyarani
bener;benar
bener;benar
makasih;terima kasih
udh;sudah
kenalin;mengenalkan
jd;jadi
gak;tidak
dlm;dalam
jd;jadi
pede;percaya diri
skrng;sekarang
makasih;terima kasih
wowwww;wow
kaka;kakak
kemarn;kemarin
udah;sudah
pake;pakai
ga;tidak
emang;memang
pake;pakai
udah;sudah
dapet;dapat
kaka;kakak
bgt;banget
makasih;terima kasih
kaka;kakak
recomendasinya;rekomendasinya
artis2;artis-artis
batesin;batasi
atw;atau
ga;tidak
ilang;hilang
ilang;hilang
bijin;bikin
ga;tidak
pd;percaya diri
yg;yang
yg;yang
ga;tidak
pengen;pengin
gitu;begitu
ngeidealin;mengidealkan
bdn;badan
kmi;kami
bhn;bahan
dlm;dalam
hr;hari
mngkin;mungkin
menghilangkn;menghilangkan
utk;untuk
utk;untuk
lucuuuuu;lucu
bgt;banget
yg;yang
lucu2;lucu-lucu
makasih;terima kasih
udh;sudah
kenalin;mengenalkan
jd;jadi
gak;tidak
ga;tidak
ga;tidak
gasalah;tidak salah
gak;tidak
yg;yang
yg;yang
yg;yang
brsma;bersama
le;boleh
ugha;juga
aja;saja
cogan;cowok ganteng
semuaaa;semua
keknya;kayaknya
mo;mau
dijadiin;dijadikan
ni;nih
yg;yang
kn;kan
heeee;hai
ayoo;ayo
nonton;menonton
blm;belum
dgr;dengar
yg;yang
jd;jadi
udah;sudah
nobar;menonton bareng
dateng;datang
rame2;rame-rame
yam;ya
rame2;rame-rame
tai;tahi
kek;kayak
bkan;bukan
yg;yang
yg;yang
kartunin;kartun
tpi;tapi
jdulnya;judulnya
udah;sudah
pen;pengin
bacaaaa;baca
nonton;menonton
kta;kita
bgus;bagus
kyaknya;kayaknya
leh;boleh
ugha;juga
bgt;banget
km;kamu
aq;aku
gw;gue
abez;habis
nihh;nih
donk;dong
baaaaaang;bang
sy;saya
sy;saya
bgt;banget
sm;sama
kk;kakak
ka;kak
ampunnnnn;ampun
ganteeeeng;ganteng
bgt;banget
entahhh;entah
gimanaaaa;bagaimana
bs;bisa
kesampean;kesampaian
baper;bawa perasaan
pdhl;padahal
udah;sudah
bgt;banget
duuhh;duh
gantengnyaaaa;gantengnya
mrip;mirip
kk;kakak
bgtt;banget
kpn2;kapan-kapan
yah;ya
yg;yang
gini;begini
yg;yang
indo;indonesia
pans;fan
sampe;sampai
kuliyh;kuliah
gini;begini
kk;kakak
gantengg;ganteng
bngett;banget
kakk;kak
kenalin;kenalkan
yah;ya
alm;almarhum
gantengkuuuuuu;gantengku
atassss;atas
y;ya
orgny;orangnya
yha;ya
kaaaaa;kak
aja;saja
owalaah;walah
gt;begitu
bgt;banget
nengok;menengok
awk;awak
nengok;menengok
aslinyo;aslinya
liat;lihat
yg;yang
dr;dari
dlm;dalam
alissnyaa;alisnya
masaaaa;masa
adenya;adeknya
nggak;tidak
aja;saja
komuk;muka
elo;lo
kalahnye;kalahnya
yah;ya
males;malas
udh;sudah
gimana;bagaimana
yah;ya
maapin;maafi
milih;memilih
ngga;tidak
yoo;ya
udah;sudah
tp;tapi
iyaaaa;iya
aja;saja
udh;sudah
kpn;kapan
ga;tidak
liat;lihat
fakultass;fakultas
ngga;tidak
liat;lihat
smrg;semarang
liat;lihat
org;orang
yg;yang
gw;gue
inget;ingat
elu;lu
inget;ingat
aja;saja
aja;saja
serem;seram
g;tidak
unyu2;unyu-unyu
loe;lo
yah;ya
loe;lo
koq;kok
loe;lo
ohh;oh
yg;yang
d;di
blg;bilang
pdahal;padahal
yyaaa;ya
trs;terus
blg;bilang
lagii;lagi
klo;kalau
pdahal;padahal
insonniaaa;insomnia
udah;sudah
klo;kalau
udah;sudah
adekx;adeknya
dri;dari
liat;lihat
nihh;nih
bgtttt;banget
karna;karena
pengen;pengin
aamiin;amin
liat;lihat
azaab;azab
gk;tidak
bosen;bosan
nonton;menonton
km;kamu
jgn;jangan
gini;begini
yah;ya
ngakak;mengakak
gksi;tidak sih
ga;tidak
gw;gue
ga;tidak
gokil;gila
ko;kok
sampe;sampai
gituh;begitu
yah;ya
udh;sudah
ngakak;mengakak
aja;saja
gk;tidak
bosen;bosan
liat;lihat
emang;memang
bener;benar
bgt;banget
skrg;sekarang
aja;saja
ahhh;ah
ga;tidak
greged;greget
alamiii;alami
bgt;banget
emang;memang
pake;pakai
kenceng;kencang
sm;sama
ka;kak
pngen;pengin
bgt;banget
ktemu;ketemu
lngsung;langsung
sm;sama
ka;kak
yuuu;yuk
ga;tidak
d;di
ihh;ih
ditayangin;ditayangkan
lg;lagi
ko;kok
pake;pakai
itungan;hitungan
bgt;banget
gak;tidak
aja;saja
cantikkk;cantik
jd;jadi
"ms""";masa-masa
yg;yang
meranin;memerankan
baper;bawa perasaan
bgt;banget
dlu;dulu
nontonny;menontonnya
kaka;kakak
pake;pakai
gak;tidak
nyesel;menyesal
ka;kak
dlm;dalam
emank;memang
udh;sudah
rekomendasiiin;merekomendasikan
jd;jadi
gak;tidak
lg;lagi
bgt;banget
gemesin;menggemaskan
yg;yang
naksir;menaksir
sista2;sista-sista
agan2;agan-agan
yg;yang
pengen;pengin
ga;tidak
makasih;terima kasih
bikinin;membikin
kk;kakak
kaka;kakak
yaaaa;ya
pake;pakai
sy;saya
jg;juga
pingin;pengin
sm;sama
tpi;tapi
ngg;tidak
cntik;cantik
pake;pakai
nanget;banget
ngeditnya;mengeditnya
himana;bagaimana
ngeditnya;mengeditnya
gimana;bagaimana
waww;wow
kereen;keren
pengen;pengin
kekgini;kayak begini
yah;ya
ga;tidak
bsa;bisa
ngasih;mengasih
apa2;apa-apa
kakk;kak
kakk;kak
smoga;semoga
bgt;banget
subhanaallahh;subhanallah
sangat2;sangat-sangat
bgtt;banget
subhanalloh;subhanallah
terharuuuu;terharu
subhanalloh;subhanallah
kpn;kapan
"kata""";kata-kata
gtu;begitu
subhanallahhh;subhanallah
kpn;kapan
yaaa;ya
tlsn;tulisan
gini;begini
subhanalloh;subhanallah
nagiss;menangis
yaa;ya
kaaa;kak
aneut;banget
trrharu;terharu
skli;sekali
sllu;selalu
subhnallah;subhanallah
yng;yang
yaa;ya
allahh;allah
suamiii;suami
aminnnn;amin
aaahh;ah
dcintai;dicintai
spt;seperti
yaa;ya
smga;semoga
sll;selalu
mnjadi;menjadi
klrga;keluarga
yg;yang
liat'y;lihatnya
bngeet;banget
yaa;ya
alloh;allah
smoga;semoga
bnr2;benar-benar
smg;semoga
klian;kalian
lggeng;langgeng
trs;terus
smga;semoga
samara;sakinah mawadah rahman
romantisny;romatisnya
bgd;banget
duhhh;duh
pcar;pacar
kakanga;kakaknya
kakanya;kakaknya
udah;sudah
makasih;terima kasih
udah;sudah
lyt;lihat
bener;benar
yakk;ya
slw;selow
aja;saja
cpa;siapa
gak;tidak
yg;yang
mna;mana
emng;memang
gak;tidak
akuu;aku
ama;sama
aja;saja
gak;tidak
ngomong;mengomong
aelah;alah
msih;masih
aja;saja
nyari;mencari
idupnya;hidupnya
bner;benar
blom;belum
pakek;pakai
ngatain;mengatai
orabg;orang
ngingetin;mengingatkan
yg;yang
nyari;mencari
kaa;kak
iyha;iya
makasih;terima kasih
yha;ya
mukanyaa;mukanya
kakanya;kakaknya
jwb;jawab
kakakny;kakaknya
maluuu;malu
pnya;punya
indo;indonesia
yg;yang
jgn;jangan
dri;dari
tpi;tapi
bnyak;banyak
yg;yang
yg;yang
yg;yang
tu;itu
pakek;pakai
woooyy;woy
kw;kau
ngelucu;melucu
yoo;ya
bukak;buka
mato;mata
kw;kau
klo;kalau
emang;memang
kw;kau
yo;ya
yg;yang
kyk;kayak
kw;kau
kareno;karena
bnyak;banyak
orng;orang
cino;cina
munafikk;munafik
kw;kau
tu;itu
taik;tahi
tu;itu
yg;yang
bnyak;banyak
yg;yang
laen;lain
meker;mikir
meker;mikir
dak;indak
indoneaia;indonesia
tu;itu
dak;indak
dak;indak
nyalahin;menyalahkan
benarin;membenarkan
emang;memang
jaadii;jadi
apo;apa
nyo;nya
dak;indak
yg;yang
aja;saja
jgn;jangan
sndiri;sendiri
yg;yang
sndri;sendiri
mba;mbak
miara;memiara
pake;pakai
ngaku;mengaku
gak;tidak
mba;mbak
karna;karena
mba;mbak
jalanani;menjalani
aja;saja
gak;tidak
mba;mbak
yg;yang
mba;mbak
yg;yang
gak;tidak
mba;mbak
yg;yang
mba;mbak
sy;saya
yg;yang
yg;yang
smua;semua
dalil2;dalil-dalil
sunah2;sunah-sunah
tp;tapi
sy;saya
sm;sama
sdah;sudah
pake;pakai
lg;lagi
benda2;benda-benda
sj;saja
lg;lagi
krn;karena
bilang2;bilang-bilang
tp;tapi
gk;tidak
ngomong;mengomong
ngaca;mengaca
emangnya;memangnya
knp;kenapa
rumpiin;rumpi
ngaca;mengaca
hotak;botak
gk;tidak
yg;yang
ikut2;ikut-ikut
ngaca;mengaca
yg;yang
km;kamu
nahhh;nah
klo;kalau
yg;yang
yg;yang
jg;juga
napa;kenapa
jg;juga
jg;juga
jg;juga
yg;yang
ciptain;menciptakan
liat;lihat
mbk;mbak
org;orang
yg;yang
mba;mbak
klo;kalau
ngak;tidak
masing2;masing-masing
jawabanny;jawabannya
jgn;jangan
ngurusin;mengurusi
dech;deh
urusin;urus
aj;saja
masing2;masing-masing
aduhhh;aduh
ajj;saja
yg;yang
mikir2;memikir-mikir
klo;kalau
gk;tidak
jdi;jadi
klo;kalau
melihara;memelihara
gw;gue
tpi;tapi
gw;gue
jga;juga
sma;sama
ihh;ih
oooh;oh
lg;lagi
bru;baru
klo;kalau
liat;lihat
hidupx;hidupnya
yg;yang
skrg;sekarang
lg;lagi
aja;saja
ngefans;fan
dripda;daripada
gara2;gara-gara
ehh;eh
skrg;sekarang
gara2;gara-gara
tdk;tidak
lsg;langsung
ngefans;fan
klo;kalau
ngefans;fan
liat;lihat
uztad;ustad
gw;gue
gw;gue
anjingnyaa;anjingnya
yaa;ya
miara;memiara
pegang2;pegang-pegang
jg;juga
gpp;tidak apa-apa
tp;tapi
ilmh;ilmu
ttg;tentang
smga;semoga
sll;selalu
dlm;dalam
menasehati;menasihati
suka2;suka-suka
kelus;kali
syang;sayang
hubngan;hubungan
sma;sama
atw;atau
gak;tidak
ga;tidak
yg;yang
y;ya
jd;jadi
knpa;kenapa
gak;tidak
yg;yang
sy;saya
tp;tapi
ga;tidak
yg;yang
yg;yang
dr;dari
melihara;memelihara
apalg;apalagi
silahkan;silakan
yg;yang
yg;yang
kl;kalau
koclak;kocak
gokil;gila
gak;tidak
tuhh;tuh
mrip;mirip
bget;banget
bju;baju
tauu;tau
yaa;ya
cinggirnyaaaa;cinggirnya
bcnda;bercanda
yahhhh;ya
miripppp;mirip
ngakak;mengakak
njir;anjir
pede;percaya diri
bgt;banget
sedikitlaahh;sedikitlah
aja;saja
yaa;ya
skitar;sekitar
miriplahhhhhh;miriplah
syediih;sedih
yg;yang
bgt;banget
mirp;mirip
sihh;sih
cma;cuma
baju.a;bajunya
wiiiihhhhhhhhh;wih
gak;tidak
karna;karena
wahh;wah
bngett;banget
emng;memang
koq;kok
cmn;cuman
aj;saja
inget;ingat
aja;saja
jg;juga
sm;sama
kren;keren
ttp;tetap
gantheng;ganteng
synk;sayang
tnya;tanya
gilak;gila
gw;gue
ngfans;fan
ama;sama
miriiippp;mirip
bgt;banget
idungnya;hidungnya
miriip;mirip
wooow;wow
keliatan;kelihatan
panglingg;pangling
bgt;banget
ni;ini
artisnyaa;artisnya
dtggu;ditunggu
yah;ya
trnyata;ternyata
sm;sama
ahh;ah
bgt;banget
tehh;teh
yg;yang
kereeen;keren
bangettt;banget
bangeeettt;banget
ka;kak
bener;benar
bener;benar
bgt;banget
smpe;sampai
ga;tidak
bosen;bosan
liat;lihat
bgtttttttt;banget
ka;kak
bgt;banget
ga;tidak
rapih;rapi
yak;ya
buuun;bun
yg;yang
ayoo;ayo
iyak;iya
mba;mbak
ga;tidak
bgtttt;banget
iyaappps;iya
pake;pakai
pengen;pengin
bgt;banget
gini;begini
bgtt;banget
kmaren;kemarin
sukse;sukses
nih2;nih-nih
yg;yang
baruu;baru
yg;yang
bgt;banget
sm;sama
nyesel;menyesal
kyknya;kayaknya
kecptan;kecepatan
scra;secara
dl;dulu
blm;belum
klw;kalau
yg;yang
yah;ya
rmbutnya;rambutnya
pdhl;padahal
skr;sekarang
bnyk;banyak
giti;begitu
bgt;banget
bener2;benar-benar
penganten;pengantin
yg;yang
wrn;warna
klo;kalau
makasih;terima kasih
bgt;banget
yg;yang
ne;ini
bgt;banget
ny;nya
kluar;keluar
cantikkkkk;cantik
liat;lihat
kk;kakak
gokil;gila
ngakak;mengakak
liat;lihat
fans;fan
loksyut;lokasi syuting
amfun;ampun
ngakak;mengakak
k';kak
asuuu;asu
bgt;banget
ngakak;mengakak
trs;terus
kuu;ku
dsini;disini
ajaa;saja
yaa;ya
knp;kenapa
kmu;kamu
bsa;bisa
tp;tapi
klw;kalau
dibls;dibalas
ceklist;ceklis
terusss;terus
km;kamu
gbs;tidak bisa
d;di
tlvn;telepon
ak;aku
jg;juga
gbs;tidak bisa
trkrim;terkirim
ad;ada
yg;yang
ak;aku
omongin;omongkan
bangat;banget
ngakak;mengakak
kelaluan;kelakuan
liat;lihat
yg;yang
knp;kenapa
guanteng;ganteng
cucok;cocok
rempong;repot
c;sih
gueee;gue
udh;sudah
semangatt;semangat
yaaa;ya
haduh;aduh
mlz;malas
liat;lihat
emak2;emak-emak
ga;tidak
bngt;banget
sm;sama
tante2;tante-tante
yg;yang
yg;yang
knp;kenapa
ga;tidak
knp;kenapa
kepoh;kepo
yg;yang
jalanin;menjalani
aja;saja
ngk;tidak
repong;repot
gk;tidak
thu;itu
ngrusin;mengurusi
ma;sama
dech;deh
ma;sama
y;ya
pdhl;padahal
liat;lihat
sm;sama
dua2nya;dua-duanya
tp;tapi
ama;sama
iyaa;iya
ama;sama
yg;yang
iy;iya
sm;sama
drpd;daripada
sm;sama
knp;kenapa
hrs;harus
sm;sama
pdhl;padahal
sdh;sudah
aja;saja
dnk;dong
lg;lagi
aja;saja
msh;masih
sma;sama
sma;sama
yg;yang
mf;maaf
senyumna;senyumnya
siapaa;siapa
ama;sama
nggak;tidak
udah;sudah
ama;sama
ka;kak
sm;sama
yg;yang
yg;yang
gausah;tidak usah
ngejelek2in;menjelek-jelekkan
ka;kak
ni;ini
hotx;hotnya
aja;saja
gak;tidak
ngatur;mengatur
ngatur;mengatur
amiiiin;amin
aja;saja
yg;yang
cwnya;ceweknya
sm;sama
nyaaa;nya
inget;ingat
mbaaahhh;mbah
tetep;tetap
tdk;tidak
gitu;begitu
ak;aku
aj;saja
tdk;tidak
pasangn;pasangan
yg;yang
sttus;status
ko;kok
aama;sama
k;kak
ma;sama
ka;kak
lgi;lagi
hadeuuhhhh;aduh
nenek2;nenek-nenek
msh;masih
inget;ingat
jgn;jangan
trus;terus
lebar2;lebar-lebar
ga;tidak
ka;kak
sm;sama
sm;sama
sm;sama
dpt;dapat
yg;yang
mgkn;mungkin
sstu;sesuatu
yg;yang
sm;sama
yg;yang
trbaik;terbaik
sll;selalu
bhgia;bahagia
serasiii;serasi
ma;sama
gimana;bagaimana
gitu;begitu
emang;memang
tp;tapi
cocokx;cocoknya
jd;jadi
emakx;emaknya
bangett;banget
iniiiiiiiiiiiiiii;ini
sebenernya;sebenarnya
ajah;saja
cocookk;cocok
dr;dari
pd;pada
pengen;pengin
aj;saja
sma;sama
kll;kalau
gini;begini
cucok;cocok
bgt;banget
lahh;lah
sampe;sampai
lahhh;lah
arghhh;ah
gak;tidak
gak;tidak
sm;sama
sm;sama
aja;saja
gak;tidak
ihh;ih
kaka;kakak
yaa;ya
ungkapin;ungkapkan
udah;sudah
yaa;ya
merrid;merit
yoo;ya
emang;memang
neh;nih
cocokkkkk;cocok
bgt;banget
ma;sama
bgt;banget
ma;sama
cocokkkk;cocok
kk;kakak
lbih;lebih
ma;sama
dri;dari
it;itu
bgt;banget
sm;sama
aja;saja
yaolohh;ya allah
aee;saja
lahhh;lah
naggung;menanggung
battt;banget
aja;saja
ka;kak
lohh;loh
bangat;banget
am;sama
klo;kalau
am;sama
tah;teh
kyk;kayak
ade;adek
luthuna;lucunya
gt;begitu
ga;tidak
ttg;tentang
kek;kayak
ngakak;mengakak
liat;lihat
nyaa;nya
gakuat;tidak kuat
gini;begini
dmn;dimana
nahan;menahan
sie;sih
astagaaa;astaga
nahan;menahan
dgr;dengar
ngakak;mengakak
klo;kalau
nahan;menahan
ntar;entar
jg;juga
bsa;bisa
trnyata;ternyata
yg;yang
suaraynyaa;suaranya
gak;tidak
duanyaa;duanya
km;kamu
anjayyyy;anjay
ngakak;mengakak
gitu;begitu
bgt;banget
bgt;banget
ntar;entar
denger;dengar
gw;gue
gabisa;tidak bisa
sampe;sampai
denger;dengar
pengen;pengin
udh;sudah
gw;gue
abis;habis
lagiii;lagi
coeggg;coeg
yg;yang
kyk;kayak
ancur;hancur
koplak;kocak
uaaasssiiiik;asik
boss;bos
bsk;besok
bgtu;begitu
ihhh;ih
gemes;gemas
dehh;deh
jd;jadi
pengen;pengin
nyubit;mencubit
y;ya
ehh;eh
nyubit;mencubit
dede;adek
y;ya
gw;gue
jg;juga
gemez;gemas
ka;kak
dede;adek
dmn;dimana
mksh;terima kasih
nyaa;nya
jdi;jadi
pgen;pengin
tium;cium
gemeeezzzz;gemas
d;di
ppa;papa
jugaa;juga
haduh;aduh
nda;indak
q;ku
sm;sama
papahhhnya;papahnya
gini;begini
ga;tidak
duuuhh;duh
ato;atau
yaaa;ya
ginting;ganteng
bingiiittzz;banget
iiihh;ih
yah;ya
njir;anjir
dedeknya;adeknya
pengen;pengin
hadeeuh;aduh
geneeee;begini
yooow;ya
gemezz;gemas
yaaaa;ya
jd;jadi
pengen;pengin
nyaaa;nya
yg;yang
scr;secara
hub;hubungi
bnget;banget
y;ya
bgni;begini
gayax;gayanya
gemes;gemas
yg;yang
infpyunnnn;ampun
bangeeeet;banget
lucuuuu;lucu
paraaah;parah
papiii;papi
kamunyaa;kamunya
ngambek;mengambek
gtuu;begitu
pengen;pengin
ngets;banget
ni;ini
lgu;lagu
ap;apa
sm;sama
sm;sama
mba;mbak
donk;dong
haduuuh;aduh
kapaan;kapan
yaah;ya
kesampean;kesampaian
nginjek;menginjak
putihnyaa;putihnya
rasain;merasai
ituuuu;itu
omaaaaaaakk;oma
pengen;pengin
loncattt;loncat
dmn;dimana
pengen;pengin
ituu;itu
yg;yang
prnh;pernah
didatengin;didatangi
abg;abang
kmariiin;kemarin
looh;loh
kaan;kan
kaak;kak
ayoklaa;ayolah
kapaan;kapan
yng;yang
kmren;kemarin
ga;tidak
ga;tidak
jelasssss;jelas
km;kamu
kaliiin;kalian
bg;bang
sama2;sama-sama
bg;bang
uda;sudah
ny;nya
sama2;sama-sama
dmana;dimana
tu;itu
bg;bang
ujunggg;ujung
dlu;dulu
yukk;yuk
yukk;yuk
deket;dekat
deket;dekat
laaaah;lah
aja;saja
kaakaaaa;kakak
td;tadi
nnton;menonton
srruu;seru
ka;kak
kannn;kan
ga;tidak
jmpaaaa;jumpa
yukkk;yuk
haii;hai
kek;kayak
tp;tapi
kitaa;kita
naek;naik
kek;kayak
tu;itu
yah;ya
pgen;pengin
ndak;indak
sukaaaa;suka
syukaaakkk;suka
dengeeriin;dengarkan
sukaa;suka
njir;anjir
yakaliiiii;yakali
bgt;banget
kek;kayak
kmu;kamu
emang;memang
klo;kalau
ntar;entar
dateng;datang
kerennnn;keren
aduhhh;aduh
tohh;toh
ngerti;mengerti
atuhh;atuh
pengen;pengin
bener;benar
gak;tidak
ngertii;mengerti
d;di
nyanyiin;nyanyikan
gara2;gara-gara
dgr;dengar
nyanyiin;menyanyi
jd;jadi
bgt;banget
jg;juga
ama;sama
inii;ini
apalgi;apalagi
klo;kalau
yg;yang
nyanyiin;menyanyi
bgt;banget
akuh;aku
yg;yang
gak;tidak
senengg;senang
bgtt;banget
sm;sama
jd;jadi
ga;tidak
cocokk;cocok
ny;nya
mesrany;mesranya
knp;kenapa
ny;nya
baget;banget
ma;sama
ndak;indak
ngak;tidak
cocokkk;cocok
aja;saja
jendes;janda
ngggk;tidak
coccokk;cocok
mantapp;mantap
yaaa;ya
liat;lihat
aja;saja
ga;tidak
ga;tidak
sm;sama
udah;sudah
ngatain;mengatai
ga;tidak
tp;tapi
kasian;kasihan
mba;mbak
iiihhhhh;ih
msa;masa
ska;suka
sma;sama
jendesss;janda
yg;yang
smpe;sampai
klepek2;klepek-klepek
gak;tidak
bngtttt;banget
kek;kayak
ponakn;ponakan
sma;sama
tantee;tante
ad;ada
yg;yang
gadiss;gadis
tpy;tapi
jnda;janda
bngy;banget
sihh;sih
bujngn;bujangan
ngp;mengapa
mw;mau
sm;sama
yaa;ya
dlam;dalam
smua;semua
diluarann;diluaran
yg;yang
trbaik;terbaik
hri;hari
qt;kita
padetan;padatan
"gara""";gara-gara
pake;pakai
rekomendasiin;rekomendasikan
makasih;terima kasih
aja;saja
udah;sudah
yg;yang
msh;masih
sm;sama
jgn;jangan
bawa2;bawa-bawa
knp;kenapa
yg;yang
dapetin;mendapatkan
udh;sudah
bnyak;banyak
ko;kok
nyobain;mencoba
ngerti;mengerti
pcaran;pacaran
gajelas;tidak jelas
kya;kaya
sma;sama
kalii;kali
aja;saja
gak;tidak
gak;tidak
ngomong;mengomong
bgt;banget
gak;tidak
bgt;banget
yg;yang
emang;memang
ny;nya
klian;kalian
mreka;mereka
klian;kalian
jd;jadi
trus;terus
trus;terus
klian;kalian
klian;kalian
pcaran;pacaran
dgn;dengan
or;orang
yg;yang
tdak;tidak
prcuma;percuma
klian;kalian
koment;komentar
dpt;dapat
gak;tidak
emng;memang
ny;nya
klian;kalian
coment;komentar
dpt;dapat
dr;dari
sma;sama
"nenek""";nenek-nenek
bgt;banget
ihh;ih
ga;tidak
mbk;mbak
mbaaa;mbak
aja;saja
langgengggg;langgeng
tp;tapi
tp;tapi
gak;tidak
g;tidak
sekaliiiii;sekali
baper;bawa perasaan
gak;tidak
emang;memang
tp;tapi
serem;seram
jg;juga
tp;tapi
yg;yang
ngomong;mengomong
aja;saja
gak;tidak
mikirin;memikirkan
"kata""";kata-kata
anehhh;aneh
udah;sudah
digituin;dibegitukan
yaa;ya
ngomong;mengomong
bkn;bukan
d;di
mreka;mereka
hayal;khayal
yg;yang
ga;tidak
emg;memang
ga;tidak
boong;bohong
beneran;benaran
inget;ingat
bedua;berdua
inget;ingat
ama;sama
cocokk;cocok
liat;lihat
lgi;lagi
gitu;begitu
yaah;ya
ga;tidak
aja;saja
bapeerr;bawa perasaan
nyaa;nya
liat;lihat
lagu2;lagu-lagu
mbk;mbak
keinget;teringat
wihhh;wih
kerenn;keren
merekak;mereka
aja;saja
udah;sudah
mrk;mereka
kek;kayak
yg;yang
lucuuu;lucu
kreeenn;keren
abisss;habis
bnget;banget
kaka;kakak
lucuuu;lucu
kerennnnn;keren
kocaaaakkk;kocak
abiiiss;habis
nyadar;menyadar
pass;pas
lahh;lah
personill;personil
lengkapp;lengkap
ampuuun;ampun
ngakak;mengakak
bangett;banget
kk;kakak
iiihhhh;ih
kyk;kayak
gini;begini
gokil;gila
flim.a;filmnya
trusan.a;terusannya
kcantikan;kecantikan
dh;dah
pkai;pakai
tdung;tudung
wktu;waktu
blm;belum
pake;pakai
smg;semoga
bgt;banget
nonton;menonton
bgt;banget
yg;yang
slalu;selalu
gangguin;mengganggu
tp;tapi
slalu;selalu
pgn;pengin
nonton;menonton
gk;tidak
y;ya
yg;yang
d;di
dri;dari
lgi;lagi
da;ada
gak;tidak
pake;pakai
bgt;banget
yg;yang
gak;tidak
pake;pakai
mbk;mbak
lgkah2;langkah-langkah
skrg;sekarang
tu;itu
gmana;bagaimana
mbk;mbak
taw;tau
kta;kita
cntiiikkk;cantik
udah;sudah
gak;tidak
pengen;pengin
nonton;menonton
liat;lihat
yg;yang
tegaar;tegar
nihhh;nih
smpe;sampai
sktlrang;sekarang
msih;masih
bget;banget
kangeeeennnnn;kangen
slalu;selalu
nangiss;menangis
klo;kalau
nonton;menonton
kaa;kak
sjk;sejak
sya;saya
tambh;tambah
yg;yang
nangiis;menangis
teruss;terus
maen;main
bgt;banget
cantikkkkkkkk;cantik
nyaaaaaaaaa;nya
kaa;kak
sbgai;sebagai
bundaa;bunda
gueee;gue
duuhhhhh;duh
kangeenn;kangen
sm;sama
kyk;kayak
gaada;tidak ada
kerjaan;pekerjaan
yg;yang
ngucapin;mengucapkan
yg;yang
bgt;banget
bkn;bukan
klo;kalau
gk;tidak
kmu;kamu
klo;kalau
kmu;kamu
yaaa;ya
malsudnya;maksudnya
kyak;kayak
lluuccuu;lucu
siappa;siapa
martabakk;martabak
tuhh;tuh
tuhh;tuh
akuu;aku
jgn;jangan
bgt;banget
skali2;sekali-kali
yg;yang
kueren2;keren-keren
gini;begini
jgn;jangan
abgnya;abangnya
bgt;banget
muke;muka
gk;tidak
nii;ini
bangettt;banget
kek;kayak
gini;begini
gile;gila
inget;ingat
ngomong;mengomong
yg;yang
jd;jadi
dapet;dapat
warkop;warung kopi
nggak;tidak
hayuu;hayo
kenapaa;kenapa
ilang2an;hilang-hilangan
gitu;begitu
liat;lihat
aja;saja
ayooook;ayo
astagaaaaaaaa;astaga
bener2;benar-benar
nonton;menonton
inihhh;ini
bgt;banget
ama;sama
klw;kalau
oom;om
g;tidak
ak;aku
kek;kayak
mansetan;bermanset
cmn;cuman
keliatan;kelihatan
bgt;banget
yg;yang
meranin;memerankan
cadasss;cadas
kereeeeennn;keren
"temen""";teman-teman
tp;tapi
telefisi;televisi
yg;yang
jd;jadi
tu;itu
jd;jadi
kgak;kagak
nikmatin;menikmati
nonton;menonton
mantappp;mantap
mbahh;mbah
lbh;lebih
dr;dari
udah;sudah
unyuu;unyu
giitu;begitu
lucuuuuu;lucu
ngilang;menghilang
mtanya;matanya
ga;tidak
kliatan;kelihatan
cpit;sipit
bgt;banget
dee;dek
gak;tidak
brp;berapa
iyaa;iya
bgt;banget
sumvahh;sumpah
bnyak;banyak
bnyak;banyak
cewe;cewek
ngantri;mengantri
engga;tidak
tamvann;tampan
gils;gila
udah;sudah
bgt;banget
yah;ya
km;kamu
yap;ya
bgt;banget
ko;kok
gantengg;ganteng
si;sih
ngakak;mengakak
guaaaaaaa;gua
kerennn;keren
ngakak;mengakak
tuuu;itu
capa;sapa
ngakakkk;mengakak
bgt;banget
liaat;lihat
gantweng;ganteng
ngakak;mengakak
anjjjjjjjj;anjing
bgttt;banget
bgt;banget
tp;tapi
lohhhh;loh
gakwad;tidak kuat
yg;yang
ngakak;mengakak
gw;gue
pengen;pengin
yg;yang
bngt;banget
bs;bisa
seru2;seru-seru
ga;tidak
ngakak;mengakak
iniii;ini
favoriteeee;favorit
bat;banget
udah;sudah
liat;lihat
lg;lagi
adaa;ada
bat;banget
yak;ya
makasih;terima kasih
q;ku
smp;sampai
nangis;menangis
dinyanyiin;dinyanyikan
donk;dong
yg;yang
seruu;seru
nyengir;menyengir
temennya;temannya
bnr;benar
kgn;kangen
smg;semoga
klk;kelak
klian;kalian
brjdh;berjodoh
akhrt;akhirat
kangennnnn;kangen
bgtt;banget
sma;sama
yg;yang
kyk;kayak
gini;begini
kngen;kangen
aja;saja
kangennnn;kangen
kaka;kakak
kngenn;kangen
kangeenn;kangen
kanggen;kangen
sampe;sampai
kangennn;kangen
kangennnnnnn;kangen
udah;sudah
ysh;ya
sm;sama
sypa;siapa
yg;yang
belain;membela
kmu;kamu
kmu;kamu
"bner""";benar-benar
aj;saja
kangeen;kangen
yg;yang
kmi;kami
klo;kalau
mreka;mereka
aminn;amin
orang2;orang-orang
aminn;amin
nangisss;menangis
abg;abang
smoga;semoga
brjodoh;berjodoh
y;ya
kangenn;kangen
kaliann;kalian
yg;yang
barengg;bareng
yg;yang
yg;yang
krna;karena
smpai;sampai
kpnpun;kapanpun
jugaa;juga
mendj;menjadi
aminnn;amin
allahhhh;allah
yah;ya
jd;jadi
pengen;pengin
pake;pakai
merindinggg;merinding
liat;lihat
yg;yang
bhgia;bahagia
amiennnn;amien
pinter;pintar
bgt;banget
iihh;ih
gitu;begitu
pinter;pintar
kpan;kapan
lhir;lahir
udeh;sudah
smoga;semoga
menjdi;menjadi
ank;anak
yg;yang
y;ya
kk;kakak
bngett;banget
debay;adek bayi
bangeer;banget
lafazd;lafaz
skrng;sekarang
jg;juga
pmbyran;pembayaran
plsa;pulsa
ga;tidak
udh;sudah
"dimana""";dimana-mana
adaa;ada
yaa;ya
trs;terus
sokk;sok
yg;yang
km;kamu
tp;tapi
ngambekan;ambekan
sma;sama
ngeliat;melihat
hub;hubungan
sma2;sama-sama
ngom;mengomong
q;ku
siapaa;siapa
toloollll;tolol
yg;yang
siapaa;siapa
tauu;tau
bodhooo;bodoh
peliharaaaa;pelihara
kmu;kamu
yaa;ya
sampe;sampai
kek;kayak
makanyaa;makanya
klo;kalau
ngom;mengomong
"ati""";hati-hati
kemakan;termakan
bodhoo;bodoh
siihhh;sih
pura2;pura-pura
ga;tidak
mksd;maksud
sm;sama
aq;aku
andaaa;anda
padahall;padahal
buktinyaaa;buktinya
smuaaa;semua
aq;aku
yg;yang
pinter;pintar
doank;doang
lg;lagi
ngambeknya;mengambeknya
gara2;gara-gara
loksyut;lokasi syuting
tar;entar
lama2;lama-lama
kebongkar;terbongkar
ohh;oh
gtu;begitu
yaa;ya
kmu;kamu
ohh;oh
kerjaan;pekerjaan
kmu;kamu
yaa;ya
"artis""";artis-artis
tapii;tapi
kasiian;kasihan
gk;tidak
adaa;ada
yg;yang
kmu;kamu
km;kamu
ga;tidak
ngikutin;mengikuti
aq;aku
trs;terus
gk;tidak
diladenin;diladeni
comen;komen
ngtif;negatif
jgn;jangan
comntr;komentar
dg;dengan
kaliannn;kalian
sgt;sangat
brdiri;berdiri
syg;sayang
gt;begitu
bgtttt;banget
knp;kenapa
ga;tidak
blg;bilang
sma;sama
karna;karena
lbh;lebih
yg;yang
nyari;mencari
sgt;sangat
bgt;banget
karna;karena
mreka;mereka
tpi;tapi
gk;tidak
uda;sudah
aja;saja
skrg;sekarang
lg;lagi
deket;dekat
sma;sama
pda;pada
mulutny;mulutnya
yg;yang
lucu2;lucu-lucu
msalah;masalah
dlu;dulu
y;ya
trserh;terserah
yg;yang
pnting;penting
skrg;sekarang
smua;semua
udh;sudah
sprti;seperti
gmn;bagaimana
waduuuuh;waduh
yg;yang
smpai;sampai
yg;yang
ngedukung;mendukung
yach;ya
yg;yang
aja;saja
foto2;foto-foto
ilang;hilang
msh;masih
blm;belum
klo;kalau
uda;sudah
udh;sudah
msh;masih
ni;ini
aja;saja
ga;tidak
dihpus;dihapus
ni;ini
yg;yang
jd;jadi
bwt;buat
mrekaa;mereka
tauu;tau
gaje;tidak jelas
ngurusin;mengurusi
cakeeeeppp;cakep
benerr;benar
"brg""";bareng-bareng
baanget;banget
anjaaaayyyyyy;anjay
ni;ini
ingt;ingat
lgu;lagu
ngetsz;banget
yg;yang
kemaren;kemarin
utkmu;untukmu
yg;yang
dlm;dalam
yah;ya
tetep;tetap
anj;anjing
merekaa;mereka
belain;membela
kann;kan
dieee;dia
yaahh;ya
gini;begini
klo;kalau
bgt;banget
alloh;allah
yg;yang
hijap;hijab
smua;semua
dri;dari
pd;pada
ngurusin;mengurusi
org;orang
hijap;hijab
ternodain;ternodai
suka2;suka-suka
x;kali
wadaaw;waduh
komen2;komen-komen
ngeri2;ngeri-ngeri
yg;yang
km;kamu
mn;mana
yg;yang
bnr;benar
mn;mana
yg;yang
slh;salah
tp;tapi
kt2;kata-kata
yg;yang
pd;pada
agk;agak
tdk;tidak
bgs;bagus
tdk;tidak
tp;tapi
skli;sekali
lg;lagi
tlg;tolong
slhkan;salahkan
jilbabny;jilbabnya
tp;tapi
slhkan;salahkan
perilakuny;perilakunya
bkn;bukan
dr;dari
ketaatanny;ketaatannya
kepda;kepada
sblmny;sebelumnya
bljr;belajar
jd;jadi
pedulilaaaah;pedulilah
ingetin;mengingatkan
ga;tidak
terjrumus;terjerumus
dlm;dalam
karna;karena
yg;yang
kek;kayak
gini;begini
stuju;setuju
bnyak;banyak
yg;yang
temen;teman
yg;yang
gitu;begitu
sebenernya;sebenarnya
aja;saja
yg;yang
sbb;sebab
tp;tapi
aq;aku
lg;lagi
dlu;dulu
tp;tapi
igtlah;ingatlah
dtgkan;datangkan
tp;tapi
aq;aku
smoga;semoga
sperti;seperti
dlu;dulu
aq;aku
yg;yang
dlu;dulu
aq;aku
kpd;kepada
smg;semoga
org;orang
ga;tidak
ngerti;mengerti
kasi;kasih
aja;saja
trus;terus
dy;dia
berhijap;berhijab
ngk;tidak
dy;dia
emang;memang
udh;sudah
bener;benar
knp;kenapa
dy;dia
yg;yang
bnyk;banyak
gk;tidak
org;orang
jgn;jangan
dri;dari
benahin;membenahi
ngomong;mengomong
ga;tidak
temen;teman
yg;yang
ga;tidak
krn;karena
ga;tidak
bener;benar
kasi;kasih
kmu;kamu
yg;yang
lg;lagi
ngerti;mengerti
krn;karena
ohhhh;oh
yg;yang
tp;tapi
gk;tidak
bener;benar
org;orang
yapp;ya
yg;yang
udah;sudah
ga;tidak
emang;memang
tp;tapi
kn;kan
aja;saja
jauhh;jauh
bingitt;banget
klw;kalau
trims;terima kasih
yg;yang
buka2an;buka-bukaan
stiap;setiap
pst;pasti
liat;lihat
tp;tapi
ga;tidak
org;orang
pst;pasti
dy;dia
ato;atau
tdk;tidak
ngembali;kembali
pake;pakai
donk;dong
stiap;setiap
pst;pasti
liat;lihat
sp;sapa
yg;yang
bilng;bilang
lg;lagi
kerennn;keren
nyangka;menyangka
trs;terus
yaa;ya
semngat;semangat
amiin;amin
mw;mau
pengen;pengin
kk;kakak
lekong;laki
bgt;banget
kmu;kamu
g;tidak
kacauuuu;kacau
ngimpi;mimpi
yaa;ya
owh;oh
ad;ada
d;di
gk;tidak
d;di
ni;ini
org;orang
gak;tidak
y;ya
yah;ya
udah;sudah
ngerampas;merampas
syg;sayang
lg;lagi
sm;sama
elu;lu
udah;sudah
ngehancurin;menghancurkan
y;ya
skrg;sekarang
ngungkit2;mengungkit-ungkit
g;tidak
mlu;malu
org;orang
gw;gue
g;tidak
slah;salah
mba;mbak
yg;yang
gak;tidak
nyadar;menyadar
kaleee;kali
dmn;dimana
sbg;sebagai
d;di
sm;sama
tp;tapi
y;ya
qm;kamu
sm;sama
sndiri;sendiri
gak;tidak
laki2;laki-laki
laen;lain
aja;saja
mksd;maksud
bingit;banget
caranga;caranya
yg;yang
ga;tidak
usa;usah
dipikirin;dipikirkan
yg;yang
mreka;mereka
yg;yang
uda;sudah
yg;yang
tp;tapi
cantikk;cantik
lg;lagi
nunduk;menunduk
ny;nya
y;ya
trus;terus
g;tidak
kyk;kayak
tembemmm;tembem
lucuuuuuuuuuu;lucu
bundaaa;bunda
pngn;pengin
nyubitt;mencubit
hay;hai
yg;yang
jls2;jelas-jelas
supeer;super
sampe;sampai
sekrang;sekarang
"bener""";benar-benar
bgt;banget
mksh;terima kasih
udah;sudah
ksh;kasih
jd;jadi
gak;tidak
mksh;terima kasih
yg;yang
inginkn;inginkan
brsma;bersama
laki2;laki-laki
yg;yang
ninggalin;meninggalkan
nyesel;menyesal
ampe;sampai
pst;pasti
inni;ini
appa;apa
blm;belum
hayooo;hayo
ttp;tetap
adyem;adem
kluar;keluar
yg;yang
mitnah;memfitnah
gk;tidak
lgsg;langsung
cantiknyaaaaa;cantiknya
ajah;saja
nie;nih
tmbm;tembam
tpi;tapi
ttp;tetap
cntik;cantik
cantix;cantik
z;saja
seger;segar
bnyk;banyak
c;sih
yg;yang
kriput;keriput
g;tidak
jelex;jelek
g;tidak
ngurus;mengurus
drmn;darimana
"laku""";laku-laku
yg;yang
"orang""nya";orang-orangnya
jg;juga
pd;pada
kacian;kasihan
ngak;tidak
diladenin;diladeni
tar;entar
yg;yang
cape;capek
jg;juga
mancing2;memancing-mancing
aja;saja
pake;pakai
diem;diam
tetep;tetap
ak;aku
d;di
gituin;begitukan
lg;lagi
pdahal;padahal
bgt;banget
lupain;melupakan
d;di
bgt;banget
klo;kalau
inget;ingat
lg;lagi
eeeeh;eh
"bner""";benar-benar
ngingetin;mengingatkan
k;ke
tp;tapi
ajja;saja
sperti;seperti
dlu;dulu
jngan;jangan
kpancing;terpancing
lakuin;melakukan
gtu;begitu
cma;cuma
cri;cari
sbenernya;sebenarnya
bkin;bikin
yg;yang
gk;tidak
bgt;banget
klo;kalau
mh;mah
ga;tidak
yg;yang
bnr2;benar-benar
ksih;kasih
cma;cuma
gw;gue
yg;yang
ngerasa;merasa
cantiiik;cantik
mikirinnn;memikirkan
tetep;tetap
yg;yang
syang;sayang
mf;maaf
y;ya
mb;mbak
gak;tidak
w;gue
klo;kalau
bnr;benar
dgn;dengan
"diam""";diam-diam
bw;bawa
pst;pasti
ni;ini
klo;kalau
sampe;sampai
k;ke
akn;akan
mengalahkn;mengalahkan
yg;yang
lg;lagi
skrg;sekarang
jd;jadi
lg;lagi
yaa;ya
iyaa;iya
nyindirin;menyindir
trus;terus
ngambek;mengambek
nee;ini
ndak;indak
smua;semua
temen2;teman-teman
klakuan;kelakuan
tp;tapi
merka;mereka
ga;tidak
ngomong;mengomong
atw;atau
temen;teman
yg;yang
gak;tidak
dgn;dengan
tp;tapi
klo;kalau
dgn;dengan
cm;cuma
aja;saja
msh;masih
byk;banyak
temen;teman
yg;yang
laen;lain
mksdx;maksudnya
shabat;sahabat
yg;yang
jk;jika
brbuat;berbuat
slh;salah
tp;tapi
kl;kalau
sm2;sama-sama
mmberi;memberi
nm;nama
bkn;bukan
sbhabat;sahabat
tp;tapi
pnjerumus;penjerumus
hrs;harus
bs;bisa
bedain;membedakan
mn;mana
yg;yang
tman;teman
shbat;sahabat
dgn;dengan
melakukn;melakukan
mksud;maksud
sya;saya
percya;percaya
yg;yang
seorg;seorang
berkluarga;berkeluarga
seneng;senang
kn;kan
klo;kalau
liat;lihat
rmh;rumah
klian;kalian
dlm;dalam
siapa2;siapa-siapa
yg;yang
fto;foto
ketipu;tertipu
"laki""";laki-laki
gak;tidak
sempet;sempat
yg;yang
mengait2kan;mengait-ngaitkan
taik;tahi
nyir2;nyinyir
gosipin;menggosipkan
org;orang
gk;tidak
trbukti;terbukti
yg;yang
nie;ini
mudah2an;mudah-mudahan
dpt;dapat
tai;tahi
yg;yang
tdk;tidak
dgn;dengan
jgn;jangan
d;di
sllu;selalu
kya;kaya
sendri;sendiri
ttp;tetap
bener;benar
bgt;banget
bntar;bentar
lg;lagi
jg;juga
cepet;cepat
kebongkar;terbongkar
km;kamu
kmu;kamu
bnget;banget
duuuhhh;duh
bgt;banget
cwe;cewek
nmbk;menembak
cwo;cowok
gw;gue
dengerin;dengarkan
gitu;begitu
gakkk;tidak
yg;yang
nyanyiin;menyanyikan
ahh;ah
yaa;ya
tuch;tuh
ampunnnnn;ampun
gokil;gila
abiiiiisssss;habis
tp;tapi
jga;juga
syg;sayang
tikung2;tikung-tikung
ntar;entar
ma;sama
cwok;cowok
cantikk;cantik
bangedd;banget
wuastagah;astaga
bedaaa;beda
jaoooh;jauh
mateeeeeeeeeeee;mati
parsis;persis
dg;dengan
jngn;jangan
sumpeh;sumpah
kk;kakak
jg;juga
yaa;ya
emang;memang
byk;banyak
yg;yang
kek;kayak
bener;benar
yak;ya
bgt;banget
donk;dong
jd;jadi
iyh;iya
k;kak
kmana;kemana
ga;tidak
tetep;tetap
aja;saja
elo;lo
kyk;kayak
skali;sekali
ibuk2;ibu-ibu
cantiqs;cantik
bangetttttttt;banget
gemes;gemas
kecik;kecil
smpai;sampai
nggak;tidak
tp;tapi
tetep;tetap
yg;yang
ga;tidak
tetehh;teteh
brasa;berasa
dr;dari
udh;sudah
bgt;banget
ga;tidak
krn;karena
udah;sudah
benar2;benar-benar
yg;yang
trlihat;terlihat
bhw;bahwa
mmberikan;memberikan
utk;untuk
dn;dan
dlm;dalam
khidupan;kehidupan
kluarga;keluarga
bnget;banget
jdi;jadi
srpti;seperti
yg;yang
dinamakn;dinamakan
org;orang
yg;yang
pst;pasti
seneng;senang
bgt;banget
liatnya;lihatnya
yg;yang
ja;saja
gak;tidak
ma;sama
pdahal;padahal
org;orang
mlu;melulu
sgtu;sebegitu
yg;yang
paati;pasti
th;tahu
yg;yang
jg;juga
kluarga;keluarga
jng;jangan
kutuu;kutu
setelur2nya;setelur-telurnya
yg;yang
bgt;banget
kl;kalau
kluarga;keluarga
ni;ini
seneng;senang
bgt;banget
dech;deh
seneng;senang
bgt;banget
liatnya;lihatnya
ak;aku
yg;yang
khadiran;kehadiran
dlm;dalam
kel;keluarga
dg;dengan
srta;serta
d;di
tmbah;tambah
kcil;kecil
cntik;cantik
mmberi;memberi
kberkahn;keberkahan
kbahagiaan;kebahagiaan
smoga;semoga
tntram;tentram
brsama;bersama
kel;keluarga
hngga;hingga
kl;kalau
ad;ada
yg;yang
brpndapat;berpendapat
mnilai;menilai
trutama;terutama
jgn;jangan
d;di
hiraukn;hiraukan
diamkn;diamkan
sj;saja
hrsny;harusny
mreka;mereka
brsyukur;bersyukur
in;ini
mmberikn;memberikan
utk;untuk
d;di
rasakn;rasakan
d;di
utk;untuk
cari2;cari-cari
kesalahanny;kesalahannya
kekuranganny;kekurangannya
seandainy;seandainya
yg;yang
sdh;sudah
it;itu
trutama;terutama
tiba2;tiba-tiba
matany;matanya
krn;karena
perasaanny;perasaannya
gak;tidak
milih;memilih
sukak;suka
bgt;banget
liat;lihat
mmg;memang
gk;tidak
slh;salah
yaa;ya
dede;adek
yg;yang
diindonesis;diindonesia
seneng;senang
liyatnya;lihatnya
kayahhh;kaya
yg;yang
beneran;benaran
tu;itu
org;orang
tai;tahi
gw;gue
hrs;harus
ala2;ala-ala
ala2;ala-ala
indo;indonesia
kk;kakak
nonton;menonton
yook;yuk
yoookkkk;yuk
siihh;sih
elus2;elus-elus
asliiiii;asli
nonton;menonton
aduuhhhh;aduh
baper;bawa perasaan
yha;ya
yg;yang
engga;tidak
ampuuun;ampun
yg;yang
ngatain;mengatai
belom;belum
ngaca;mengaca
ngomong;mengomong
diajarin;diajari
bgt;banget
yg;yang
ngatain;mengatai
dengerin;mendengarkan
gk;tidak
sampe;sampai
yaaa;ya
liat;lihat
ngehina;menghina
gini;begini
lucu2;lucu-lucu
ngatain;mengatai
d;di
rmh;rumah
ga;tidak
bgt;banget
ngatain;mengatai
ga;tidak
padahl;padahal
knp;kenapa
kasian;kasihan
ga;tidak
doank;doang
tpi;tapi
kasian;kasihan
udahlah;sudahlah
bgt;banget
jelekin;menjelekkan
org;orang
org;orang
yg;yang
ngatain;mengatai
kek;kayak
gitu;begitu
nggak;tidak
ngaca;mengaca
dikatain;dikatai
kek;kayak
org;orang
ngatain;mengatai
org;orang
btul;betul
tu;itu
mrk;mereka
gimana;bagaimana
ga;tidak
d;di
sekolahin;sekolahkan
astagaaaa;astaga
ank;anak
gak;tidak
ortu;orang tua
"kecil""";kecil-kecil
da;dah
jd;jadi
jgn;jangan
karna;karena
klo;kalau
dr;dari
donk;dong
yg;yang
"keren""";keren-keren
ngomongnya;mengomongnya
engga;tidak
kejahatn;kejahatan
bhwa;bahwa
slam;salam
ngatain;mengatai
ngelewati;melewati
gak;tidak
yaaaa;ya
kalu;kalau
kalu;kalau
jngan;jangan
ngerendahin;merendahkan
nyalahin;menyalahkan
apaalahh;apalah
gak;tidak
ngerasa;merasa
ga;tidak
d;di
klo;kalau
tnp;tanpa
menyebut2;menyebut-nyebut
hny;hanya
sm;sama
tp;tapi
jg;juga
ap;apa
yg;yang
sy;saya
tdk;tidak
klo;kalau
d;di
d;di
sbg;sebagai
ortu;orang tua
hrus;harus
jgn;jangan
yg;yang
slh;salah
klo;kalau
bgtu;begitu
ga;tidak
yg;yang
bener;benar
yg;yang
slh;salah
yg;yang
kmu;kamu
gak;tidak
nyangka;menyangka
kmu;kamu
udah;sudah
jngan;jangan
sy;saya
kmrn;kemarin
na;nya
bkn;bukan
utk;untuk
tp;tapi
utk;untuk
yg;yang
d;di
lg;lagi
yg;yang
mnt;minta
sprti;seperti
sm;sama
kiya;kita
aja;saja
gak;tidak
ngaca;mengaca
gak;tidak
yah;ya
smpe;sampai
ga;tidak
yg;yang
sampe;sampai
bgt;banget
ga;tidak
miriiiiip;mirip
dirimuuu;dirimu
yg;yang
udh;sudah
cantiik;cantik
aamiin;amin
pake;pakai
gini;begini
amiiiiinnn;amin
bsk;besok
diginiin;dibeginikan
gini;begini
yaah;ya
yoiiu;yoi
yaaa;ya
semuanyaaaa;semuanya
tp;tapi
yaa;ya
smg;semoga
cpt;cepat
nyusul;menyusul
yah;ya
artis2;artis-artis
yg;yang
suka.a;sukanya
jdii;jadi
ikut2an;ikut-ikutan
ni;nih
blnja;belanja
d;di
fto;foto
sma;sama
brangnya;barangnya
"sama""";sama-sama
bgus;bagus
jga;juga
bgs;bagus
bngt;banget
hdp;hidup
kk;kakak
lw;kalau
ada2;ada-ada
aja;saja
yg;yang
nimpuk;menimpuk
ga;tidak
gara2;gara-gara
rekomendasiin;merekomendasikan
abiss;habis
temennya;temannya
gk;tidak
tp;tapi
tdk;tidak
prlu;perlu
lg;lagi
karna;karena
yaa;ya
gw;gue
coyyy;coy
gk;tidak
tdk;tidak
prlu;perlu
lg;lagi
suaranyaa;suaranya
denger;dengar
bgt;banget
jgn;jangan
yg;yang
bener;benar
udh;sudah
ngurusin;mengurusi
hdup;hidup
org;orang
aja;saja
yg;yang
baik2;baik-baik
klo;kalau
belain;membela
krn;karena
kluarga;keluarga
yg;yang
aja;saja
jalanin;menjalani
hdup;hidup
gk;tidak
d;di
yg;yang
jnagn;jangan
tar;entar
gw;gue
sma;sama
tp;tapi
gara2;gara-gara
gw;gue
kcwa;kecewa
udah;sudah
yg;yang
bgt;banget
skrg;sekarang
jaman2;jaman-jaman
sm;sama
dlu;dulu
sok2an;sok-sokan
dket2in;dekat-dekati
jd;jadi
cobak;coba
dehh;deh
psti;pasti
msh;masih
britanya;beritanya
ehhh;eh
ilang;hilang
tau2;tau-tau
pcrn;pacaran
sm;sama
trs;terus
mahh;mah
emg;memang
g;tidak
tetep;tetap
ngatain;mengatai
sii;sih
yg;yang
trlalu;terlalu
sbg;sebagai
jamam;jaman
skrg;sekarang
org;orang
yg;yang
org;orang
yg;yang
gini;begini
yaaa;ya
utk;untuk
tetep;tetap
yaa;ya
dengerin;mendengarkan
aja;saja
yg;yang
sma;sama
yg;yang
ngga;tidak
ngebela;membela
siapa2;siapa-siapa
kog;kok
paraa;para
seharusny;seharusnya
berfikir;berpikir
dasaar;dasar
ngk;tidak
bergunaa;berguna
mulutnyaaa;mulutnya
pnya;punya
tmen;teman
ko;kok
pda;pada
nusuk;menusuk
dr;dari
blkng;belakang
udah;sudah
nyindir;menyindir
ama;sama
tp;tapi
aja;saja
ama;sama
s;si
pd;pada
kcewa;kecewa
lucuk;lucu
jd;jadi
gk;tidak
gak;tidak
mnusuk;menusuk
dri;dari
blkang;belakang
tp;tapi
emang;memang
lgsg;langsung
jd;jadi
syp;siapa
yg;yang
muna;munafik
sukak;suka
ma;sama
skrg;sekarang
gak;tidak
gr2;gara-gara
nembak;menembak
dri;dari
blkng;belakang
aja;saja
yg;yang
trmanis;termanis
y;ya
krng;kurang
mksh;terima kasih
nembak;menembak
kaciiaann;kasihan
uda;sudah
sok2an;sok-sokan
nyela;mencela
org;orang
sndiri;sendiri
bgt;banget
nyindir;menyindir
jgn;jangan
pake;pakai
gtu;begitu
keles;kali
lg;lagi
temen;teman
ga;tidak
bener;benar
belain;membela
inget;ingat
ngomong;mengomong
ngejilat;menjilat
ga;tidak
yaah;ya
gtu;begitu
yak;ya
gk;tidak
inget;ingat
yg;yang
sm;sama
gimana;bagaimana
jgn;jangan
donk;dong
ntar;entar
y;ya
sy;saya
bs;bisa
yg;yang
ny;nya
hallooo;halo
deketin;dekati
baget;banget
hy;hai
kk;kakak
km;kamu
hallooo;halo
tayik;tahi
ga;tidak
liat;lihat
halooo;halo
ustzah;ustazah
klo;kalau
halow;halo
jga;juga
yg;yang
mn;mana
poooolllll;pol
cantik2;cantik-cantik
tahannn;tahan
cuantik;cantik
bgt;banget
ga;tidak
bngt;banget
klo;kalau
liat;lihat
kmu;kamu
kyk;kayak
bgni;begini
aduhh;aduh
bangetttt;banget
jt;juta
yg;yang
ga;tidak
prlu;perlu
pke;pakai
aduuh;aduh
gak;tidak
tp;tapi
bs;bisa
cm;cuma
klo;kalau
jg;juga
utk;untuk
nyimpen;menyimpan
ngarsipin;mengarsipkan
emang;memang
cman;cuman
ehh;eh
nyaranin;menyarankan
pingin;pengin
parahh;parah
gituuuuu;begitu
ad;ada
bsa;bisa
kyy;kaya
gitu;begitu
y;ya
kk;kakak
kangenn;kangen
bangett;banget
kgn;kangen
bgtttt;banget
kangenn;kangen
yaa;ya
kngn;kangen
bgt;banget
yg;yang
dlu;dulu
kq;kok
skrg;sekarang
yg;yang
udh;sudah
bgt;banget
sma;sama
nyesek;menyesak
pngn;pengin
dlu;dulu
kangeen;kangen
liat;lihat
yg;yang
bkn;bukan
rinduuuuuuu;rindu
kangennnn;kangen
kangenn;kangen
b2;berdua
bgini;begini
lucuuu;lucu
bgt;banget
kangeeeennn;kangen
sm;sama
klian;kalian
mg;moga
bsok;besok
bgus;bagus
bs;bisa
jd;jadi
aamiiiiinnn;amin
gemezzzz;gemas
bgt;banget
mang;memang
ber2;berdua
kangennnnnn;kangen
kangennn;kangen
bgt;banget
klian;kalian
prh;parah
jg;juga
y;ya
bakattt;bakat
pinter;pintar
bgt;banget
bet;banget
napsuu;napsu
bgt;banget
lucuuu;lucu
gak;tidak
mauu;mau
gemesin;menggemaskan
gmau;tidak mau
luccu;lucu
ehh;eh
ngeselin;mengesalkan
prasaan;perasaan
gmna;bagaimana
gak;tidak
lahirr;lahir
karna;karena
aq;aku
aq;aku
kyknya;kayaknya
g;tidak
jelekin;menjelekkan
ngingetin;mengingatkan
klo;kalau
jd;jadi
yg;yang
ma;sama
setujuuuu;setuju
jd;jadi
sering2;sering-sering
tuk;untuk
org;orang
klo;kalau
org;orang
dlu;dulu
g;tidak
mantappp;mantap
bnr;benar
ceemen;cemen
bgtt;banget
ga;tidak
nyindir;menyindir
ngakak;mengakak
bc;baca
bener;benar
"sembunyi""""";sembunyi-sembunyi
dn;dan
yg;yang
dri;dari
yg;yang
utk;untuk
dri;dari
skrnh;sekarang
cerdiik;cerdik
jg;juga
jeniuss;jenius
sipp;sip
kurangin;kurangi
bener;benar
bangettt;banget
neh;nih
mkin;makin
aja;saja
k;kak
mkin;makin
kreen;keren
bsa;bisa
ank;anak
yah;ya
s'lalu;selalu
met;selamat
met;selamat
bingitt;banget
mauuuuuu;mau
gak;tidak
blh;boleh
mintk;minta
gk;tidak
kya;kaya
nyolong;mencolong
km;kamu
emg;memang
donk;dong
sllu;selalu
pnjng;panjang
psti;pasti
slaluuuuu;selalu
kanggggg;kang
smoga;semoga
smoga;semoga
d;di
rezeqinya;rezekinya
pintr;pintar
ank;anak
dekk;dek
aq;aku
maw;mau
ngakak;mengakak
njirr;anjir
jdi;jadi
kura2;kura-kura
jdi;jadi
edaaann;edan
gw;gue
nempel;menempel
yg;yang
udah;sudah
ga;tidak
bangettttt;banget
hatiiii;hati
sukkaa;suka
sukaa;suka
sukaaa;suka
sm;sama
luuuucuuu;lucu
caantiiik;cantik
lucuuu;lucu
kaka;kakak
dapetin;mendapatkan
prodak;produk
ga;tidak
trims;terima kasih
yah;ya
luucuuu;lucu
bngt;banget
ngambek;mengambek
lucuuu;lucu
cantikk;cantik
bgt;banget
cantikk;cantik
hnya;hanya
putihh;putih
yg;yang
lohh;loh
ga;tidak
yg;yang
ga;tidak
"terus""an";terus-terusan
sihh;sih
ntar;entar
nyesel;menyesal
lohh;loh
gemez;gemas
yah;ya
lutuna;lucunya
bnget;banget
bgt;banget
siiih;sih
gemes;gemas
yuu;yuk
gemes;gemas
ternyataa;ternyata
rekomendasiin;rekomendasikan
cantikk;cantik
pollll;pol
sekaliiii;sekali
yaaa;ya
ga;tidak
peduliin;mempedulikan
org;orang
komntr;komentar
aj;saja
mcm;macam
yg;yang
kk;kakak
hrus;harus
smngat;semangat
dosax;dosanya
pahalax;pahalanya
kk;kakak
yg;yang
sy;saya
dgn;dengan
kk;kakak
org;orang
d;di
akhirt;akhirat
krn;karena
lgsung;langsung
dr;dari
qt;kita
tinggalkn;tinggalkan
rumh;rumah
tnpa;tanpa
mk;maka
dosax;dosanya
ga;tidak
bs;bisa
trhtung;terhitung
lg;lagi
kk;kakak
cantikkkkk;cantik
bget;banget
tteh;teteh
naaaa;nya
ademmm;adem
lanjutin;lanjutkan
akuu;aku
sukaa;suka
bangett;banget
samaa;sama
kaka;kakak
udh;sudah
cerdass;cerdas
cantikk;cantik
lagii;lagi
pake;pakai
hijabb;hijab
tambahh;tambah
polll;pol
cantiknyaa;cantiknya
cantikk;cantik
kaa;kak
kaa;kak
didengerin;didengarkan
kaa;kak
dlu;dulu
mantapppppp;mantap
kl;kalau
blm;belum
bs;bisa
wktu;waktu
ngerespon;merespons
yg;yang
tehh;teh
diemin;diamkan
ahh;ah
yg;yang
dulurrr;dulur
tetehh;teteh
slalu;selalu
brusaha;berusaha
pahamin;memahami
klo;kalau
yg;yang
lebh;lebih
krna;karena
alloh;allah
smoga;semoga
slalu;selalu
aminn;amin
amin2;amin-amin
sm;sama
yg;yang
ksh;kasih
positippp;positif
hrs;harus
smg;semoga
yg;yang
qta;kita
utk;untuk
skrg;sekarang
yg;yang
jauuhhh;jauh
lbh;lebih
lg;lagi
semangatt;semangat
trs;terus
sneng;senang
liat;lihat
k';kak
brhjb;berhijab
mdh2n;mudah-mudahan
bsa;bisa
slmnya;salamnya
k';kak
amiiin;amin
jlbb;jilbab
dempga;semoga
selmnya;selamanya
pke;pakai
tth;teteh
aamiin;amin
otot2;otot-otot
dgn;dengan
lengkeeett;lengket
caaannnttiikkk;cantik
bgt;banget
pake;pakai
wahh;wah
kemaren;kemarin
kaaa;kak
sukaaaa;suka
bgt;banget
cantikkk;cantik
jgn;jangan
y;ya
tmbh;tambah
trusss;terus
kk;kakak
kk;kakak
gn;begini
sm;sama
ademm;adem
apalagiii;apalagi
passs;pas
beginii;begini
satuu;satu
udh;sudah
lahh;lah
cuantek;cantik
bgt;banget
akuuuur;akur
jd;jadi
sm;sama
kerennnn;keren
iniehh;ini
bangettt;banget
dehhh;deh
bgtu;begitu
sayangx;sayangnya
gk;tidak
jd;jadi
jodohx;jodohnya
bgmn;bagaimana
lg;lagi
kaliaan;kalian
sm2;sama-sama
haslnya;hasilnya
stlh;setelah
skrng;sekarang
ak;aku
kencng;kencang
jg;juga
kk;kakak
bgt;banget
trus;terus
sm;sama
kk;kakak
jgn;jangan
bundaa;bunda
klu;kalau
laki2;laki-laki
bgitu;begitu
msh;masih
jng;jangan
krn;karena
neh;nih
kluarga;keluarga
pmbantu;pembantu
yg;yang
y;ya
gg;tidak
nahan;menahan
emng;memang
smga;semoga
kmbl;kembali
ad;ada
kmbali;kembali
kpd;kepada
amiiiin;amin
bru;baru
cuchook;cocok
kloop;klop
sempurnaa;sempurna
sneng;senang
bnget;banget
inii;ini
klrga;keluarga
kyk;kayak
dlu;dulu
klihatan;kelihatan
cintax;cintanya
bgtu;begitu
ma;sama
pnuh;penuh
skrg;sekarang
g;tidak
ngrti;mengerti
lg;lagi
ap;apa
artix;artinya
smoga;semoga
lg;lagi
trlalu;terlalu
untk;untuk
"mudah""an";mudah-mudahan
dpt;dapat
yg;yang
lbh;lebih
"segala""ny";segala-galanya
dr;dari
mantanny;mantannya
yg;yang
y;ya
org;orang
pst;pasti
jodohny;jodohnya
org;orang
jg;juga
anak2nya;anak-anaknya
smoga;semoga
dpt;dapat
yg;yang
amiiin;amin
cocokkk;cocok
cantk;cantik
ituuu;itu
gak;tidak
nyesel;menyesal
seneng;senang
ngeliat;melihat
gk;tidak
tdk;tidak
gk;tidak
knpa;kenapa
kaasian;kasihan
smua;semua
dpt;dapat
laki2;laki-laki
tp;tapi
padhl;padahal
"ank""";anak-anak
d;di
pkrin;pikirkan
kn;kan
anakx;anaknya
yg;yang
jagain;menjaga
jngan;jangan
sia2kan;sia-siakan
klian;kalian
masi;masih
jdi;jadi
pgn;pengin
mauu;mau
wowww;wow
naaahhh;nah
km;kamu
blm;belum
beluumm;belum
sayangggq;sayangku
bsk;besok
woow;wow
kreean;keren
banger;banget
ciiieee;cie
cieee;cie
cieeee;cie
berenanh;berenang
yuuk;yuk
yukk;yuk
pacarr;pacar
kuu;ku
pen;pengin
bingitss;banget
besokkk;besok
anjirrrr;anjir
jdi;jadi
pcrn;pacaran
bngt;banget
gk;tidak
annnnjjjjjjrrrr;anjir
brp;berapa
dehh;deh
ngeliatin;melihati
org;orang
trmasuk;termasuk
anak2;anak-anak
trll;terlalu
ngumbar2;mengumbar-umbar
brdua;berdua
romantiss;romantis
bgt;banget
ciee;cie
cocook;cocok
syg;sayang
lucuuuuuuuu;lucu
yank;sayang
lucuuuuu;lucu
kaaaaaann;kan
nyaaaaaaa;nya
lgs;langsung
yaang;yang
ga;tidak
ngeluarin;mengeluarkan
lagiiii;lagi
bangedt;banget
bgt;banget
dahh;dah
njir;anjir
bgt;banget
gde;gede
bgt;banget
gn;begini
lutunaaa;lucunya
bgt;banget
bikinnn;bikin
keee;ke
bungkuuussss;bungkus
bgt;banget
pngn;pengin
pnya;punya
kyk;kayak
lucux;lucunya
lucuu;lucu
gemes;gemas
lucuu;lucu
bntr;bentar
lg;lagi
jgn;jangan
bgt;banget
c;sih
gemesss;gemas
bangettt;banget
yaa;ya
buanyaaak;banyak
aaamiiinnn;amin
aamiin;amin
aaamiiin;amin
aamiin;amin
ntap;mantap
abgnyaah;abangnya
abg;abang
mungkiin;mungkin
akuhh;aku
amiin;amin
pastii;pasti
foto2;foto-foto
yukkk;yuk
bgt;banget
ngelihat;melihat
lbh;lebih
manteb;mantap
hiduupppp;hidup
org;orang
lucu2;lucu-lucu
yak;ya
tebel;tebal
bgt;banget
bkn;bukan
orng;orang
nganggepin;menanggapi
nganggepin;menanggapi
ttp;tetap
"mentang""";mentang-mentang
gk;tidak
ky;kaya
najiss;najis
ngarep;mengharap
lg;lagi
gw;gue
jgan;jangan
gw;gue
perjabatt;pejabat
yg;yang
baikk;baik
tp;tapi
org2;orang-orang
cm;cuma
knp;kenapa
makany;makanya
jngn;jangan
bangettt;banget
semngat;semangat
benneeeeeerr;benar
pede;percaya diri
males;malas
ama;sama
krjaan;pekerjaan
pnting;penting
jga;juga
bkan;bukan
kdng;kadang
kdang;kadang
knan;kanan
kdng;kadang
tdk;tidak
ginii;begini
ngaca;mengaca
ngerasa;merasa
ngeri2;ngeri-ngeri
"mentang""";mentang-mentang
anak'y;anaknya
udh;sudah
trknal;terkenal
ajah;saja
gak;tidak
"gtu""";begitu-gitu
klok;kalau
org;orang
yg;yang
yaa;ya
aamiiiinnnnn;amin
iyaa;iya
kerenn;keren
nnti;nanti
kmu;kamu
kek;kayak
gtu;begitu
jg;juga
brpa;berapa
ky;kaya
kmren;kemarin
bgt;banget
jg;juga
ksh;kasih
kerenn;keren
kannn;kan
pengennnn;pengin
kann;kan
iyaa;iya
kerenn;keren
pengen;pengin
tp;tapi
dlu;dulu
bgt;banget
sama2;sama-sama
emg;memang
guw;gue
jd;jadi
ccok;cocok
ihh;ih
sbnrny;sebenarnya
lbh;lebih
jugaaa;juga
iyaaa;iya
pdhal;padahal
bgt;banget
pdhal;padahal
jd;jadi
gituh;begitu
bgt;banget
bgt;banget
yaaa;ya
bngett;banget
g;tidak
stuju;setuju
dpt;dapat
bgt;banget
kl;kalau
jd;jadi
bgt;banget
sma;sama
gk;tidak
siiiiiiippppppppp;sip
selaloe;selalu
mauuuu;mau
donggg;dong
bgt;banget
beruntungnyaaaa;beruntungnya
inii;ini
dr;dari
dlu;dulu
klo;kalau
sma;sama
bngtttt;banget
bngtttt;banget
soal'y;soalnya
smga;semoga
trs;terus
y;ya
bgt;banget
udh;sudah
prhatian;perhatian
jd;jadi
pulak;pula
hebaat;hebat
lahh;lah
bgt;banget
ma;sama
inih;ini
ampunn;ampun
gueeeee;gue
mbk;mbak
bnget;banget
sma;sama
ngiri;mengiri
liatt;lihat
gehh;gih
ankknyaaa;anaknya
bgt;banget
udah;sudah
liat;lihat
bgt;banget
bgt;banget
ma;sama
syg;sayang
centilnyaaaaaa;centilnya
gemesshzzzzhzzhzhzhsjssjs;gemas
bgtt;banget
ngacaaa;mengaca
diaaa;dia
gemes;gemas
bgt;banget
jd;jadi
pngn;pengin
ktmu;ketemu
bgt;banget
jirr;anjir
bgt;banget
dahh;dah
kayaa;kaya
gt;begitu
yaaa;ya
cempreeng;cempreng
centillll;centil
pcran;pacaran
bnget;banget
bgt;banget
ama;sama
bgt;banget
jugak;juga
jg;juga
dlu;dulu
pengen;pengin
mantep;mantap
anedh;banget
ampyunnnn;ampun
boro2;boro-boro
emg;memang
bkn;bukan
tp;tapi
suka2;suka-suka
emg;memang
nyta;nyata
kampungn;kampungan
lg;lagi
bru;baru
jd;jadi
j;saja
dh;dah
gt;begitu
mna;mana
jgn;jangan
pkai;pakai
klw;kalau
mnghina;menghina
org;orang
dri;dari
ngolokin;mengolok
org;orang
ngurusin;mengurus
blum;belum
bener;benar
ngurusin;mengurusi
"syirik""";syirik-syirik
bener;benar
bng;bang
ud;sudah
gk;tidak
than;tahan
lg;lagi
dsr;dasar
siriik;sirik
ituu;itu
mampuuu;mampu
org;orang
mo;mau
lbh;lebih
klo;kalau
aq;aku
yg;yang
km;kamu
khan;kan
q;ku
slalu;selalu
km;kamu
dgn;dengan
q;ku
jd;jadi
pngen;pengin
ky;kaya
aduuhh;aduh
cemburuu;cemburu
k;ke
aq;aku
bangettt;banget
cucok;cocok
bingitzzzz;banget
ngarep;mengharap
bget;banget
tlog;tolong
jga;juga
apasihhh;apasih
pda;pada
sirikk;sirik
sma;sama
smpe;sampai
gk;tidak
kalii;kali
kaliann;kalian
dbnding;dibanding
sma;sama
nrka;neraka
pda;pada
ngurusin;mengurusi
org;orang
s3ndiri;sendiri
jgn;jangan
dngerin;mendengarkan
yg;yang
pnting;penting
ttep;tetap
smangat;semangat
ortu;orang tua
kk;kakak
yg;yang
bnyk;banyak
bhgiain;membahagiakan
kdua;kedua
org;orang
kk;kakak
mreka;mereka
gk;tidak
pd;pada
gimana;bagaimana
jd;jadi
kk;kakak
yg;yang
skrg;sekarang
mreka;mereka
hnya;hanya
sm;sama
yg;yang
udh;sudah
d;di
sm;sama
kk;kakak
pdhal;padahal
udh;sudah
aja;saja
sma;sama
bgt;banget
kk;kakak
bgt;banget
klo;kalau
sma;sama
k;kak
prcya;percaya
k;kak
bgt;banget
sma;sama
org;orang
liat;lihat
kk;kakak
bkln;bakalan
bhagaia;bahagia
lhir;lahir
sma;sama
cuco;cocok
bngt;banget
bgt;banget
usahh;usah
genittt;genit
yahh;ya
kx;kak
mlikk;milik
kasian;kasihan
k;kak
"mentah""";mentah-mentah
kata2;kata-kata
blm;belum
ga;tidak
ngurusin;mengurusi
idup;hidup
org;orang
aja;saja
gimana;bagaimana
emg;memang
engga;tidak
canci;cantik
aneed;banget
make;memakai
gimanaa;bagaimana
cantikkk;cantik
gimna;bagaimana
jdi;jadi
gitu;begitu
ngikutin;mengikuti
gak;tidak
yah;ya
lainnn;lain
pentingg;penting
pake;pakai
yg;yang
gmn;bagaimana
kenalin;memperkenalkan
kk;kakak
make;memakai
bgd;banget
cans;cantik
pake;pakai
bagaimanaaa;bagaimana
krudung;kerudung
gimana;bagaimana
bangeet;banget
cans;cantik
bgt;banget
canci;cantik
bangett;banget
enakkkkk;enak
poool;pol
woow;wow
jirrrr;anjir
gni;begini
bat;banget
liat;lihat
yg;yang
oprasiya;operasinya
gak;tidak
emg;memang
mksh;terima kasih
yaa;ya
ma;sama
uwee;gue
mh;mah
dak;indak
pilihannny;pilihannya
itumahh;itumah
muuuu;mu
yuuk;yuk
uuhhh;uh
gw;gue
doank;doang
ma;sama
idung;hidung
ma;sama
bnyak;banyak
kk;kakak
berbakiti;berbakti
tetep;tetap
tehh;teh
alhamd;alhamdulillah
tebel;tebal
yaaa;ya
jd;jadi
ortu;orang tua
amiien;amien
udh;sudah
makasi;terima kasih
slmttt;selamat
kk;kakak
ucapin;mengucapkan
krn;karena
hbs;habis
tetp;tetap
yaa;ya
ditengah2;ditengah-tengah
semuanyaa;semuanya
donk;dong
mbk;mbak
idung;hidung
kya;kaya
smoga;semoga
yg;yang
semuannyaaa;semuanya
aminn2;amin-amin
aamiin;amin
kpn;kapan
ngareppppp;mengharap
tp;tapi
abs;habis
bnr2;benar-benar
kebnyak'an;kebanyakan
org;orang
abs;habis
melahirin;melahirkan
hbis;habis
ngeluarin;mengeluarkan
sma;sama
kmu;kamu
dlu;dulu
ngga;tidak
hdup;hidup
kaa;kak
pengen;pengin
mantapp;mantap
tetep;tetap
sempet;sempat
pake;pakai
aduuuh;aduh
cakeep;cakep
lucuu;lucu
ajaa;saja
tetep;tetap
cantiiikk;cantik
nyaaaa;nya
tu;itu
lhooo;loh
gituuu;begitu
emg;memang
kamuuuu;kamu
jg;juga
cm;cuma
ga;tidak
bagi2;bagi-bagi
donk;dong
mb;mbak
rempong;repot
kasi;kasih
dg;dengan
waah;wah
sdh;sudah
skrg;sekarang
klo;kalau
psti;pasti
kerass;keras
gimn;bagaimana
kk;kakak
kasi;kasih
donk;dong
bs;bisa
kk;kakak
donk;dong
kren;keren
neh;nih
smogaaa;semoga
biza;bisa
sperti;seperti
kk;kakak
aamien;amien
lngsing;langsing
org;orang
yg;yang
ngmg;mengomong
uda;sudah
ga;tidak
pake;pakai
emang;memang
jg;juga
ttep;tetap
wowoooww;wow
trun;turun
ky;kaya
k;kak
aq;aku
dr;dari
smnjak;semenjak
blom;belum
k;ke
smulla;semula
pdhall;padahal
blln;bulan
masi;masih
gile;gila
gw;gue
kl;kalau
sich;sih
pgn;pengin
senang2;senang-senang
jh;saja
seh;sih
nggak;tidak
kereeennnn;keren
donk;dong
bln;bulan
gmn;bagaimana
gilakkk;gila
gtu2;begitu-gitu
sehh;sih
kakk;kak
ajah;saja
cpet;cepat
bnget;banget
aq;aku
uda;sudah
nyobain;mencoba
dlm;dalam
wktu;waktu
hr;hari
gatau;tidak tau
gataunya;tidak taunya
gtau;tidak tau
gatau;tidak tau
fans2;fan-fan
gaharus;tidak harus
ketemuin;ketemu
diketemuin;ketemu
bangst;bangsat
feb;februari
pavorit;favorit
nya;ya
lu;kamu
bang;abang
kaka;kakak
